[2026-01-14 01:02:59] production.ERROR: SQLSTATE[HY000] [1045] Access denied for user 'sql_staging_gpds'@'localhost' (using password: YES) (Connection: mysql, SQL: select exists (select 1 from information_schema.tables where table_schema = 'sql_staging_gpds' and table_name = 'migrations' and table_type in ('BASE TABLE', 'SYSTEM VERSIONED')) as `exists`) {"exception":"[object] (Illuminate\\Database\\QueryException(code: 1045): SQLSTATE[HY000] [1045] Access denied for user 'sql_staging_gpds'@'localhost' (using password: YES) (Connection: mysql, SQL: select exists (select 1 from information_schema.tables where table_schema = 'sql_staging_gpds' and table_name = 'migrations' and table_type in ('BASE TABLE', 'SYSTEM VERSIONED')) as `exists`) at /var/www/gpdsgame/vendor/laravel/framework/src/Illuminate/Database/Connection.php:825)
[stacktrace]
#0 /var/www/gpdsgame/vendor/laravel/framework/src/Illuminate/Database/Connection.php(779): Illuminate\\Database\\Connection->runQueryCallback()
#1 /var/www/gpdsgame/vendor/laravel/framework/src/Illuminate/Database/Connection.php(398): Illuminate\\Database\\Connection->run()
#2 /var/www/gpdsgame/vendor/laravel/framework/src/Illuminate/Database/Connection.php(344): Illuminate\\Database\\Connection->select()
#3 /var/www/gpdsgame/vendor/laravel/framework/src/Illuminate/Database/Connection.php(361): Illuminate\\Database\\Connection->selectOne()
#4 /var/www/gpdsgame/vendor/laravel/framework/src/Illuminate/Database/Schema/MySqlBuilder.php(45): Illuminate\\Database\\Connection->scalar()
#5 /var/www/gpdsgame/vendor/laravel/framework/src/Illuminate/Database/Migrations/DatabaseMigrationRepository.php(184): Illuminate\\Database\\Schema\\MySqlBuilder->hasTable()
#6 /var/www/gpdsgame/vendor/laravel/framework/src/Illuminate/Database/Migrations/Migrator.php(742): Illuminate\\Database\\Migrations\\DatabaseMigrationRepository->repositoryExists()
#7 /var/www/gpdsgame/vendor/laravel/framework/src/Illuminate/Database/Console/Migrations/MigrateCommand.php(165): Illuminate\\Database\\Migrations\\Migrator->repositoryExists()
#8 /var/www/gpdsgame/vendor/laravel/framework/src/Illuminate/Support/helpers.php(338): Illuminate\\Database\\Console\\Migrations\\MigrateCommand->Illuminate\\Database\\Console\\Migrations\\{closure}()
#9 /var/www/gpdsgame/vendor/laravel/framework/src/Illuminate/Database/Console/Migrations/MigrateCommand.php(165): retry()
#10 /var/www/gpdsgame/vendor/laravel/framework/src/Illuminate/Database/Console/Migrations/MigrateCommand.php(141): Illuminate\\Database\\Console\\Migrations\\MigrateCommand->repositoryExists()
#11 /var/www/gpdsgame/vendor/laravel/framework/src/Illuminate/Database/Console/Migrations/MigrateCommand.php(111): Illuminate\\Database\\Console\\Migrations\\MigrateCommand->prepareDatabase()
#12 /var/www/gpdsgame/vendor/laravel/framework/src/Illuminate/Database/Migrations/Migrator.php(658): Illuminate\\Database\\Console\\Migrations\\MigrateCommand->Illuminate\\Database\\Console\\Migrations\\{closure}()
#13 /var/www/gpdsgame/vendor/laravel/framework/src/Illuminate/Database/Console/Migrations/MigrateCommand.php(110): Illuminate\\Database\\Migrations\\Migrator->usingConnection()
#14 /var/www/gpdsgame/vendor/laravel/framework/src/Illuminate/Database/Console/Migrations/MigrateCommand.php(89): Illuminate\\Database\\Console\\Migrations\\MigrateCommand->runMigrations()
#15 /var/www/gpdsgame/vendor/laravel/framework/src/Illuminate/Container/BoundMethod.php(36): Illuminate\\Database\\Console\\Migrations\\MigrateCommand->handle()
#16 /var/www/gpdsgame/vendor/laravel/framework/src/Illuminate/Container/Util.php(43): Illuminate\\Container\\BoundMethod::Illuminate\\Container\\{closure}()
#17 /var/www/gpdsgame/vendor/laravel/framework/src/Illuminate/Container/BoundMethod.php(95): Illuminate\\Container\\Util::unwrapIfClosure()
#18 /var/www/gpdsgame/vendor/laravel/framework/src/Illuminate/Container/BoundMethod.php(35): Illuminate\\Container\\BoundMethod::callBoundMethod()
#19 /var/www/gpdsgame/vendor/laravel/framework/src/Illuminate/Container/Container.php(696): Illuminate\\Container\\BoundMethod::call()
#20 /var/www/gpdsgame/vendor/laravel/framework/src/Illuminate/Console/Command.php(213): Illuminate\\Container\\Container->call()
#21 /var/www/gpdsgame/vendor/symfony/console/Command/Command.php(318): Illuminate\\Console\\Command->execute()
#22 /var/www/gpdsgame/vendor/laravel/framework/src/Illuminate/Console/Command.php(182): Symfony\\Component\\Console\\Command\\Command->run()
#23 /var/www/gpdsgame/vendor/symfony/console/Application.php(1073): Illuminate\\Console\\Command->run()
#24 /var/www/gpdsgame/vendor/symfony/console/Application.php(356): Symfony\\Component\\Console\\Application->doRunCommand()
#25 /var/www/gpdsgame/vendor/symfony/console/Application.php(195): Symfony\\Component\\Console\\Application->doRun()
#26 /var/www/gpdsgame/vendor/laravel/framework/src/Illuminate/Foundation/Console/Kernel.php(198): Symfony\\Component\\Console\\Application->run()
#27 /var/www/gpdsgame/vendor/laravel/framework/src/Illuminate/Foundation/Application.php(1235): Illuminate\\Foundation\\Console\\Kernel->handle()
#28 /var/www/gpdsgame/artisan(16): Illuminate\\Foundation\\Application->handleCommand()
#29 {main}

[previous exception] [object] (PDOException(code: 1045): SQLSTATE[HY000] [1045] Access denied for user 'sql_staging_gpds'@'localhost' (using password: YES) at /var/www/gpdsgame/vendor/laravel/framework/src/Illuminate/Database/Connectors/Connector.php:66)
[stacktrace]
#0 /var/www/gpdsgame/vendor/laravel/framework/src/Illuminate/Database/Connectors/Connector.php(66): PDO->__construct()
#1 /var/www/gpdsgame/vendor/laravel/framework/src/Illuminate/Database/Connectors/Connector.php(44): Illuminate\\Database\\Connectors\\Connector->createPdoConnection()
#2 /var/www/gpdsgame/vendor/laravel/framework/src/Illuminate/Database/Connectors/MySqlConnector.php(24): Illuminate\\Database\\Connectors\\Connector->createConnection()
#3 /var/www/gpdsgame/vendor/laravel/framework/src/Illuminate/Database/Connectors/ConnectionFactory.php(185): Illuminate\\Database\\Connectors\\MySqlConnector->connect()
#4 [internal function]: Illuminate\\Database\\Connectors\\ConnectionFactory->Illuminate\\Database\\Connectors\\{closure}()
#5 /var/www/gpdsgame/vendor/laravel/framework/src/Illuminate/Database/Connection.php(1231): call_user_func()
#6 /var/www/gpdsgame/vendor/laravel/framework/src/Illuminate/Database/Connection.php(1267): Illuminate\\Database\\Connection->getPdo()
#7 /var/www/gpdsgame/vendor/laravel/framework/src/Illuminate/Database/Connection.php(512): Illuminate\\Database\\Connection->getReadPdo()
#8 /var/www/gpdsgame/vendor/laravel/framework/src/Illuminate/Database/Connection.php(407): Illuminate\\Database\\Connection->getPdoForSelect()
#9 /var/www/gpdsgame/vendor/laravel/framework/src/Illuminate/Database/Connection.php(812): Illuminate\\Database\\Connection->Illuminate\\Database\\{closure}()
#10 /var/www/gpdsgame/vendor/laravel/framework/src/Illuminate/Database/Connection.php(779): Illuminate\\Database\\Connection->runQueryCallback()
#11 /var/www/gpdsgame/vendor/laravel/framework/src/Illuminate/Database/Connection.php(398): Illuminate\\Database\\Connection->run()
#12 /var/www/gpdsgame/vendor/laravel/framework/src/Illuminate/Database/Connection.php(344): Illuminate\\Database\\Connection->select()
#13 /var/www/gpdsgame/vendor/laravel/framework/src/Illuminate/Database/Connection.php(361): Illuminate\\Database\\Connection->selectOne()
#14 /var/www/gpdsgame/vendor/laravel/framework/src/Illuminate/Database/Schema/MySqlBuilder.php(45): Illuminate\\Database\\Connection->scalar()
#15 /var/www/gpdsgame/vendor/laravel/framework/src/Illuminate/Database/Migrations/DatabaseMigrationRepository.php(184): Illuminate\\Database\\Schema\\MySqlBuilder->hasTable()
#16 /var/www/gpdsgame/vendor/laravel/framework/src/Illuminate/Database/Migrations/Migrator.php(742): Illuminate\\Database\\Migrations\\DatabaseMigrationRepository->repositoryExists()
#17 /var/www/gpdsgame/vendor/laravel/framework/src/Illuminate/Database/Console/Migrations/MigrateCommand.php(165): Illuminate\\Database\\Migrations\\Migrator->repositoryExists()
#18 /var/www/gpdsgame/vendor/laravel/framework/src/Illuminate/Support/helpers.php(338): Illuminate\\Database\\Console\\Migrations\\MigrateCommand->Illuminate\\Database\\Console\\Migrations\\{closure}()
#19 /var/www/gpdsgame/vendor/laravel/framework/src/Illuminate/Database/Console/Migrations/MigrateCommand.php(165): retry()
#20 /var/www/gpdsgame/vendor/laravel/framework/src/Illuminate/Database/Console/Migrations/MigrateCommand.php(141): Illuminate\\Database\\Console\\Migrations\\MigrateCommand->repositoryExists()
#21 /var/www/gpdsgame/vendor/laravel/framework/src/Illuminate/Database/Console/Migrations/MigrateCommand.php(111): Illuminate\\Database\\Console\\Migrations\\MigrateCommand->prepareDatabase()
#22 /var/www/gpdsgame/vendor/laravel/framework/src/Illuminate/Database/Migrations/Migrator.php(658): Illuminate\\Database\\Console\\Migrations\\MigrateCommand->Illuminate\\Database\\Console\\Migrations\\{closure}()
#23 /var/www/gpdsgame/vendor/laravel/framework/src/Illuminate/Database/Console/Migrations/MigrateCommand.php(110): Illuminate\\Database\\Migrations\\Migrator->usingConnection()
#24 /var/www/gpdsgame/vendor/laravel/framework/src/Illuminate/Database/Console/Migrations/MigrateCommand.php(89): Illuminate\\Database\\Console\\Migrations\\MigrateCommand->runMigrations()
#25 /var/www/gpdsgame/vendor/laravel/framework/src/Illuminate/Container/BoundMethod.php(36): Illuminate\\Database\\Console\\Migrations\\MigrateCommand->handle()
#26 /var/www/gpdsgame/vendor/laravel/framework/src/Illuminate/Container/Util.php(43): Illuminate\\Container\\BoundMethod::Illuminate\\Container\\{closure}()
#27 /var/www/gpdsgame/vendor/laravel/framework/src/Illuminate/Container/BoundMethod.php(95): Illuminate\\Container\\Util::unwrapIfClosure()
#28 /var/www/gpdsgame/vendor/laravel/framework/src/Illuminate/Container/BoundMethod.php(35): Illuminate\\Container\\BoundMethod::callBoundMethod()
#29 /var/www/gpdsgame/vendor/laravel/framework/src/Illuminate/Container/Container.php(696): Illuminate\\Container\\BoundMethod::call()
#30 /var/www/gpdsgame/vendor/laravel/framework/src/Illuminate/Console/Command.php(213): Illuminate\\Container\\Container->call()
#31 /var/www/gpdsgame/vendor/symfony/console/Command/Command.php(318): Illuminate\\Console\\Command->execute()
#32 /var/www/gpdsgame/vendor/laravel/framework/src/Illuminate/Console/Command.php(182): Symfony\\Component\\Console\\Command\\Command->run()
#33 /var/www/gpdsgame/vendor/symfony/console/Application.php(1073): Illuminate\\Console\\Command->run()
#34 /var/www/gpdsgame/vendor/symfony/console/Application.php(356): Symfony\\Component\\Console\\Application->doRunCommand()
#35 /var/www/gpdsgame/vendor/symfony/console/Application.php(195): Symfony\\Component\\Console\\Application->doRun()
#36 /var/www/gpdsgame/vendor/laravel/framework/src/Illuminate/Foundation/Console/Kernel.php(198): Symfony\\Component\\Console\\Application->run()
#37 /var/www/gpdsgame/vendor/laravel/framework/src/Illuminate/Foundation/Application.php(1235): Illuminate\\Foundation\\Console\\Kernel->handle()
#38 /var/www/gpdsgame/artisan(16): Illuminate\\Foundation\\Application->handleCommand()
#39 {main}
"} 
[2026-01-15 22:35:16] production.ERROR: View [ecommerce.orders.index] not found. {"userId":3364,"exception":"[object] (InvalidArgumentException(code: 0): View [ecommerce.orders.index] not found. at /var/www/gpdsgame/vendor/laravel/framework/src/Illuminate/View/FileViewFinder.php:139)
[stacktrace]
#0 /var/www/gpdsgame/vendor/laravel/framework/src/Illuminate/View/FileViewFinder.php(79): Illuminate\\View\\FileViewFinder->findInPaths()
#1 /var/www/gpdsgame/vendor/laravel/framework/src/Illuminate/View/Factory.php(151): Illuminate\\View\\FileViewFinder->find()
#2 /var/www/gpdsgame/vendor/laravel/framework/src/Illuminate/Foundation/helpers.php(1062): Illuminate\\View\\Factory->make()
#3 /var/www/gpdsgame/app/Http/Controllers/EcommerceOrderController.php(36): view()
#4 /var/www/gpdsgame/vendor/laravel/framework/src/Illuminate/Routing/Controller.php(54): App\\Http\\Controllers\\EcommerceOrderController->index()
#5 /var/www/gpdsgame/vendor/laravel/framework/src/Illuminate/Routing/ControllerDispatcher.php(44): Illuminate\\Routing\\Controller->callAction()
#6 /var/www/gpdsgame/vendor/laravel/framework/src/Illuminate/Routing/Route.php(266): Illuminate\\Routing\\ControllerDispatcher->dispatch()
#7 /var/www/gpdsgame/vendor/laravel/framework/src/Illuminate/Routing/Route.php(212): Illuminate\\Routing\\Route->runController()
#8 /var/www/gpdsgame/vendor/laravel/framework/src/Illuminate/Routing/Router.php(808): Illuminate\\Routing\\Route->run()
#9 /var/www/gpdsgame/vendor/laravel/framework/src/Illuminate/Pipeline/Pipeline.php(170): Illuminate\\Routing\\Router->Illuminate\\Routing\\{closure}()
#10 /var/www/gpdsgame/vendor/spatie/laravel-permission/src/Middleware/PermissionMiddleware.php(37): Illuminate\\Pipeline\\Pipeline->Illuminate\\Pipeline\\{closure}()
#11 /var/www/gpdsgame/vendor/laravel/framework/src/Illuminate/Pipeline/Pipeline.php(209): Spatie\\Permission\\Middleware\\PermissionMiddleware->handle()
#12 /var/www/gpdsgame/app/Http/Middleware/EnsureNotCustomer.php(32): Illuminate\\Pipeline\\Pipeline->Illuminate\\Pipeline\\{closure}()
#13 /var/www/gpdsgame/vendor/laravel/framework/src/Illuminate/Pipeline/Pipeline.php(209): App\\Http\\Middleware\\EnsureNotCustomer->handle()
#14 /var/www/gpdsgame/vendor/laravel/framework/src/Illuminate/Routing/Middleware/SubstituteBindings.php(51): Illuminate\\Pipeline\\Pipeline->Illuminate\\Pipeline\\{closure}()
#15 /var/www/gpdsgame/vendor/laravel/framework/src/Illuminate/Pipeline/Pipeline.php(209): Illuminate\\Routing\\Middleware\\SubstituteBindings->handle()
#16 /var/www/gpdsgame/vendor/laravel/framework/src/Illuminate/Auth/Middleware/Authenticate.php(64): Illuminate\\Pipeline\\Pipeline->Illuminate\\Pipeline\\{closure}()
#17 /var/www/gpdsgame/vendor/laravel/framework/src/Illuminate/Pipeline/Pipeline.php(209): Illuminate\\Auth\\Middleware\\Authenticate->handle()
#18 /var/www/gpdsgame/vendor/laravel/framework/src/Illuminate/Foundation/Http/Middleware/VerifyCsrfToken.php(88): Illuminate\\Pipeline\\Pipeline->Illuminate\\Pipeline\\{closure}()
#19 /var/www/gpdsgame/vendor/laravel/framework/src/Illuminate/Pipeline/Pipeline.php(209): Illuminate\\Foundation\\Http\\Middleware\\VerifyCsrfToken->handle()
#20 /var/www/gpdsgame/vendor/laravel/framework/src/Illuminate/View/Middleware/ShareErrorsFromSession.php(49): Illuminate\\Pipeline\\Pipeline->Illuminate\\Pipeline\\{closure}()
#21 /var/www/gpdsgame/vendor/laravel/framework/src/Illuminate/Pipeline/Pipeline.php(209): Illuminate\\View\\Middleware\\ShareErrorsFromSession->handle()
#22 /var/www/gpdsgame/vendor/laravel/framework/src/Illuminate/Session/Middleware/StartSession.php(121): Illuminate\\Pipeline\\Pipeline->Illuminate\\Pipeline\\{closure}()
#23 /var/www/gpdsgame/vendor/laravel/framework/src/Illuminate/Session/Middleware/StartSession.php(64): Illuminate\\Session\\Middleware\\StartSession->handleStatefulRequest()
#24 /var/www/gpdsgame/vendor/laravel/framework/src/Illuminate/Pipeline/Pipeline.php(209): Illuminate\\Session\\Middleware\\StartSession->handle()
#25 /var/www/gpdsgame/vendor/laravel/framework/src/Illuminate/Cookie/Middleware/AddQueuedCookiesToResponse.php(37): Illuminate\\Pipeline\\Pipeline->Illuminate\\Pipeline\\{closure}()
#26 /var/www/gpdsgame/vendor/laravel/framework/src/Illuminate/Pipeline/Pipeline.php(209): Illuminate\\Cookie\\Middleware\\AddQueuedCookiesToResponse->handle()
#27 /var/www/gpdsgame/vendor/laravel/framework/src/Illuminate/Cookie/Middleware/EncryptCookies.php(75): Illuminate\\Pipeline\\Pipeline->Illuminate\\Pipeline\\{closure}()
#28 /var/www/gpdsgame/vendor/laravel/framework/src/Illuminate/Pipeline/Pipeline.php(209): Illuminate\\Cookie\\Middleware\\EncryptCookies->handle()
#29 /var/www/gpdsgame/vendor/laravel/framework/src/Illuminate/Pipeline/Pipeline.php(127): Illuminate\\Pipeline\\Pipeline->Illuminate\\Pipeline\\{closure}()
#30 /var/www/gpdsgame/vendor/laravel/framework/src/Illuminate/Routing/Router.php(807): Illuminate\\Pipeline\\Pipeline->then()
#31 /var/www/gpdsgame/vendor/laravel/framework/src/Illuminate/Routing/Router.php(786): Illuminate\\Routing\\Router->runRouteWithinStack()
#32 /var/www/gpdsgame/vendor/laravel/framework/src/Illuminate/Routing/Router.php(750): Illuminate\\Routing\\Router->runRoute()
#33 /var/www/gpdsgame/vendor/laravel/framework/src/Illuminate/Routing/Router.php(739): Illuminate\\Routing\\Router->dispatchToRoute()
#34 /var/www/gpdsgame/vendor/laravel/framework/src/Illuminate/Foundation/Http/Kernel.php(201): Illuminate\\Routing\\Router->dispatch()
#35 /var/www/gpdsgame/vendor/laravel/framework/src/Illuminate/Pipeline/Pipeline.php(170): Illuminate\\Foundation\\Http\\Kernel->Illuminate\\Foundation\\Http\\{closure}()
#36 /var/www/gpdsgame/vendor/laravel/framework/src/Illuminate/Foundation/Http/Middleware/TransformsRequest.php(21): Illuminate\\Pipeline\\Pipeline->Illuminate\\Pipeline\\{closure}()
#37 /var/www/gpdsgame/vendor/laravel/framework/src/Illuminate/Foundation/Http/Middleware/ConvertEmptyStringsToNull.php(31): Illuminate\\Foundation\\Http\\Middleware\\TransformsRequest->handle()
#38 /var/www/gpdsgame/vendor/laravel/framework/src/Illuminate/Pipeline/Pipeline.php(209): Illuminate\\Foundation\\Http\\Middleware\\ConvertEmptyStringsToNull->handle()
#39 /var/www/gpdsgame/vendor/laravel/framework/src/Illuminate/Foundation/Http/Middleware/TransformsRequest.php(21): Illuminate\\Pipeline\\Pipeline->Illuminate\\Pipeline\\{closure}()
#40 /var/www/gpdsgame/vendor/laravel/framework/src/Illuminate/Foundation/Http/Middleware/TrimStrings.php(51): Illuminate\\Foundation\\Http\\Middleware\\TransformsRequest->handle()
#41 /var/www/gpdsgame/vendor/laravel/framework/src/Illuminate/Pipeline/Pipeline.php(209): Illuminate\\Foundation\\Http\\Middleware\\TrimStrings->handle()
#42 /var/www/gpdsgame/vendor/laravel/framework/src/Illuminate/Http/Middleware/ValidatePostSize.php(27): Illuminate\\Pipeline\\Pipeline->Illuminate\\Pipeline\\{closure}()
#43 /var/www/gpdsgame/vendor/laravel/framework/src/Illuminate/Pipeline/Pipeline.php(209): Illuminate\\Http\\Middleware\\ValidatePostSize->handle()
#44 /var/www/gpdsgame/vendor/laravel/framework/src/Illuminate/Foundation/Http/Middleware/PreventRequestsDuringMaintenance.php(110): Illuminate\\Pipeline\\Pipeline->Illuminate\\Pipeline\\{closure}()
#45 /var/www/gpdsgame/vendor/laravel/framework/src/Illuminate/Pipeline/Pipeline.php(209): Illuminate\\Foundation\\Http\\Middleware\\PreventRequestsDuringMaintenance->handle()
#46 /var/www/gpdsgame/vendor/laravel/framework/src/Illuminate/Http/Middleware/HandleCors.php(49): Illuminate\\Pipeline\\Pipeline->Illuminate\\Pipeline\\{closure}()
#47 /var/www/gpdsgame/vendor/laravel/framework/src/Illuminate/Pipeline/Pipeline.php(209): Illuminate\\Http\\Middleware\\HandleCors->handle()
#48 /var/www/gpdsgame/vendor/laravel/framework/src/Illuminate/Http/Middleware/TrustProxies.php(58): Illuminate\\Pipeline\\Pipeline->Illuminate\\Pipeline\\{closure}()
#49 /var/www/gpdsgame/vendor/laravel/framework/src/Illuminate/Pipeline/Pipeline.php(209): Illuminate\\Http\\Middleware\\TrustProxies->handle()
#50 /var/www/gpdsgame/vendor/laravel/framework/src/Illuminate/Foundation/Http/Middleware/InvokeDeferredCallbacks.php(22): Illuminate\\Pipeline\\Pipeline->Illuminate\\Pipeline\\{closure}()
#51 /var/www/gpdsgame/vendor/laravel/framework/src/Illuminate/Pipeline/Pipeline.php(209): Illuminate\\Foundation\\Http\\Middleware\\InvokeDeferredCallbacks->handle()
#52 /var/www/gpdsgame/app/Http/Middleware/CheckBanned.php(23): Illuminate\\Pipeline\\Pipeline->Illuminate\\Pipeline\\{closure}()
#53 /var/www/gpdsgame/vendor/laravel/framework/src/Illuminate/Pipeline/Pipeline.php(209): App\\Http\\Middleware\\CheckBanned->handle()
#54 /var/www/gpdsgame/app/Http/Middleware/CheckBannedIp.php(24): Illuminate\\Pipeline\\Pipeline->Illuminate\\Pipeline\\{closure}()
#55 /var/www/gpdsgame/vendor/laravel/framework/src/Illuminate/Pipeline/Pipeline.php(209): App\\Http\\Middleware\\CheckBannedIp->handle()
#56 /var/www/gpdsgame/vendor/laravel/framework/src/Illuminate/Pipeline/Pipeline.php(127): Illuminate\\Pipeline\\Pipeline->Illuminate\\Pipeline\\{closure}()
#57 /var/www/gpdsgame/vendor/laravel/framework/src/Illuminate/Foundation/Http/Kernel.php(176): Illuminate\\Pipeline\\Pipeline->then()
#58 /var/www/gpdsgame/vendor/laravel/framework/src/Illuminate/Foundation/Http/Kernel.php(145): Illuminate\\Foundation\\Http\\Kernel->sendRequestThroughRouter()
#59 /var/www/gpdsgame/public/index.php(57): Illuminate\\Foundation\\Http\\Kernel->handle()
#60 {main}
"} 
[2026-01-16 09:10:05] production.ERROR: SQLSTATE[42S22]: Column not found: 1054 Unknown column 'ecommerce_product_id' in 'ecommerce_product_variants' (Connection: mysql, SQL: alter table `ecommerce_product_variants` add `variant_option_id` bigint unsigned null after `ecommerce_product_id`) {"exception":"[object] (Illuminate\\Database\\QueryException(code: 42S22): SQLSTATE[42S22]: Column not found: 1054 Unknown column 'ecommerce_product_id' in 'ecommerce_product_variants' (Connection: mysql, SQL: alter table `ecommerce_product_variants` add `variant_option_id` bigint unsigned null after `ecommerce_product_id`) at /var/www/gpdsgame/vendor/laravel/framework/src/Illuminate/Database/Connection.php:825)
[stacktrace]
#0 /var/www/gpdsgame/vendor/laravel/framework/src/Illuminate/Database/Connection.php(779): Illuminate\\Database\\Connection->runQueryCallback()
#1 /var/www/gpdsgame/vendor/laravel/framework/src/Illuminate/Database/Connection.php(560): Illuminate\\Database\\Connection->run()
#2 /var/www/gpdsgame/vendor/laravel/framework/src/Illuminate/Database/Schema/Blueprint.php(118): Illuminate\\Database\\Connection->statement()
#3 /var/www/gpdsgame/vendor/laravel/framework/src/Illuminate/Database/Schema/Builder.php(564): Illuminate\\Database\\Schema\\Blueprint->build()
#4 /var/www/gpdsgame/vendor/laravel/framework/src/Illuminate/Database/Schema/Builder.php(406): Illuminate\\Database\\Schema\\Builder->build()
#5 /var/www/gpdsgame/vendor/laravel/framework/src/Illuminate/Support/Facades/Facade.php(361): Illuminate\\Database\\Schema\\Builder->table()
#6 /var/www/gpdsgame/database/migrations/2026_01_16_120000_create_ecommerce_variant_options_table.php(24): Illuminate\\Support\\Facades\\Facade::__callStatic()
#7 /var/www/gpdsgame/vendor/laravel/framework/src/Illuminate/Database/Migrations/Migrator.php(507): Illuminate\\Database\\Migrations\\Migration@anonymous->up()
#8 /var/www/gpdsgame/vendor/laravel/framework/src/Illuminate/Database/Migrations/Migrator.php(432): Illuminate\\Database\\Migrations\\Migrator->runMethod()
#9 /var/www/gpdsgame/vendor/laravel/framework/src/Illuminate/Database/Migrations/Migrator.php(441): Illuminate\\Database\\Migrations\\Migrator->Illuminate\\Database\\Migrations\\{closure}()
#10 /var/www/gpdsgame/vendor/laravel/framework/src/Illuminate/Database/Migrations/Migrator.php(244): Illuminate\\Database\\Migrations\\Migrator->runMigration()
#11 /var/www/gpdsgame/vendor/laravel/framework/src/Illuminate/Console/View/Components/Task.php(40): Illuminate\\Database\\Migrations\\Migrator->Illuminate\\Database\\Migrations\\{closure}()
#12 /var/www/gpdsgame/vendor/laravel/framework/src/Illuminate/Database/Migrations/Migrator.php(798): Illuminate\\Console\\View\\Components\\Task->render()
#13 /var/www/gpdsgame/vendor/laravel/framework/src/Illuminate/Database/Migrations/Migrator.php(244): Illuminate\\Database\\Migrations\\Migrator->write()
#14 /var/www/gpdsgame/vendor/laravel/framework/src/Illuminate/Database/Migrations/Migrator.php(211): Illuminate\\Database\\Migrations\\Migrator->runUp()
#15 /var/www/gpdsgame/vendor/laravel/framework/src/Illuminate/Database/Migrations/Migrator.php(138): Illuminate\\Database\\Migrations\\Migrator->runPending()
#16 /var/www/gpdsgame/vendor/laravel/framework/src/Illuminate/Database/Console/Migrations/MigrateCommand.php(117): Illuminate\\Database\\Migrations\\Migrator->run()
#17 /var/www/gpdsgame/vendor/laravel/framework/src/Illuminate/Database/Migrations/Migrator.php(658): Illuminate\\Database\\Console\\Migrations\\MigrateCommand->Illuminate\\Database\\Console\\Migrations\\{closure}()
#18 /var/www/gpdsgame/vendor/laravel/framework/src/Illuminate/Database/Console/Migrations/MigrateCommand.php(110): Illuminate\\Database\\Migrations\\Migrator->usingConnection()
#19 /var/www/gpdsgame/vendor/laravel/framework/src/Illuminate/Database/Console/Migrations/MigrateCommand.php(89): Illuminate\\Database\\Console\\Migrations\\MigrateCommand->runMigrations()
#20 /var/www/gpdsgame/vendor/laravel/framework/src/Illuminate/Container/BoundMethod.php(36): Illuminate\\Database\\Console\\Migrations\\MigrateCommand->handle()
#21 /var/www/gpdsgame/vendor/laravel/framework/src/Illuminate/Container/Util.php(43): Illuminate\\Container\\BoundMethod::Illuminate\\Container\\{closure}()
#22 /var/www/gpdsgame/vendor/laravel/framework/src/Illuminate/Container/BoundMethod.php(95): Illuminate\\Container\\Util::unwrapIfClosure()
#23 /var/www/gpdsgame/vendor/laravel/framework/src/Illuminate/Container/BoundMethod.php(35): Illuminate\\Container\\BoundMethod::callBoundMethod()
#24 /var/www/gpdsgame/vendor/laravel/framework/src/Illuminate/Container/Container.php(696): Illuminate\\Container\\BoundMethod::call()
#25 /var/www/gpdsgame/vendor/laravel/framework/src/Illuminate/Console/Command.php(213): Illuminate\\Container\\Container->call()
#26 /var/www/gpdsgame/vendor/symfony/console/Command/Command.php(318): Illuminate\\Console\\Command->execute()
#27 /var/www/gpdsgame/vendor/laravel/framework/src/Illuminate/Console/Command.php(182): Symfony\\Component\\Console\\Command\\Command->run()
#28 /var/www/gpdsgame/vendor/symfony/console/Application.php(1073): Illuminate\\Console\\Command->run()
#29 /var/www/gpdsgame/vendor/symfony/console/Application.php(356): Symfony\\Component\\Console\\Application->doRunCommand()
#30 /var/www/gpdsgame/vendor/symfony/console/Application.php(195): Symfony\\Component\\Console\\Application->doRun()
#31 /var/www/gpdsgame/vendor/laravel/framework/src/Illuminate/Foundation/Console/Kernel.php(198): Symfony\\Component\\Console\\Application->run()
#32 /var/www/gpdsgame/vendor/laravel/framework/src/Illuminate/Foundation/Application.php(1235): Illuminate\\Foundation\\Console\\Kernel->handle()
#33 /var/www/gpdsgame/artisan(16): Illuminate\\Foundation\\Application->handleCommand()
#34 {main}

[previous exception] [object] (PDOException(code: 42S22): SQLSTATE[42S22]: Column not found: 1054 Unknown column 'ecommerce_product_id' in 'ecommerce_product_variants' at /var/www/gpdsgame/vendor/laravel/framework/src/Illuminate/Database/Connection.php:571)
[stacktrace]
#0 /var/www/gpdsgame/vendor/laravel/framework/src/Illuminate/Database/Connection.php(571): PDOStatement->execute()
#1 /var/www/gpdsgame/vendor/laravel/framework/src/Illuminate/Database/Connection.php(812): Illuminate\\Database\\Connection->Illuminate\\Database\\{closure}()
#2 /var/www/gpdsgame/vendor/laravel/framework/src/Illuminate/Database/Connection.php(779): Illuminate\\Database\\Connection->runQueryCallback()
#3 /var/www/gpdsgame/vendor/laravel/framework/src/Illuminate/Database/Connection.php(560): Illuminate\\Database\\Connection->run()
#4 /var/www/gpdsgame/vendor/laravel/framework/src/Illuminate/Database/Schema/Blueprint.php(118): Illuminate\\Database\\Connection->statement()
#5 /var/www/gpdsgame/vendor/laravel/framework/src/Illuminate/Database/Schema/Builder.php(564): Illuminate\\Database\\Schema\\Blueprint->build()
#6 /var/www/gpdsgame/vendor/laravel/framework/src/Illuminate/Database/Schema/Builder.php(406): Illuminate\\Database\\Schema\\Builder->build()
#7 /var/www/gpdsgame/vendor/laravel/framework/src/Illuminate/Support/Facades/Facade.php(361): Illuminate\\Database\\Schema\\Builder->table()
#8 /var/www/gpdsgame/database/migrations/2026_01_16_120000_create_ecommerce_variant_options_table.php(24): Illuminate\\Support\\Facades\\Facade::__callStatic()
#9 /var/www/gpdsgame/vendor/laravel/framework/src/Illuminate/Database/Migrations/Migrator.php(507): Illuminate\\Database\\Migrations\\Migration@anonymous->up()
#10 /var/www/gpdsgame/vendor/laravel/framework/src/Illuminate/Database/Migrations/Migrator.php(432): Illuminate\\Database\\Migrations\\Migrator->runMethod()
#11 /var/www/gpdsgame/vendor/laravel/framework/src/Illuminate/Database/Migrations/Migrator.php(441): Illuminate\\Database\\Migrations\\Migrator->Illuminate\\Database\\Migrations\\{closure}()
#12 /var/www/gpdsgame/vendor/laravel/framework/src/Illuminate/Database/Migrations/Migrator.php(244): Illuminate\\Database\\Migrations\\Migrator->runMigration()
#13 /var/www/gpdsgame/vendor/laravel/framework/src/Illuminate/Console/View/Components/Task.php(40): Illuminate\\Database\\Migrations\\Migrator->Illuminate\\Database\\Migrations\\{closure}()
#14 /var/www/gpdsgame/vendor/laravel/framework/src/Illuminate/Database/Migrations/Migrator.php(798): Illuminate\\Console\\View\\Components\\Task->render()
#15 /var/www/gpdsgame/vendor/laravel/framework/src/Illuminate/Database/Migrations/Migrator.php(244): Illuminate\\Database\\Migrations\\Migrator->write()
#16 /var/www/gpdsgame/vendor/laravel/framework/src/Illuminate/Database/Migrations/Migrator.php(211): Illuminate\\Database\\Migrations\\Migrator->runUp()
#17 /var/www/gpdsgame/vendor/laravel/framework/src/Illuminate/Database/Migrations/Migrator.php(138): Illuminate\\Database\\Migrations\\Migrator->runPending()
#18 /var/www/gpdsgame/vendor/laravel/framework/src/Illuminate/Database/Console/Migrations/MigrateCommand.php(117): Illuminate\\Database\\Migrations\\Migrator->run()
#19 /var/www/gpdsgame/vendor/laravel/framework/src/Illuminate/Database/Migrations/Migrator.php(658): Illuminate\\Database\\Console\\Migrations\\MigrateCommand->Illuminate\\Database\\Console\\Migrations\\{closure}()
#20 /var/www/gpdsgame/vendor/laravel/framework/src/Illuminate/Database/Console/Migrations/MigrateCommand.php(110): Illuminate\\Database\\Migrations\\Migrator->usingConnection()
#21 /var/www/gpdsgame/vendor/laravel/framework/src/Illuminate/Database/Console/Migrations/MigrateCommand.php(89): Illuminate\\Database\\Console\\Migrations\\MigrateCommand->runMigrations()
#22 /var/www/gpdsgame/vendor/laravel/framework/src/Illuminate/Container/BoundMethod.php(36): Illuminate\\Database\\Console\\Migrations\\MigrateCommand->handle()
#23 /var/www/gpdsgame/vendor/laravel/framework/src/Illuminate/Container/Util.php(43): Illuminate\\Container\\BoundMethod::Illuminate\\Container\\{closure}()
#24 /var/www/gpdsgame/vendor/laravel/framework/src/Illuminate/Container/BoundMethod.php(95): Illuminate\\Container\\Util::unwrapIfClosure()
#25 /var/www/gpdsgame/vendor/laravel/framework/src/Illuminate/Container/BoundMethod.php(35): Illuminate\\Container\\BoundMethod::callBoundMethod()
#26 /var/www/gpdsgame/vendor/laravel/framework/src/Illuminate/Container/Container.php(696): Illuminate\\Container\\BoundMethod::call()
#27 /var/www/gpdsgame/vendor/laravel/framework/src/Illuminate/Console/Command.php(213): Illuminate\\Container\\Container->call()
#28 /var/www/gpdsgame/vendor/symfony/console/Command/Command.php(318): Illuminate\\Console\\Command->execute()
#29 /var/www/gpdsgame/vendor/laravel/framework/src/Illuminate/Console/Command.php(182): Symfony\\Component\\Console\\Command\\Command->run()
#30 /var/www/gpdsgame/vendor/symfony/console/Application.php(1073): Illuminate\\Console\\Command->run()
#31 /var/www/gpdsgame/vendor/symfony/console/Application.php(356): Symfony\\Component\\Console\\Application->doRunCommand()
#32 /var/www/gpdsgame/vendor/symfony/console/Application.php(195): Symfony\\Component\\Console\\Application->doRun()
#33 /var/www/gpdsgame/vendor/laravel/framework/src/Illuminate/Foundation/Console/Kernel.php(198): Symfony\\Component\\Console\\Application->run()
#34 /var/www/gpdsgame/vendor/laravel/framework/src/Illuminate/Foundation/Application.php(1235): Illuminate\\Foundation\\Console\\Kernel->handle()
#35 /var/www/gpdsgame/artisan(16): Illuminate\\Foundation\\Application->handleCommand()
#36 {main}
"} 
[2026-01-16 09:19:00] production.ERROR: Unclosed '[' on line 374 does not match ')' (View: /var/www/gpdsgame/resources/views/ecommerce/products/form.blade.php) {"userId":3364,"exception":"[object] (Illuminate\\View\\ViewException(code: 0): Unclosed '[' on line 374 does not match ')' (View: /var/www/gpdsgame/resources/views/ecommerce/products/form.blade.php) at /var/www/gpdsgame/storage/framework/views/dcbd2adc95091367420482226ec3e4ac.php:375)
[stacktrace]
#0 /var/www/gpdsgame/vendor/laravel/framework/src/Illuminate/View/Engines/PhpEngine.php(60): Illuminate\\View\\Engines\\CompilerEngine->handleViewException()
#1 /var/www/gpdsgame/vendor/laravel/framework/src/Illuminate/View/Engines/CompilerEngine.php(75): Illuminate\\View\\Engines\\PhpEngine->evaluatePath()
#2 /var/www/gpdsgame/vendor/laravel/framework/src/Illuminate/View/View.php(209): Illuminate\\View\\Engines\\CompilerEngine->get()
#3 /var/www/gpdsgame/vendor/laravel/framework/src/Illuminate/View/View.php(192): Illuminate\\View\\View->getContents()
#4 /var/www/gpdsgame/vendor/laravel/framework/src/Illuminate/View/View.php(161): Illuminate\\View\\View->renderContents()
#5 /var/www/gpdsgame/vendor/laravel/framework/src/Illuminate/Http/Response.php(79): Illuminate\\View\\View->render()
#6 /var/www/gpdsgame/vendor/laravel/framework/src/Illuminate/Http/Response.php(35): Illuminate\\Http\\Response->setContent()
#7 /var/www/gpdsgame/vendor/laravel/framework/src/Illuminate/Routing/Router.php(920): Illuminate\\Http\\Response->__construct()
#8 /var/www/gpdsgame/vendor/laravel/framework/src/Illuminate/Routing/Router.php(887): Illuminate\\Routing\\Router::toResponse()
#9 /var/www/gpdsgame/vendor/laravel/framework/src/Illuminate/Routing/Router.php(807): Illuminate\\Routing\\Router->prepareResponse()
#10 /var/www/gpdsgame/vendor/laravel/framework/src/Illuminate/Pipeline/Pipeline.php(170): Illuminate\\Routing\\Router->Illuminate\\Routing\\{closure}()
#11 /var/www/gpdsgame/vendor/spatie/laravel-permission/src/Middleware/PermissionMiddleware.php(37): Illuminate\\Pipeline\\Pipeline->Illuminate\\Pipeline\\{closure}()
#12 /var/www/gpdsgame/vendor/laravel/framework/src/Illuminate/Pipeline/Pipeline.php(209): Spatie\\Permission\\Middleware\\PermissionMiddleware->handle()
#13 /var/www/gpdsgame/app/Http/Middleware/EnsureNotCustomer.php(32): Illuminate\\Pipeline\\Pipeline->Illuminate\\Pipeline\\{closure}()
#14 /var/www/gpdsgame/vendor/laravel/framework/src/Illuminate/Pipeline/Pipeline.php(209): App\\Http\\Middleware\\EnsureNotCustomer->handle()
#15 /var/www/gpdsgame/vendor/laravel/framework/src/Illuminate/Routing/Middleware/SubstituteBindings.php(51): Illuminate\\Pipeline\\Pipeline->Illuminate\\Pipeline\\{closure}()
#16 /var/www/gpdsgame/vendor/laravel/framework/src/Illuminate/Pipeline/Pipeline.php(209): Illuminate\\Routing\\Middleware\\SubstituteBindings->handle()
#17 /var/www/gpdsgame/vendor/laravel/framework/src/Illuminate/Auth/Middleware/Authenticate.php(64): Illuminate\\Pipeline\\Pipeline->Illuminate\\Pipeline\\{closure}()
#18 /var/www/gpdsgame/vendor/laravel/framework/src/Illuminate/Pipeline/Pipeline.php(209): Illuminate\\Auth\\Middleware\\Authenticate->handle()
#19 /var/www/gpdsgame/vendor/laravel/framework/src/Illuminate/Foundation/Http/Middleware/VerifyCsrfToken.php(88): Illuminate\\Pipeline\\Pipeline->Illuminate\\Pipeline\\{closure}()
#20 /var/www/gpdsgame/vendor/laravel/framework/src/Illuminate/Pipeline/Pipeline.php(209): Illuminate\\Foundation\\Http\\Middleware\\VerifyCsrfToken->handle()
#21 /var/www/gpdsgame/vendor/laravel/framework/src/Illuminate/View/Middleware/ShareErrorsFromSession.php(49): Illuminate\\Pipeline\\Pipeline->Illuminate\\Pipeline\\{closure}()
#22 /var/www/gpdsgame/vendor/laravel/framework/src/Illuminate/Pipeline/Pipeline.php(209): Illuminate\\View\\Middleware\\ShareErrorsFromSession->handle()
#23 /var/www/gpdsgame/vendor/laravel/framework/src/Illuminate/Session/Middleware/StartSession.php(121): Illuminate\\Pipeline\\Pipeline->Illuminate\\Pipeline\\{closure}()
#24 /var/www/gpdsgame/vendor/laravel/framework/src/Illuminate/Session/Middleware/StartSession.php(64): Illuminate\\Session\\Middleware\\StartSession->handleStatefulRequest()
#25 /var/www/gpdsgame/vendor/laravel/framework/src/Illuminate/Pipeline/Pipeline.php(209): Illuminate\\Session\\Middleware\\StartSession->handle()
#26 /var/www/gpdsgame/vendor/laravel/framework/src/Illuminate/Cookie/Middleware/AddQueuedCookiesToResponse.php(37): Illuminate\\Pipeline\\Pipeline->Illuminate\\Pipeline\\{closure}()
#27 /var/www/gpdsgame/vendor/laravel/framework/src/Illuminate/Pipeline/Pipeline.php(209): Illuminate\\Cookie\\Middleware\\AddQueuedCookiesToResponse->handle()
#28 /var/www/gpdsgame/vendor/laravel/framework/src/Illuminate/Cookie/Middleware/EncryptCookies.php(75): Illuminate\\Pipeline\\Pipeline->Illuminate\\Pipeline\\{closure}()
#29 /var/www/gpdsgame/vendor/laravel/framework/src/Illuminate/Pipeline/Pipeline.php(209): Illuminate\\Cookie\\Middleware\\EncryptCookies->handle()
#30 /var/www/gpdsgame/vendor/laravel/framework/src/Illuminate/Pipeline/Pipeline.php(127): Illuminate\\Pipeline\\Pipeline->Illuminate\\Pipeline\\{closure}()
#31 /var/www/gpdsgame/vendor/laravel/framework/src/Illuminate/Routing/Router.php(807): Illuminate\\Pipeline\\Pipeline->then()
#32 /var/www/gpdsgame/vendor/laravel/framework/src/Illuminate/Routing/Router.php(786): Illuminate\\Routing\\Router->runRouteWithinStack()
#33 /var/www/gpdsgame/vendor/laravel/framework/src/Illuminate/Routing/Router.php(750): Illuminate\\Routing\\Router->runRoute()
#34 /var/www/gpdsgame/vendor/laravel/framework/src/Illuminate/Routing/Router.php(739): Illuminate\\Routing\\Router->dispatchToRoute()
#35 /var/www/gpdsgame/vendor/laravel/framework/src/Illuminate/Foundation/Http/Kernel.php(201): Illuminate\\Routing\\Router->dispatch()
#36 /var/www/gpdsgame/vendor/laravel/framework/src/Illuminate/Pipeline/Pipeline.php(170): Illuminate\\Foundation\\Http\\Kernel->Illuminate\\Foundation\\Http\\{closure}()
#37 /var/www/gpdsgame/vendor/laravel/framework/src/Illuminate/Foundation/Http/Middleware/TransformsRequest.php(21): Illuminate\\Pipeline\\Pipeline->Illuminate\\Pipeline\\{closure}()
#38 /var/www/gpdsgame/vendor/laravel/framework/src/Illuminate/Foundation/Http/Middleware/ConvertEmptyStringsToNull.php(31): Illuminate\\Foundation\\Http\\Middleware\\TransformsRequest->handle()
#39 /var/www/gpdsgame/vendor/laravel/framework/src/Illuminate/Pipeline/Pipeline.php(209): Illuminate\\Foundation\\Http\\Middleware\\ConvertEmptyStringsToNull->handle()
#40 /var/www/gpdsgame/vendor/laravel/framework/src/Illuminate/Foundation/Http/Middleware/TransformsRequest.php(21): Illuminate\\Pipeline\\Pipeline->Illuminate\\Pipeline\\{closure}()
#41 /var/www/gpdsgame/vendor/laravel/framework/src/Illuminate/Foundation/Http/Middleware/TrimStrings.php(51): Illuminate\\Foundation\\Http\\Middleware\\TransformsRequest->handle()
#42 /var/www/gpdsgame/vendor/laravel/framework/src/Illuminate/Pipeline/Pipeline.php(209): Illuminate\\Foundation\\Http\\Middleware\\TrimStrings->handle()
#43 /var/www/gpdsgame/vendor/laravel/framework/src/Illuminate/Http/Middleware/ValidatePostSize.php(27): Illuminate\\Pipeline\\Pipeline->Illuminate\\Pipeline\\{closure}()
#44 /var/www/gpdsgame/vendor/laravel/framework/src/Illuminate/Pipeline/Pipeline.php(209): Illuminate\\Http\\Middleware\\ValidatePostSize->handle()
#45 /var/www/gpdsgame/vendor/laravel/framework/src/Illuminate/Foundation/Http/Middleware/PreventRequestsDuringMaintenance.php(110): Illuminate\\Pipeline\\Pipeline->Illuminate\\Pipeline\\{closure}()
#46 /var/www/gpdsgame/vendor/laravel/framework/src/Illuminate/Pipeline/Pipeline.php(209): Illuminate\\Foundation\\Http\\Middleware\\PreventRequestsDuringMaintenance->handle()
#47 /var/www/gpdsgame/vendor/laravel/framework/src/Illuminate/Http/Middleware/HandleCors.php(49): Illuminate\\Pipeline\\Pipeline->Illuminate\\Pipeline\\{closure}()
#48 /var/www/gpdsgame/vendor/laravel/framework/src/Illuminate/Pipeline/Pipeline.php(209): Illuminate\\Http\\Middleware\\HandleCors->handle()
#49 /var/www/gpdsgame/vendor/laravel/framework/src/Illuminate/Http/Middleware/TrustProxies.php(58): Illuminate\\Pipeline\\Pipeline->Illuminate\\Pipeline\\{closure}()
#50 /var/www/gpdsgame/vendor/laravel/framework/src/Illuminate/Pipeline/Pipeline.php(209): Illuminate\\Http\\Middleware\\TrustProxies->handle()
#51 /var/www/gpdsgame/vendor/laravel/framework/src/Illuminate/Foundation/Http/Middleware/InvokeDeferredCallbacks.php(22): Illuminate\\Pipeline\\Pipeline->Illuminate\\Pipeline\\{closure}()
#52 /var/www/gpdsgame/vendor/laravel/framework/src/Illuminate/Pipeline/Pipeline.php(209): Illuminate\\Foundation\\Http\\Middleware\\InvokeDeferredCallbacks->handle()
#53 /var/www/gpdsgame/app/Http/Middleware/CheckBanned.php(23): Illuminate\\Pipeline\\Pipeline->Illuminate\\Pipeline\\{closure}()
#54 /var/www/gpdsgame/vendor/laravel/framework/src/Illuminate/Pipeline/Pipeline.php(209): App\\Http\\Middleware\\CheckBanned->handle()
#55 /var/www/gpdsgame/app/Http/Middleware/CheckBannedIp.php(24): Illuminate\\Pipeline\\Pipeline->Illuminate\\Pipeline\\{closure}()
#56 /var/www/gpdsgame/vendor/laravel/framework/src/Illuminate/Pipeline/Pipeline.php(209): App\\Http\\Middleware\\CheckBannedIp->handle()
#57 /var/www/gpdsgame/vendor/laravel/framework/src/Illuminate/Pipeline/Pipeline.php(127): Illuminate\\Pipeline\\Pipeline->Illuminate\\Pipeline\\{closure}()
#58 /var/www/gpdsgame/vendor/laravel/framework/src/Illuminate/Foundation/Http/Kernel.php(176): Illuminate\\Pipeline\\Pipeline->then()
#59 /var/www/gpdsgame/vendor/laravel/framework/src/Illuminate/Foundation/Http/Kernel.php(145): Illuminate\\Foundation\\Http\\Kernel->sendRequestThroughRouter()
#60 /var/www/gpdsgame/public/index.php(57): Illuminate\\Foundation\\Http\\Kernel->handle()
#61 {main}

[previous exception] [object] (ParseError(code: 0): Unclosed '[' on line 374 does not match ')' at /var/www/gpdsgame/storage/framework/views/dcbd2adc95091367420482226ec3e4ac.php:375)
[stacktrace]
#0 /var/www/gpdsgame/vendor/laravel/framework/src/Illuminate/Filesystem/Filesystem.php(124): Illuminate\\Filesystem\\Filesystem::Illuminate\\Filesystem\\{closure}()
#1 /var/www/gpdsgame/vendor/laravel/framework/src/Illuminate/View/Engines/PhpEngine.php(58): Illuminate\\Filesystem\\Filesystem->getRequire()
#2 /var/www/gpdsgame/vendor/laravel/framework/src/Illuminate/View/Engines/CompilerEngine.php(75): Illuminate\\View\\Engines\\PhpEngine->evaluatePath()
#3 /var/www/gpdsgame/vendor/laravel/framework/src/Illuminate/View/View.php(209): Illuminate\\View\\Engines\\CompilerEngine->get()
#4 /var/www/gpdsgame/vendor/laravel/framework/src/Illuminate/View/View.php(192): Illuminate\\View\\View->getContents()
#5 /var/www/gpdsgame/vendor/laravel/framework/src/Illuminate/View/View.php(161): Illuminate\\View\\View->renderContents()
#6 /var/www/gpdsgame/vendor/laravel/framework/src/Illuminate/Http/Response.php(79): Illuminate\\View\\View->render()
#7 /var/www/gpdsgame/vendor/laravel/framework/src/Illuminate/Http/Response.php(35): Illuminate\\Http\\Response->setContent()
#8 /var/www/gpdsgame/vendor/laravel/framework/src/Illuminate/Routing/Router.php(920): Illuminate\\Http\\Response->__construct()
#9 /var/www/gpdsgame/vendor/laravel/framework/src/Illuminate/Routing/Router.php(887): Illuminate\\Routing\\Router::toResponse()
#10 /var/www/gpdsgame/vendor/laravel/framework/src/Illuminate/Routing/Router.php(807): Illuminate\\Routing\\Router->prepareResponse()
#11 /var/www/gpdsgame/vendor/laravel/framework/src/Illuminate/Pipeline/Pipeline.php(170): Illuminate\\Routing\\Router->Illuminate\\Routing\\{closure}()
#12 /var/www/gpdsgame/vendor/spatie/laravel-permission/src/Middleware/PermissionMiddleware.php(37): Illuminate\\Pipeline\\Pipeline->Illuminate\\Pipeline\\{closure}()
#13 /var/www/gpdsgame/vendor/laravel/framework/src/Illuminate/Pipeline/Pipeline.php(209): Spatie\\Permission\\Middleware\\PermissionMiddleware->handle()
#14 /var/www/gpdsgame/app/Http/Middleware/EnsureNotCustomer.php(32): Illuminate\\Pipeline\\Pipeline->Illuminate\\Pipeline\\{closure}()
#15 /var/www/gpdsgame/vendor/laravel/framework/src/Illuminate/Pipeline/Pipeline.php(209): App\\Http\\Middleware\\EnsureNotCustomer->handle()
#16 /var/www/gpdsgame/vendor/laravel/framework/src/Illuminate/Routing/Middleware/SubstituteBindings.php(51): Illuminate\\Pipeline\\Pipeline->Illuminate\\Pipeline\\{closure}()
#17 /var/www/gpdsgame/vendor/laravel/framework/src/Illuminate/Pipeline/Pipeline.php(209): Illuminate\\Routing\\Middleware\\SubstituteBindings->handle()
#18 /var/www/gpdsgame/vendor/laravel/framework/src/Illuminate/Auth/Middleware/Authenticate.php(64): Illuminate\\Pipeline\\Pipeline->Illuminate\\Pipeline\\{closure}()
#19 /var/www/gpdsgame/vendor/laravel/framework/src/Illuminate/Pipeline/Pipeline.php(209): Illuminate\\Auth\\Middleware\\Authenticate->handle()
#20 /var/www/gpdsgame/vendor/laravel/framework/src/Illuminate/Foundation/Http/Middleware/VerifyCsrfToken.php(88): Illuminate\\Pipeline\\Pipeline->Illuminate\\Pipeline\\{closure}()
#21 /var/www/gpdsgame/vendor/laravel/framework/src/Illuminate/Pipeline/Pipeline.php(209): Illuminate\\Foundation\\Http\\Middleware\\VerifyCsrfToken->handle()
#22 /var/www/gpdsgame/vendor/laravel/framework/src/Illuminate/View/Middleware/ShareErrorsFromSession.php(49): Illuminate\\Pipeline\\Pipeline->Illuminate\\Pipeline\\{closure}()
#23 /var/www/gpdsgame/vendor/laravel/framework/src/Illuminate/Pipeline/Pipeline.php(209): Illuminate\\View\\Middleware\\ShareErrorsFromSession->handle()
#24 /var/www/gpdsgame/vendor/laravel/framework/src/Illuminate/Session/Middleware/StartSession.php(121): Illuminate\\Pipeline\\Pipeline->Illuminate\\Pipeline\\{closure}()
#25 /var/www/gpdsgame/vendor/laravel/framework/src/Illuminate/Session/Middleware/StartSession.php(64): Illuminate\\Session\\Middleware\\StartSession->handleStatefulRequest()
#26 /var/www/gpdsgame/vendor/laravel/framework/src/Illuminate/Pipeline/Pipeline.php(209): Illuminate\\Session\\Middleware\\StartSession->handle()
#27 /var/www/gpdsgame/vendor/laravel/framework/src/Illuminate/Cookie/Middleware/AddQueuedCookiesToResponse.php(37): Illuminate\\Pipeline\\Pipeline->Illuminate\\Pipeline\\{closure}()
#28 /var/www/gpdsgame/vendor/laravel/framework/src/Illuminate/Pipeline/Pipeline.php(209): Illuminate\\Cookie\\Middleware\\AddQueuedCookiesToResponse->handle()
#29 /var/www/gpdsgame/vendor/laravel/framework/src/Illuminate/Cookie/Middleware/EncryptCookies.php(75): Illuminate\\Pipeline\\Pipeline->Illuminate\\Pipeline\\{closure}()
#30 /var/www/gpdsgame/vendor/laravel/framework/src/Illuminate/Pipeline/Pipeline.php(209): Illuminate\\Cookie\\Middleware\\EncryptCookies->handle()
#31 /var/www/gpdsgame/vendor/laravel/framework/src/Illuminate/Pipeline/Pipeline.php(127): Illuminate\\Pipeline\\Pipeline->Illuminate\\Pipeline\\{closure}()
#32 /var/www/gpdsgame/vendor/laravel/framework/src/Illuminate/Routing/Router.php(807): Illuminate\\Pipeline\\Pipeline->then()
#33 /var/www/gpdsgame/vendor/laravel/framework/src/Illuminate/Routing/Router.php(786): Illuminate\\Routing\\Router->runRouteWithinStack()
#34 /var/www/gpdsgame/vendor/laravel/framework/src/Illuminate/Routing/Router.php(750): Illuminate\\Routing\\Router->runRoute()
#35 /var/www/gpdsgame/vendor/laravel/framework/src/Illuminate/Routing/Router.php(739): Illuminate\\Routing\\Router->dispatchToRoute()
#36 /var/www/gpdsgame/vendor/laravel/framework/src/Illuminate/Foundation/Http/Kernel.php(201): Illuminate\\Routing\\Router->dispatch()
#37 /var/www/gpdsgame/vendor/laravel/framework/src/Illuminate/Pipeline/Pipeline.php(170): Illuminate\\Foundation\\Http\\Kernel->Illuminate\\Foundation\\Http\\{closure}()
#38 /var/www/gpdsgame/vendor/laravel/framework/src/Illuminate/Foundation/Http/Middleware/TransformsRequest.php(21): Illuminate\\Pipeline\\Pipeline->Illuminate\\Pipeline\\{closure}()
#39 /var/www/gpdsgame/vendor/laravel/framework/src/Illuminate/Foundation/Http/Middleware/ConvertEmptyStringsToNull.php(31): Illuminate\\Foundation\\Http\\Middleware\\TransformsRequest->handle()
#40 /var/www/gpdsgame/vendor/laravel/framework/src/Illuminate/Pipeline/Pipeline.php(209): Illuminate\\Foundation\\Http\\Middleware\\ConvertEmptyStringsToNull->handle()
#41 /var/www/gpdsgame/vendor/laravel/framework/src/Illuminate/Foundation/Http/Middleware/TransformsRequest.php(21): Illuminate\\Pipeline\\Pipeline->Illuminate\\Pipeline\\{closure}()
#42 /var/www/gpdsgame/vendor/laravel/framework/src/Illuminate/Foundation/Http/Middleware/TrimStrings.php(51): Illuminate\\Foundation\\Http\\Middleware\\TransformsRequest->handle()
#43 /var/www/gpdsgame/vendor/laravel/framework/src/Illuminate/Pipeline/Pipeline.php(209): Illuminate\\Foundation\\Http\\Middleware\\TrimStrings->handle()
#44 /var/www/gpdsgame/vendor/laravel/framework/src/Illuminate/Http/Middleware/ValidatePostSize.php(27): Illuminate\\Pipeline\\Pipeline->Illuminate\\Pipeline\\{closure}()
#45 /var/www/gpdsgame/vendor/laravel/framework/src/Illuminate/Pipeline/Pipeline.php(209): Illuminate\\Http\\Middleware\\ValidatePostSize->handle()
#46 /var/www/gpdsgame/vendor/laravel/framework/src/Illuminate/Foundation/Http/Middleware/PreventRequestsDuringMaintenance.php(110): Illuminate\\Pipeline\\Pipeline->Illuminate\\Pipeline\\{closure}()
#47 /var/www/gpdsgame/vendor/laravel/framework/src/Illuminate/Pipeline/Pipeline.php(209): Illuminate\\Foundation\\Http\\Middleware\\PreventRequestsDuringMaintenance->handle()
#48 /var/www/gpdsgame/vendor/laravel/framework/src/Illuminate/Http/Middleware/HandleCors.php(49): Illuminate\\Pipeline\\Pipeline->Illuminate\\Pipeline\\{closure}()
#49 /var/www/gpdsgame/vendor/laravel/framework/src/Illuminate/Pipeline/Pipeline.php(209): Illuminate\\Http\\Middleware\\HandleCors->handle()
#50 /var/www/gpdsgame/vendor/laravel/framework/src/Illuminate/Http/Middleware/TrustProxies.php(58): Illuminate\\Pipeline\\Pipeline->Illuminate\\Pipeline\\{closure}()
#51 /var/www/gpdsgame/vendor/laravel/framework/src/Illuminate/Pipeline/Pipeline.php(209): Illuminate\\Http\\Middleware\\TrustProxies->handle()
#52 /var/www/gpdsgame/vendor/laravel/framework/src/Illuminate/Foundation/Http/Middleware/InvokeDeferredCallbacks.php(22): Illuminate\\Pipeline\\Pipeline->Illuminate\\Pipeline\\{closure}()
#53 /var/www/gpdsgame/vendor/laravel/framework/src/Illuminate/Pipeline/Pipeline.php(209): Illuminate\\Foundation\\Http\\Middleware\\InvokeDeferredCallbacks->handle()
#54 /var/www/gpdsgame/app/Http/Middleware/CheckBanned.php(23): Illuminate\\Pipeline\\Pipeline->Illuminate\\Pipeline\\{closure}()
#55 /var/www/gpdsgame/vendor/laravel/framework/src/Illuminate/Pipeline/Pipeline.php(209): App\\Http\\Middleware\\CheckBanned->handle()
#56 /var/www/gpdsgame/app/Http/Middleware/CheckBannedIp.php(24): Illuminate\\Pipeline\\Pipeline->Illuminate\\Pipeline\\{closure}()
#57 /var/www/gpdsgame/vendor/laravel/framework/src/Illuminate/Pipeline/Pipeline.php(209): App\\Http\\Middleware\\CheckBannedIp->handle()
#58 /var/www/gpdsgame/vendor/laravel/framework/src/Illuminate/Pipeline/Pipeline.php(127): Illuminate\\Pipeline\\Pipeline->Illuminate\\Pipeline\\{closure}()
#59 /var/www/gpdsgame/vendor/laravel/framework/src/Illuminate/Foundation/Http/Kernel.php(176): Illuminate\\Pipeline\\Pipeline->then()
#60 /var/www/gpdsgame/vendor/laravel/framework/src/Illuminate/Foundation/Http/Kernel.php(145): Illuminate\\Foundation\\Http\\Kernel->sendRequestThroughRouter()
#61 /var/www/gpdsgame/public/index.php(57): Illuminate\\Foundation\\Http\\Kernel->handle()
#62 {main}
"} 
[2026-01-16 09:19:12] production.ERROR: Unclosed '[' on line 374 does not match ')' (View: /var/www/gpdsgame/resources/views/ecommerce/products/form.blade.php) {"userId":3364,"exception":"[object] (Illuminate\\View\\ViewException(code: 0): Unclosed '[' on line 374 does not match ')' (View: /var/www/gpdsgame/resources/views/ecommerce/products/form.blade.php) at /var/www/gpdsgame/storage/framework/views/dcbd2adc95091367420482226ec3e4ac.php:375)
[stacktrace]
#0 /var/www/gpdsgame/vendor/laravel/framework/src/Illuminate/View/Engines/PhpEngine.php(60): Illuminate\\View\\Engines\\CompilerEngine->handleViewException()
#1 /var/www/gpdsgame/vendor/laravel/framework/src/Illuminate/View/Engines/CompilerEngine.php(75): Illuminate\\View\\Engines\\PhpEngine->evaluatePath()
#2 /var/www/gpdsgame/vendor/laravel/framework/src/Illuminate/View/View.php(209): Illuminate\\View\\Engines\\CompilerEngine->get()
#3 /var/www/gpdsgame/vendor/laravel/framework/src/Illuminate/View/View.php(192): Illuminate\\View\\View->getContents()
#4 /var/www/gpdsgame/vendor/laravel/framework/src/Illuminate/View/View.php(161): Illuminate\\View\\View->renderContents()
#5 /var/www/gpdsgame/vendor/laravel/framework/src/Illuminate/Http/Response.php(79): Illuminate\\View\\View->render()
#6 /var/www/gpdsgame/vendor/laravel/framework/src/Illuminate/Http/Response.php(35): Illuminate\\Http\\Response->setContent()
#7 /var/www/gpdsgame/vendor/laravel/framework/src/Illuminate/Routing/Router.php(920): Illuminate\\Http\\Response->__construct()
#8 /var/www/gpdsgame/vendor/laravel/framework/src/Illuminate/Routing/Router.php(887): Illuminate\\Routing\\Router::toResponse()
#9 /var/www/gpdsgame/vendor/laravel/framework/src/Illuminate/Routing/Router.php(807): Illuminate\\Routing\\Router->prepareResponse()
#10 /var/www/gpdsgame/vendor/laravel/framework/src/Illuminate/Pipeline/Pipeline.php(170): Illuminate\\Routing\\Router->Illuminate\\Routing\\{closure}()
#11 /var/www/gpdsgame/vendor/spatie/laravel-permission/src/Middleware/PermissionMiddleware.php(37): Illuminate\\Pipeline\\Pipeline->Illuminate\\Pipeline\\{closure}()
#12 /var/www/gpdsgame/vendor/laravel/framework/src/Illuminate/Pipeline/Pipeline.php(209): Spatie\\Permission\\Middleware\\PermissionMiddleware->handle()
#13 /var/www/gpdsgame/app/Http/Middleware/EnsureNotCustomer.php(32): Illuminate\\Pipeline\\Pipeline->Illuminate\\Pipeline\\{closure}()
#14 /var/www/gpdsgame/vendor/laravel/framework/src/Illuminate/Pipeline/Pipeline.php(209): App\\Http\\Middleware\\EnsureNotCustomer->handle()
#15 /var/www/gpdsgame/vendor/laravel/framework/src/Illuminate/Routing/Middleware/SubstituteBindings.php(51): Illuminate\\Pipeline\\Pipeline->Illuminate\\Pipeline\\{closure}()
#16 /var/www/gpdsgame/vendor/laravel/framework/src/Illuminate/Pipeline/Pipeline.php(209): Illuminate\\Routing\\Middleware\\SubstituteBindings->handle()
#17 /var/www/gpdsgame/vendor/laravel/framework/src/Illuminate/Auth/Middleware/Authenticate.php(64): Illuminate\\Pipeline\\Pipeline->Illuminate\\Pipeline\\{closure}()
#18 /var/www/gpdsgame/vendor/laravel/framework/src/Illuminate/Pipeline/Pipeline.php(209): Illuminate\\Auth\\Middleware\\Authenticate->handle()
#19 /var/www/gpdsgame/vendor/laravel/framework/src/Illuminate/Foundation/Http/Middleware/VerifyCsrfToken.php(88): Illuminate\\Pipeline\\Pipeline->Illuminate\\Pipeline\\{closure}()
#20 /var/www/gpdsgame/vendor/laravel/framework/src/Illuminate/Pipeline/Pipeline.php(209): Illuminate\\Foundation\\Http\\Middleware\\VerifyCsrfToken->handle()
#21 /var/www/gpdsgame/vendor/laravel/framework/src/Illuminate/View/Middleware/ShareErrorsFromSession.php(49): Illuminate\\Pipeline\\Pipeline->Illuminate\\Pipeline\\{closure}()
#22 /var/www/gpdsgame/vendor/laravel/framework/src/Illuminate/Pipeline/Pipeline.php(209): Illuminate\\View\\Middleware\\ShareErrorsFromSession->handle()
#23 /var/www/gpdsgame/vendor/laravel/framework/src/Illuminate/Session/Middleware/StartSession.php(121): Illuminate\\Pipeline\\Pipeline->Illuminate\\Pipeline\\{closure}()
#24 /var/www/gpdsgame/vendor/laravel/framework/src/Illuminate/Session/Middleware/StartSession.php(64): Illuminate\\Session\\Middleware\\StartSession->handleStatefulRequest()
#25 /var/www/gpdsgame/vendor/laravel/framework/src/Illuminate/Pipeline/Pipeline.php(209): Illuminate\\Session\\Middleware\\StartSession->handle()
#26 /var/www/gpdsgame/vendor/laravel/framework/src/Illuminate/Cookie/Middleware/AddQueuedCookiesToResponse.php(37): Illuminate\\Pipeline\\Pipeline->Illuminate\\Pipeline\\{closure}()
#27 /var/www/gpdsgame/vendor/laravel/framework/src/Illuminate/Pipeline/Pipeline.php(209): Illuminate\\Cookie\\Middleware\\AddQueuedCookiesToResponse->handle()
#28 /var/www/gpdsgame/vendor/laravel/framework/src/Illuminate/Cookie/Middleware/EncryptCookies.php(75): Illuminate\\Pipeline\\Pipeline->Illuminate\\Pipeline\\{closure}()
#29 /var/www/gpdsgame/vendor/laravel/framework/src/Illuminate/Pipeline/Pipeline.php(209): Illuminate\\Cookie\\Middleware\\EncryptCookies->handle()
#30 /var/www/gpdsgame/vendor/laravel/framework/src/Illuminate/Pipeline/Pipeline.php(127): Illuminate\\Pipeline\\Pipeline->Illuminate\\Pipeline\\{closure}()
#31 /var/www/gpdsgame/vendor/laravel/framework/src/Illuminate/Routing/Router.php(807): Illuminate\\Pipeline\\Pipeline->then()
#32 /var/www/gpdsgame/vendor/laravel/framework/src/Illuminate/Routing/Router.php(786): Illuminate\\Routing\\Router->runRouteWithinStack()
#33 /var/www/gpdsgame/vendor/laravel/framework/src/Illuminate/Routing/Router.php(750): Illuminate\\Routing\\Router->runRoute()
#34 /var/www/gpdsgame/vendor/laravel/framework/src/Illuminate/Routing/Router.php(739): Illuminate\\Routing\\Router->dispatchToRoute()
#35 /var/www/gpdsgame/vendor/laravel/framework/src/Illuminate/Foundation/Http/Kernel.php(201): Illuminate\\Routing\\Router->dispatch()
#36 /var/www/gpdsgame/vendor/laravel/framework/src/Illuminate/Pipeline/Pipeline.php(170): Illuminate\\Foundation\\Http\\Kernel->Illuminate\\Foundation\\Http\\{closure}()
#37 /var/www/gpdsgame/vendor/laravel/framework/src/Illuminate/Foundation/Http/Middleware/TransformsRequest.php(21): Illuminate\\Pipeline\\Pipeline->Illuminate\\Pipeline\\{closure}()
#38 /var/www/gpdsgame/vendor/laravel/framework/src/Illuminate/Foundation/Http/Middleware/ConvertEmptyStringsToNull.php(31): Illuminate\\Foundation\\Http\\Middleware\\TransformsRequest->handle()
#39 /var/www/gpdsgame/vendor/laravel/framework/src/Illuminate/Pipeline/Pipeline.php(209): Illuminate\\Foundation\\Http\\Middleware\\ConvertEmptyStringsToNull->handle()
#40 /var/www/gpdsgame/vendor/laravel/framework/src/Illuminate/Foundation/Http/Middleware/TransformsRequest.php(21): Illuminate\\Pipeline\\Pipeline->Illuminate\\Pipeline\\{closure}()
#41 /var/www/gpdsgame/vendor/laravel/framework/src/Illuminate/Foundation/Http/Middleware/TrimStrings.php(51): Illuminate\\Foundation\\Http\\Middleware\\TransformsRequest->handle()
#42 /var/www/gpdsgame/vendor/laravel/framework/src/Illuminate/Pipeline/Pipeline.php(209): Illuminate\\Foundation\\Http\\Middleware\\TrimStrings->handle()
#43 /var/www/gpdsgame/vendor/laravel/framework/src/Illuminate/Http/Middleware/ValidatePostSize.php(27): Illuminate\\Pipeline\\Pipeline->Illuminate\\Pipeline\\{closure}()
#44 /var/www/gpdsgame/vendor/laravel/framework/src/Illuminate/Pipeline/Pipeline.php(209): Illuminate\\Http\\Middleware\\ValidatePostSize->handle()
#45 /var/www/gpdsgame/vendor/laravel/framework/src/Illuminate/Foundation/Http/Middleware/PreventRequestsDuringMaintenance.php(110): Illuminate\\Pipeline\\Pipeline->Illuminate\\Pipeline\\{closure}()
#46 /var/www/gpdsgame/vendor/laravel/framework/src/Illuminate/Pipeline/Pipeline.php(209): Illuminate\\Foundation\\Http\\Middleware\\PreventRequestsDuringMaintenance->handle()
#47 /var/www/gpdsgame/vendor/laravel/framework/src/Illuminate/Http/Middleware/HandleCors.php(49): Illuminate\\Pipeline\\Pipeline->Illuminate\\Pipeline\\{closure}()
#48 /var/www/gpdsgame/vendor/laravel/framework/src/Illuminate/Pipeline/Pipeline.php(209): Illuminate\\Http\\Middleware\\HandleCors->handle()
#49 /var/www/gpdsgame/vendor/laravel/framework/src/Illuminate/Http/Middleware/TrustProxies.php(58): Illuminate\\Pipeline\\Pipeline->Illuminate\\Pipeline\\{closure}()
#50 /var/www/gpdsgame/vendor/laravel/framework/src/Illuminate/Pipeline/Pipeline.php(209): Illuminate\\Http\\Middleware\\TrustProxies->handle()
#51 /var/www/gpdsgame/vendor/laravel/framework/src/Illuminate/Foundation/Http/Middleware/InvokeDeferredCallbacks.php(22): Illuminate\\Pipeline\\Pipeline->Illuminate\\Pipeline\\{closure}()
#52 /var/www/gpdsgame/vendor/laravel/framework/src/Illuminate/Pipeline/Pipeline.php(209): Illuminate\\Foundation\\Http\\Middleware\\InvokeDeferredCallbacks->handle()
#53 /var/www/gpdsgame/app/Http/Middleware/CheckBanned.php(23): Illuminate\\Pipeline\\Pipeline->Illuminate\\Pipeline\\{closure}()
#54 /var/www/gpdsgame/vendor/laravel/framework/src/Illuminate/Pipeline/Pipeline.php(209): App\\Http\\Middleware\\CheckBanned->handle()
#55 /var/www/gpdsgame/app/Http/Middleware/CheckBannedIp.php(24): Illuminate\\Pipeline\\Pipeline->Illuminate\\Pipeline\\{closure}()
#56 /var/www/gpdsgame/vendor/laravel/framework/src/Illuminate/Pipeline/Pipeline.php(209): App\\Http\\Middleware\\CheckBannedIp->handle()
#57 /var/www/gpdsgame/vendor/laravel/framework/src/Illuminate/Pipeline/Pipeline.php(127): Illuminate\\Pipeline\\Pipeline->Illuminate\\Pipeline\\{closure}()
#58 /var/www/gpdsgame/vendor/laravel/framework/src/Illuminate/Foundation/Http/Kernel.php(176): Illuminate\\Pipeline\\Pipeline->then()
#59 /var/www/gpdsgame/vendor/laravel/framework/src/Illuminate/Foundation/Http/Kernel.php(145): Illuminate\\Foundation\\Http\\Kernel->sendRequestThroughRouter()
#60 /var/www/gpdsgame/public/index.php(57): Illuminate\\Foundation\\Http\\Kernel->handle()
#61 {main}

[previous exception] [object] (ParseError(code: 0): Unclosed '[' on line 374 does not match ')' at /var/www/gpdsgame/storage/framework/views/dcbd2adc95091367420482226ec3e4ac.php:375)
[stacktrace]
#0 /var/www/gpdsgame/vendor/laravel/framework/src/Illuminate/Filesystem/Filesystem.php(124): Illuminate\\Filesystem\\Filesystem::Illuminate\\Filesystem\\{closure}()
#1 /var/www/gpdsgame/vendor/laravel/framework/src/Illuminate/View/Engines/PhpEngine.php(58): Illuminate\\Filesystem\\Filesystem->getRequire()
#2 /var/www/gpdsgame/vendor/laravel/framework/src/Illuminate/View/Engines/CompilerEngine.php(75): Illuminate\\View\\Engines\\PhpEngine->evaluatePath()
#3 /var/www/gpdsgame/vendor/laravel/framework/src/Illuminate/View/View.php(209): Illuminate\\View\\Engines\\CompilerEngine->get()
#4 /var/www/gpdsgame/vendor/laravel/framework/src/Illuminate/View/View.php(192): Illuminate\\View\\View->getContents()
#5 /var/www/gpdsgame/vendor/laravel/framework/src/Illuminate/View/View.php(161): Illuminate\\View\\View->renderContents()
#6 /var/www/gpdsgame/vendor/laravel/framework/src/Illuminate/Http/Response.php(79): Illuminate\\View\\View->render()
#7 /var/www/gpdsgame/vendor/laravel/framework/src/Illuminate/Http/Response.php(35): Illuminate\\Http\\Response->setContent()
#8 /var/www/gpdsgame/vendor/laravel/framework/src/Illuminate/Routing/Router.php(920): Illuminate\\Http\\Response->__construct()
#9 /var/www/gpdsgame/vendor/laravel/framework/src/Illuminate/Routing/Router.php(887): Illuminate\\Routing\\Router::toResponse()
#10 /var/www/gpdsgame/vendor/laravel/framework/src/Illuminate/Routing/Router.php(807): Illuminate\\Routing\\Router->prepareResponse()
#11 /var/www/gpdsgame/vendor/laravel/framework/src/Illuminate/Pipeline/Pipeline.php(170): Illuminate\\Routing\\Router->Illuminate\\Routing\\{closure}()
#12 /var/www/gpdsgame/vendor/spatie/laravel-permission/src/Middleware/PermissionMiddleware.php(37): Illuminate\\Pipeline\\Pipeline->Illuminate\\Pipeline\\{closure}()
#13 /var/www/gpdsgame/vendor/laravel/framework/src/Illuminate/Pipeline/Pipeline.php(209): Spatie\\Permission\\Middleware\\PermissionMiddleware->handle()
#14 /var/www/gpdsgame/app/Http/Middleware/EnsureNotCustomer.php(32): Illuminate\\Pipeline\\Pipeline->Illuminate\\Pipeline\\{closure}()
#15 /var/www/gpdsgame/vendor/laravel/framework/src/Illuminate/Pipeline/Pipeline.php(209): App\\Http\\Middleware\\EnsureNotCustomer->handle()
#16 /var/www/gpdsgame/vendor/laravel/framework/src/Illuminate/Routing/Middleware/SubstituteBindings.php(51): Illuminate\\Pipeline\\Pipeline->Illuminate\\Pipeline\\{closure}()
#17 /var/www/gpdsgame/vendor/laravel/framework/src/Illuminate/Pipeline/Pipeline.php(209): Illuminate\\Routing\\Middleware\\SubstituteBindings->handle()
#18 /var/www/gpdsgame/vendor/laravel/framework/src/Illuminate/Auth/Middleware/Authenticate.php(64): Illuminate\\Pipeline\\Pipeline->Illuminate\\Pipeline\\{closure}()
#19 /var/www/gpdsgame/vendor/laravel/framework/src/Illuminate/Pipeline/Pipeline.php(209): Illuminate\\Auth\\Middleware\\Authenticate->handle()
#20 /var/www/gpdsgame/vendor/laravel/framework/src/Illuminate/Foundation/Http/Middleware/VerifyCsrfToken.php(88): Illuminate\\Pipeline\\Pipeline->Illuminate\\Pipeline\\{closure}()
#21 /var/www/gpdsgame/vendor/laravel/framework/src/Illuminate/Pipeline/Pipeline.php(209): Illuminate\\Foundation\\Http\\Middleware\\VerifyCsrfToken->handle()
#22 /var/www/gpdsgame/vendor/laravel/framework/src/Illuminate/View/Middleware/ShareErrorsFromSession.php(49): Illuminate\\Pipeline\\Pipeline->Illuminate\\Pipeline\\{closure}()
#23 /var/www/gpdsgame/vendor/laravel/framework/src/Illuminate/Pipeline/Pipeline.php(209): Illuminate\\View\\Middleware\\ShareErrorsFromSession->handle()
#24 /var/www/gpdsgame/vendor/laravel/framework/src/Illuminate/Session/Middleware/StartSession.php(121): Illuminate\\Pipeline\\Pipeline->Illuminate\\Pipeline\\{closure}()
#25 /var/www/gpdsgame/vendor/laravel/framework/src/Illuminate/Session/Middleware/StartSession.php(64): Illuminate\\Session\\Middleware\\StartSession->handleStatefulRequest()
#26 /var/www/gpdsgame/vendor/laravel/framework/src/Illuminate/Pipeline/Pipeline.php(209): Illuminate\\Session\\Middleware\\StartSession->handle()
#27 /var/www/gpdsgame/vendor/laravel/framework/src/Illuminate/Cookie/Middleware/AddQueuedCookiesToResponse.php(37): Illuminate\\Pipeline\\Pipeline->Illuminate\\Pipeline\\{closure}()
#28 /var/www/gpdsgame/vendor/laravel/framework/src/Illuminate/Pipeline/Pipeline.php(209): Illuminate\\Cookie\\Middleware\\AddQueuedCookiesToResponse->handle()
#29 /var/www/gpdsgame/vendor/laravel/framework/src/Illuminate/Cookie/Middleware/EncryptCookies.php(75): Illuminate\\Pipeline\\Pipeline->Illuminate\\Pipeline\\{closure}()
#30 /var/www/gpdsgame/vendor/laravel/framework/src/Illuminate/Pipeline/Pipeline.php(209): Illuminate\\Cookie\\Middleware\\EncryptCookies->handle()
#31 /var/www/gpdsgame/vendor/laravel/framework/src/Illuminate/Pipeline/Pipeline.php(127): Illuminate\\Pipeline\\Pipeline->Illuminate\\Pipeline\\{closure}()
#32 /var/www/gpdsgame/vendor/laravel/framework/src/Illuminate/Routing/Router.php(807): Illuminate\\Pipeline\\Pipeline->then()
#33 /var/www/gpdsgame/vendor/laravel/framework/src/Illuminate/Routing/Router.php(786): Illuminate\\Routing\\Router->runRouteWithinStack()
#34 /var/www/gpdsgame/vendor/laravel/framework/src/Illuminate/Routing/Router.php(750): Illuminate\\Routing\\Router->runRoute()
#35 /var/www/gpdsgame/vendor/laravel/framework/src/Illuminate/Routing/Router.php(739): Illuminate\\Routing\\Router->dispatchToRoute()
#36 /var/www/gpdsgame/vendor/laravel/framework/src/Illuminate/Foundation/Http/Kernel.php(201): Illuminate\\Routing\\Router->dispatch()
#37 /var/www/gpdsgame/vendor/laravel/framework/src/Illuminate/Pipeline/Pipeline.php(170): Illuminate\\Foundation\\Http\\Kernel->Illuminate\\Foundation\\Http\\{closure}()
#38 /var/www/gpdsgame/vendor/laravel/framework/src/Illuminate/Foundation/Http/Middleware/TransformsRequest.php(21): Illuminate\\Pipeline\\Pipeline->Illuminate\\Pipeline\\{closure}()
#39 /var/www/gpdsgame/vendor/laravel/framework/src/Illuminate/Foundation/Http/Middleware/ConvertEmptyStringsToNull.php(31): Illuminate\\Foundation\\Http\\Middleware\\TransformsRequest->handle()
#40 /var/www/gpdsgame/vendor/laravel/framework/src/Illuminate/Pipeline/Pipeline.php(209): Illuminate\\Foundation\\Http\\Middleware\\ConvertEmptyStringsToNull->handle()
#41 /var/www/gpdsgame/vendor/laravel/framework/src/Illuminate/Foundation/Http/Middleware/TransformsRequest.php(21): Illuminate\\Pipeline\\Pipeline->Illuminate\\Pipeline\\{closure}()
#42 /var/www/gpdsgame/vendor/laravel/framework/src/Illuminate/Foundation/Http/Middleware/TrimStrings.php(51): Illuminate\\Foundation\\Http\\Middleware\\TransformsRequest->handle()
#43 /var/www/gpdsgame/vendor/laravel/framework/src/Illuminate/Pipeline/Pipeline.php(209): Illuminate\\Foundation\\Http\\Middleware\\TrimStrings->handle()
#44 /var/www/gpdsgame/vendor/laravel/framework/src/Illuminate/Http/Middleware/ValidatePostSize.php(27): Illuminate\\Pipeline\\Pipeline->Illuminate\\Pipeline\\{closure}()
#45 /var/www/gpdsgame/vendor/laravel/framework/src/Illuminate/Pipeline/Pipeline.php(209): Illuminate\\Http\\Middleware\\ValidatePostSize->handle()
#46 /var/www/gpdsgame/vendor/laravel/framework/src/Illuminate/Foundation/Http/Middleware/PreventRequestsDuringMaintenance.php(110): Illuminate\\Pipeline\\Pipeline->Illuminate\\Pipeline\\{closure}()
#47 /var/www/gpdsgame/vendor/laravel/framework/src/Illuminate/Pipeline/Pipeline.php(209): Illuminate\\Foundation\\Http\\Middleware\\PreventRequestsDuringMaintenance->handle()
#48 /var/www/gpdsgame/vendor/laravel/framework/src/Illuminate/Http/Middleware/HandleCors.php(49): Illuminate\\Pipeline\\Pipeline->Illuminate\\Pipeline\\{closure}()
#49 /var/www/gpdsgame/vendor/laravel/framework/src/Illuminate/Pipeline/Pipeline.php(209): Illuminate\\Http\\Middleware\\HandleCors->handle()
#50 /var/www/gpdsgame/vendor/laravel/framework/src/Illuminate/Http/Middleware/TrustProxies.php(58): Illuminate\\Pipeline\\Pipeline->Illuminate\\Pipeline\\{closure}()
#51 /var/www/gpdsgame/vendor/laravel/framework/src/Illuminate/Pipeline/Pipeline.php(209): Illuminate\\Http\\Middleware\\TrustProxies->handle()
#52 /var/www/gpdsgame/vendor/laravel/framework/src/Illuminate/Foundation/Http/Middleware/InvokeDeferredCallbacks.php(22): Illuminate\\Pipeline\\Pipeline->Illuminate\\Pipeline\\{closure}()
#53 /var/www/gpdsgame/vendor/laravel/framework/src/Illuminate/Pipeline/Pipeline.php(209): Illuminate\\Foundation\\Http\\Middleware\\InvokeDeferredCallbacks->handle()
#54 /var/www/gpdsgame/app/Http/Middleware/CheckBanned.php(23): Illuminate\\Pipeline\\Pipeline->Illuminate\\Pipeline\\{closure}()
#55 /var/www/gpdsgame/vendor/laravel/framework/src/Illuminate/Pipeline/Pipeline.php(209): App\\Http\\Middleware\\CheckBanned->handle()
#56 /var/www/gpdsgame/app/Http/Middleware/CheckBannedIp.php(24): Illuminate\\Pipeline\\Pipeline->Illuminate\\Pipeline\\{closure}()
#57 /var/www/gpdsgame/vendor/laravel/framework/src/Illuminate/Pipeline/Pipeline.php(209): App\\Http\\Middleware\\CheckBannedIp->handle()
#58 /var/www/gpdsgame/vendor/laravel/framework/src/Illuminate/Pipeline/Pipeline.php(127): Illuminate\\Pipeline\\Pipeline->Illuminate\\Pipeline\\{closure}()
#59 /var/www/gpdsgame/vendor/laravel/framework/src/Illuminate/Foundation/Http/Kernel.php(176): Illuminate\\Pipeline\\Pipeline->then()
#60 /var/www/gpdsgame/vendor/laravel/framework/src/Illuminate/Foundation/Http/Kernel.php(145): Illuminate\\Foundation\\Http\\Kernel->sendRequestThroughRouter()
#61 /var/www/gpdsgame/public/index.php(57): Illuminate\\Foundation\\Http\\Kernel->handle()
#62 {main}
"} 
[2026-01-16 09:19:41] production.ERROR: Unclosed '[' on line 374 does not match ')' (View: /var/www/gpdsgame/resources/views/ecommerce/products/form.blade.php) {"userId":3364,"exception":"[object] (Illuminate\\View\\ViewException(code: 0): Unclosed '[' on line 374 does not match ')' (View: /var/www/gpdsgame/resources/views/ecommerce/products/form.blade.php) at /var/www/gpdsgame/storage/framework/views/dcbd2adc95091367420482226ec3e4ac.php:375)
[stacktrace]
#0 /var/www/gpdsgame/vendor/laravel/framework/src/Illuminate/View/Engines/PhpEngine.php(60): Illuminate\\View\\Engines\\CompilerEngine->handleViewException()
#1 /var/www/gpdsgame/vendor/laravel/framework/src/Illuminate/View/Engines/CompilerEngine.php(75): Illuminate\\View\\Engines\\PhpEngine->evaluatePath()
#2 /var/www/gpdsgame/vendor/laravel/framework/src/Illuminate/View/View.php(209): Illuminate\\View\\Engines\\CompilerEngine->get()
#3 /var/www/gpdsgame/vendor/laravel/framework/src/Illuminate/View/View.php(192): Illuminate\\View\\View->getContents()
#4 /var/www/gpdsgame/vendor/laravel/framework/src/Illuminate/View/View.php(161): Illuminate\\View\\View->renderContents()
#5 /var/www/gpdsgame/vendor/laravel/framework/src/Illuminate/Http/Response.php(79): Illuminate\\View\\View->render()
#6 /var/www/gpdsgame/vendor/laravel/framework/src/Illuminate/Http/Response.php(35): Illuminate\\Http\\Response->setContent()
#7 /var/www/gpdsgame/vendor/laravel/framework/src/Illuminate/Routing/Router.php(920): Illuminate\\Http\\Response->__construct()
#8 /var/www/gpdsgame/vendor/laravel/framework/src/Illuminate/Routing/Router.php(887): Illuminate\\Routing\\Router::toResponse()
#9 /var/www/gpdsgame/vendor/laravel/framework/src/Illuminate/Routing/Router.php(807): Illuminate\\Routing\\Router->prepareResponse()
#10 /var/www/gpdsgame/vendor/laravel/framework/src/Illuminate/Pipeline/Pipeline.php(170): Illuminate\\Routing\\Router->Illuminate\\Routing\\{closure}()
#11 /var/www/gpdsgame/vendor/spatie/laravel-permission/src/Middleware/PermissionMiddleware.php(37): Illuminate\\Pipeline\\Pipeline->Illuminate\\Pipeline\\{closure}()
#12 /var/www/gpdsgame/vendor/laravel/framework/src/Illuminate/Pipeline/Pipeline.php(209): Spatie\\Permission\\Middleware\\PermissionMiddleware->handle()
#13 /var/www/gpdsgame/app/Http/Middleware/EnsureNotCustomer.php(32): Illuminate\\Pipeline\\Pipeline->Illuminate\\Pipeline\\{closure}()
#14 /var/www/gpdsgame/vendor/laravel/framework/src/Illuminate/Pipeline/Pipeline.php(209): App\\Http\\Middleware\\EnsureNotCustomer->handle()
#15 /var/www/gpdsgame/vendor/laravel/framework/src/Illuminate/Routing/Middleware/SubstituteBindings.php(51): Illuminate\\Pipeline\\Pipeline->Illuminate\\Pipeline\\{closure}()
#16 /var/www/gpdsgame/vendor/laravel/framework/src/Illuminate/Pipeline/Pipeline.php(209): Illuminate\\Routing\\Middleware\\SubstituteBindings->handle()
#17 /var/www/gpdsgame/vendor/laravel/framework/src/Illuminate/Auth/Middleware/Authenticate.php(64): Illuminate\\Pipeline\\Pipeline->Illuminate\\Pipeline\\{closure}()
#18 /var/www/gpdsgame/vendor/laravel/framework/src/Illuminate/Pipeline/Pipeline.php(209): Illuminate\\Auth\\Middleware\\Authenticate->handle()
#19 /var/www/gpdsgame/vendor/laravel/framework/src/Illuminate/Foundation/Http/Middleware/VerifyCsrfToken.php(88): Illuminate\\Pipeline\\Pipeline->Illuminate\\Pipeline\\{closure}()
#20 /var/www/gpdsgame/vendor/laravel/framework/src/Illuminate/Pipeline/Pipeline.php(209): Illuminate\\Foundation\\Http\\Middleware\\VerifyCsrfToken->handle()
#21 /var/www/gpdsgame/vendor/laravel/framework/src/Illuminate/View/Middleware/ShareErrorsFromSession.php(49): Illuminate\\Pipeline\\Pipeline->Illuminate\\Pipeline\\{closure}()
#22 /var/www/gpdsgame/vendor/laravel/framework/src/Illuminate/Pipeline/Pipeline.php(209): Illuminate\\View\\Middleware\\ShareErrorsFromSession->handle()
#23 /var/www/gpdsgame/vendor/laravel/framework/src/Illuminate/Session/Middleware/StartSession.php(121): Illuminate\\Pipeline\\Pipeline->Illuminate\\Pipeline\\{closure}()
#24 /var/www/gpdsgame/vendor/laravel/framework/src/Illuminate/Session/Middleware/StartSession.php(64): Illuminate\\Session\\Middleware\\StartSession->handleStatefulRequest()
#25 /var/www/gpdsgame/vendor/laravel/framework/src/Illuminate/Pipeline/Pipeline.php(209): Illuminate\\Session\\Middleware\\StartSession->handle()
#26 /var/www/gpdsgame/vendor/laravel/framework/src/Illuminate/Cookie/Middleware/AddQueuedCookiesToResponse.php(37): Illuminate\\Pipeline\\Pipeline->Illuminate\\Pipeline\\{closure}()
#27 /var/www/gpdsgame/vendor/laravel/framework/src/Illuminate/Pipeline/Pipeline.php(209): Illuminate\\Cookie\\Middleware\\AddQueuedCookiesToResponse->handle()
#28 /var/www/gpdsgame/vendor/laravel/framework/src/Illuminate/Cookie/Middleware/EncryptCookies.php(75): Illuminate\\Pipeline\\Pipeline->Illuminate\\Pipeline\\{closure}()
#29 /var/www/gpdsgame/vendor/laravel/framework/src/Illuminate/Pipeline/Pipeline.php(209): Illuminate\\Cookie\\Middleware\\EncryptCookies->handle()
#30 /var/www/gpdsgame/vendor/laravel/framework/src/Illuminate/Pipeline/Pipeline.php(127): Illuminate\\Pipeline\\Pipeline->Illuminate\\Pipeline\\{closure}()
#31 /var/www/gpdsgame/vendor/laravel/framework/src/Illuminate/Routing/Router.php(807): Illuminate\\Pipeline\\Pipeline->then()
#32 /var/www/gpdsgame/vendor/laravel/framework/src/Illuminate/Routing/Router.php(786): Illuminate\\Routing\\Router->runRouteWithinStack()
#33 /var/www/gpdsgame/vendor/laravel/framework/src/Illuminate/Routing/Router.php(750): Illuminate\\Routing\\Router->runRoute()
#34 /var/www/gpdsgame/vendor/laravel/framework/src/Illuminate/Routing/Router.php(739): Illuminate\\Routing\\Router->dispatchToRoute()
#35 /var/www/gpdsgame/vendor/laravel/framework/src/Illuminate/Foundation/Http/Kernel.php(201): Illuminate\\Routing\\Router->dispatch()
#36 /var/www/gpdsgame/vendor/laravel/framework/src/Illuminate/Pipeline/Pipeline.php(170): Illuminate\\Foundation\\Http\\Kernel->Illuminate\\Foundation\\Http\\{closure}()
#37 /var/www/gpdsgame/vendor/laravel/framework/src/Illuminate/Foundation/Http/Middleware/TransformsRequest.php(21): Illuminate\\Pipeline\\Pipeline->Illuminate\\Pipeline\\{closure}()
#38 /var/www/gpdsgame/vendor/laravel/framework/src/Illuminate/Foundation/Http/Middleware/ConvertEmptyStringsToNull.php(31): Illuminate\\Foundation\\Http\\Middleware\\TransformsRequest->handle()
#39 /var/www/gpdsgame/vendor/laravel/framework/src/Illuminate/Pipeline/Pipeline.php(209): Illuminate\\Foundation\\Http\\Middleware\\ConvertEmptyStringsToNull->handle()
#40 /var/www/gpdsgame/vendor/laravel/framework/src/Illuminate/Foundation/Http/Middleware/TransformsRequest.php(21): Illuminate\\Pipeline\\Pipeline->Illuminate\\Pipeline\\{closure}()
#41 /var/www/gpdsgame/vendor/laravel/framework/src/Illuminate/Foundation/Http/Middleware/TrimStrings.php(51): Illuminate\\Foundation\\Http\\Middleware\\TransformsRequest->handle()
#42 /var/www/gpdsgame/vendor/laravel/framework/src/Illuminate/Pipeline/Pipeline.php(209): Illuminate\\Foundation\\Http\\Middleware\\TrimStrings->handle()
#43 /var/www/gpdsgame/vendor/laravel/framework/src/Illuminate/Http/Middleware/ValidatePostSize.php(27): Illuminate\\Pipeline\\Pipeline->Illuminate\\Pipeline\\{closure}()
#44 /var/www/gpdsgame/vendor/laravel/framework/src/Illuminate/Pipeline/Pipeline.php(209): Illuminate\\Http\\Middleware\\ValidatePostSize->handle()
#45 /var/www/gpdsgame/vendor/laravel/framework/src/Illuminate/Foundation/Http/Middleware/PreventRequestsDuringMaintenance.php(110): Illuminate\\Pipeline\\Pipeline->Illuminate\\Pipeline\\{closure}()
#46 /var/www/gpdsgame/vendor/laravel/framework/src/Illuminate/Pipeline/Pipeline.php(209): Illuminate\\Foundation\\Http\\Middleware\\PreventRequestsDuringMaintenance->handle()
#47 /var/www/gpdsgame/vendor/laravel/framework/src/Illuminate/Http/Middleware/HandleCors.php(49): Illuminate\\Pipeline\\Pipeline->Illuminate\\Pipeline\\{closure}()
#48 /var/www/gpdsgame/vendor/laravel/framework/src/Illuminate/Pipeline/Pipeline.php(209): Illuminate\\Http\\Middleware\\HandleCors->handle()
#49 /var/www/gpdsgame/vendor/laravel/framework/src/Illuminate/Http/Middleware/TrustProxies.php(58): Illuminate\\Pipeline\\Pipeline->Illuminate\\Pipeline\\{closure}()
#50 /var/www/gpdsgame/vendor/laravel/framework/src/Illuminate/Pipeline/Pipeline.php(209): Illuminate\\Http\\Middleware\\TrustProxies->handle()
#51 /var/www/gpdsgame/vendor/laravel/framework/src/Illuminate/Foundation/Http/Middleware/InvokeDeferredCallbacks.php(22): Illuminate\\Pipeline\\Pipeline->Illuminate\\Pipeline\\{closure}()
#52 /var/www/gpdsgame/vendor/laravel/framework/src/Illuminate/Pipeline/Pipeline.php(209): Illuminate\\Foundation\\Http\\Middleware\\InvokeDeferredCallbacks->handle()
#53 /var/www/gpdsgame/app/Http/Middleware/CheckBanned.php(23): Illuminate\\Pipeline\\Pipeline->Illuminate\\Pipeline\\{closure}()
#54 /var/www/gpdsgame/vendor/laravel/framework/src/Illuminate/Pipeline/Pipeline.php(209): App\\Http\\Middleware\\CheckBanned->handle()
#55 /var/www/gpdsgame/app/Http/Middleware/CheckBannedIp.php(24): Illuminate\\Pipeline\\Pipeline->Illuminate\\Pipeline\\{closure}()
#56 /var/www/gpdsgame/vendor/laravel/framework/src/Illuminate/Pipeline/Pipeline.php(209): App\\Http\\Middleware\\CheckBannedIp->handle()
#57 /var/www/gpdsgame/vendor/laravel/framework/src/Illuminate/Pipeline/Pipeline.php(127): Illuminate\\Pipeline\\Pipeline->Illuminate\\Pipeline\\{closure}()
#58 /var/www/gpdsgame/vendor/laravel/framework/src/Illuminate/Foundation/Http/Kernel.php(176): Illuminate\\Pipeline\\Pipeline->then()
#59 /var/www/gpdsgame/vendor/laravel/framework/src/Illuminate/Foundation/Http/Kernel.php(145): Illuminate\\Foundation\\Http\\Kernel->sendRequestThroughRouter()
#60 /var/www/gpdsgame/public/index.php(57): Illuminate\\Foundation\\Http\\Kernel->handle()
#61 {main}

[previous exception] [object] (ParseError(code: 0): Unclosed '[' on line 374 does not match ')' at /var/www/gpdsgame/storage/framework/views/dcbd2adc95091367420482226ec3e4ac.php:375)
[stacktrace]
#0 /var/www/gpdsgame/vendor/laravel/framework/src/Illuminate/Filesystem/Filesystem.php(124): Illuminate\\Filesystem\\Filesystem::Illuminate\\Filesystem\\{closure}()
#1 /var/www/gpdsgame/vendor/laravel/framework/src/Illuminate/View/Engines/PhpEngine.php(58): Illuminate\\Filesystem\\Filesystem->getRequire()
#2 /var/www/gpdsgame/vendor/laravel/framework/src/Illuminate/View/Engines/CompilerEngine.php(75): Illuminate\\View\\Engines\\PhpEngine->evaluatePath()
#3 /var/www/gpdsgame/vendor/laravel/framework/src/Illuminate/View/View.php(209): Illuminate\\View\\Engines\\CompilerEngine->get()
#4 /var/www/gpdsgame/vendor/laravel/framework/src/Illuminate/View/View.php(192): Illuminate\\View\\View->getContents()
#5 /var/www/gpdsgame/vendor/laravel/framework/src/Illuminate/View/View.php(161): Illuminate\\View\\View->renderContents()
#6 /var/www/gpdsgame/vendor/laravel/framework/src/Illuminate/Http/Response.php(79): Illuminate\\View\\View->render()
#7 /var/www/gpdsgame/vendor/laravel/framework/src/Illuminate/Http/Response.php(35): Illuminate\\Http\\Response->setContent()
#8 /var/www/gpdsgame/vendor/laravel/framework/src/Illuminate/Routing/Router.php(920): Illuminate\\Http\\Response->__construct()
#9 /var/www/gpdsgame/vendor/laravel/framework/src/Illuminate/Routing/Router.php(887): Illuminate\\Routing\\Router::toResponse()
#10 /var/www/gpdsgame/vendor/laravel/framework/src/Illuminate/Routing/Router.php(807): Illuminate\\Routing\\Router->prepareResponse()
#11 /var/www/gpdsgame/vendor/laravel/framework/src/Illuminate/Pipeline/Pipeline.php(170): Illuminate\\Routing\\Router->Illuminate\\Routing\\{closure}()
#12 /var/www/gpdsgame/vendor/spatie/laravel-permission/src/Middleware/PermissionMiddleware.php(37): Illuminate\\Pipeline\\Pipeline->Illuminate\\Pipeline\\{closure}()
#13 /var/www/gpdsgame/vendor/laravel/framework/src/Illuminate/Pipeline/Pipeline.php(209): Spatie\\Permission\\Middleware\\PermissionMiddleware->handle()
#14 /var/www/gpdsgame/app/Http/Middleware/EnsureNotCustomer.php(32): Illuminate\\Pipeline\\Pipeline->Illuminate\\Pipeline\\{closure}()
#15 /var/www/gpdsgame/vendor/laravel/framework/src/Illuminate/Pipeline/Pipeline.php(209): App\\Http\\Middleware\\EnsureNotCustomer->handle()
#16 /var/www/gpdsgame/vendor/laravel/framework/src/Illuminate/Routing/Middleware/SubstituteBindings.php(51): Illuminate\\Pipeline\\Pipeline->Illuminate\\Pipeline\\{closure}()
#17 /var/www/gpdsgame/vendor/laravel/framework/src/Illuminate/Pipeline/Pipeline.php(209): Illuminate\\Routing\\Middleware\\SubstituteBindings->handle()
#18 /var/www/gpdsgame/vendor/laravel/framework/src/Illuminate/Auth/Middleware/Authenticate.php(64): Illuminate\\Pipeline\\Pipeline->Illuminate\\Pipeline\\{closure}()
#19 /var/www/gpdsgame/vendor/laravel/framework/src/Illuminate/Pipeline/Pipeline.php(209): Illuminate\\Auth\\Middleware\\Authenticate->handle()
#20 /var/www/gpdsgame/vendor/laravel/framework/src/Illuminate/Foundation/Http/Middleware/VerifyCsrfToken.php(88): Illuminate\\Pipeline\\Pipeline->Illuminate\\Pipeline\\{closure}()
#21 /var/www/gpdsgame/vendor/laravel/framework/src/Illuminate/Pipeline/Pipeline.php(209): Illuminate\\Foundation\\Http\\Middleware\\VerifyCsrfToken->handle()
#22 /var/www/gpdsgame/vendor/laravel/framework/src/Illuminate/View/Middleware/ShareErrorsFromSession.php(49): Illuminate\\Pipeline\\Pipeline->Illuminate\\Pipeline\\{closure}()
#23 /var/www/gpdsgame/vendor/laravel/framework/src/Illuminate/Pipeline/Pipeline.php(209): Illuminate\\View\\Middleware\\ShareErrorsFromSession->handle()
#24 /var/www/gpdsgame/vendor/laravel/framework/src/Illuminate/Session/Middleware/StartSession.php(121): Illuminate\\Pipeline\\Pipeline->Illuminate\\Pipeline\\{closure}()
#25 /var/www/gpdsgame/vendor/laravel/framework/src/Illuminate/Session/Middleware/StartSession.php(64): Illuminate\\Session\\Middleware\\StartSession->handleStatefulRequest()
#26 /var/www/gpdsgame/vendor/laravel/framework/src/Illuminate/Pipeline/Pipeline.php(209): Illuminate\\Session\\Middleware\\StartSession->handle()
#27 /var/www/gpdsgame/vendor/laravel/framework/src/Illuminate/Cookie/Middleware/AddQueuedCookiesToResponse.php(37): Illuminate\\Pipeline\\Pipeline->Illuminate\\Pipeline\\{closure}()
#28 /var/www/gpdsgame/vendor/laravel/framework/src/Illuminate/Pipeline/Pipeline.php(209): Illuminate\\Cookie\\Middleware\\AddQueuedCookiesToResponse->handle()
#29 /var/www/gpdsgame/vendor/laravel/framework/src/Illuminate/Cookie/Middleware/EncryptCookies.php(75): Illuminate\\Pipeline\\Pipeline->Illuminate\\Pipeline\\{closure}()
#30 /var/www/gpdsgame/vendor/laravel/framework/src/Illuminate/Pipeline/Pipeline.php(209): Illuminate\\Cookie\\Middleware\\EncryptCookies->handle()
#31 /var/www/gpdsgame/vendor/laravel/framework/src/Illuminate/Pipeline/Pipeline.php(127): Illuminate\\Pipeline\\Pipeline->Illuminate\\Pipeline\\{closure}()
#32 /var/www/gpdsgame/vendor/laravel/framework/src/Illuminate/Routing/Router.php(807): Illuminate\\Pipeline\\Pipeline->then()
#33 /var/www/gpdsgame/vendor/laravel/framework/src/Illuminate/Routing/Router.php(786): Illuminate\\Routing\\Router->runRouteWithinStack()
#34 /var/www/gpdsgame/vendor/laravel/framework/src/Illuminate/Routing/Router.php(750): Illuminate\\Routing\\Router->runRoute()
#35 /var/www/gpdsgame/vendor/laravel/framework/src/Illuminate/Routing/Router.php(739): Illuminate\\Routing\\Router->dispatchToRoute()
#36 /var/www/gpdsgame/vendor/laravel/framework/src/Illuminate/Foundation/Http/Kernel.php(201): Illuminate\\Routing\\Router->dispatch()
#37 /var/www/gpdsgame/vendor/laravel/framework/src/Illuminate/Pipeline/Pipeline.php(170): Illuminate\\Foundation\\Http\\Kernel->Illuminate\\Foundation\\Http\\{closure}()
#38 /var/www/gpdsgame/vendor/laravel/framework/src/Illuminate/Foundation/Http/Middleware/TransformsRequest.php(21): Illuminate\\Pipeline\\Pipeline->Illuminate\\Pipeline\\{closure}()
#39 /var/www/gpdsgame/vendor/laravel/framework/src/Illuminate/Foundation/Http/Middleware/ConvertEmptyStringsToNull.php(31): Illuminate\\Foundation\\Http\\Middleware\\TransformsRequest->handle()
#40 /var/www/gpdsgame/vendor/laravel/framework/src/Illuminate/Pipeline/Pipeline.php(209): Illuminate\\Foundation\\Http\\Middleware\\ConvertEmptyStringsToNull->handle()
#41 /var/www/gpdsgame/vendor/laravel/framework/src/Illuminate/Foundation/Http/Middleware/TransformsRequest.php(21): Illuminate\\Pipeline\\Pipeline->Illuminate\\Pipeline\\{closure}()
#42 /var/www/gpdsgame/vendor/laravel/framework/src/Illuminate/Foundation/Http/Middleware/TrimStrings.php(51): Illuminate\\Foundation\\Http\\Middleware\\TransformsRequest->handle()
#43 /var/www/gpdsgame/vendor/laravel/framework/src/Illuminate/Pipeline/Pipeline.php(209): Illuminate\\Foundation\\Http\\Middleware\\TrimStrings->handle()
#44 /var/www/gpdsgame/vendor/laravel/framework/src/Illuminate/Http/Middleware/ValidatePostSize.php(27): Illuminate\\Pipeline\\Pipeline->Illuminate\\Pipeline\\{closure}()
#45 /var/www/gpdsgame/vendor/laravel/framework/src/Illuminate/Pipeline/Pipeline.php(209): Illuminate\\Http\\Middleware\\ValidatePostSize->handle()
#46 /var/www/gpdsgame/vendor/laravel/framework/src/Illuminate/Foundation/Http/Middleware/PreventRequestsDuringMaintenance.php(110): Illuminate\\Pipeline\\Pipeline->Illuminate\\Pipeline\\{closure}()
#47 /var/www/gpdsgame/vendor/laravel/framework/src/Illuminate/Pipeline/Pipeline.php(209): Illuminate\\Foundation\\Http\\Middleware\\PreventRequestsDuringMaintenance->handle()
#48 /var/www/gpdsgame/vendor/laravel/framework/src/Illuminate/Http/Middleware/HandleCors.php(49): Illuminate\\Pipeline\\Pipeline->Illuminate\\Pipeline\\{closure}()
#49 /var/www/gpdsgame/vendor/laravel/framework/src/Illuminate/Pipeline/Pipeline.php(209): Illuminate\\Http\\Middleware\\HandleCors->handle()
#50 /var/www/gpdsgame/vendor/laravel/framework/src/Illuminate/Http/Middleware/TrustProxies.php(58): Illuminate\\Pipeline\\Pipeline->Illuminate\\Pipeline\\{closure}()
#51 /var/www/gpdsgame/vendor/laravel/framework/src/Illuminate/Pipeline/Pipeline.php(209): Illuminate\\Http\\Middleware\\TrustProxies->handle()
#52 /var/www/gpdsgame/vendor/laravel/framework/src/Illuminate/Foundation/Http/Middleware/InvokeDeferredCallbacks.php(22): Illuminate\\Pipeline\\Pipeline->Illuminate\\Pipeline\\{closure}()
#53 /var/www/gpdsgame/vendor/laravel/framework/src/Illuminate/Pipeline/Pipeline.php(209): Illuminate\\Foundation\\Http\\Middleware\\InvokeDeferredCallbacks->handle()
#54 /var/www/gpdsgame/app/Http/Middleware/CheckBanned.php(23): Illuminate\\Pipeline\\Pipeline->Illuminate\\Pipeline\\{closure}()
#55 /var/www/gpdsgame/vendor/laravel/framework/src/Illuminate/Pipeline/Pipeline.php(209): App\\Http\\Middleware\\CheckBanned->handle()
#56 /var/www/gpdsgame/app/Http/Middleware/CheckBannedIp.php(24): Illuminate\\Pipeline\\Pipeline->Illuminate\\Pipeline\\{closure}()
#57 /var/www/gpdsgame/vendor/laravel/framework/src/Illuminate/Pipeline/Pipeline.php(209): App\\Http\\Middleware\\CheckBannedIp->handle()
#58 /var/www/gpdsgame/vendor/laravel/framework/src/Illuminate/Pipeline/Pipeline.php(127): Illuminate\\Pipeline\\Pipeline->Illuminate\\Pipeline\\{closure}()
#59 /var/www/gpdsgame/vendor/laravel/framework/src/Illuminate/Foundation/Http/Kernel.php(176): Illuminate\\Pipeline\\Pipeline->then()
#60 /var/www/gpdsgame/vendor/laravel/framework/src/Illuminate/Foundation/Http/Kernel.php(145): Illuminate\\Foundation\\Http\\Kernel->sendRequestThroughRouter()
#61 /var/www/gpdsgame/public/index.php(57): Illuminate\\Foundation\\Http\\Kernel->handle()
#62 {main}
"} 
[2026-01-16 11:20:20] production.ERROR: Product update error: SQLSTATE[HY000]: General error: 1364 Field 'sku' doesn't have a default value (Connection: mysql, SQL: insert into `ecommerce_product_variants` (`product_id`, `variant_option_id`, `name`, `price`, `sale_price`, `stock`, `position`, `is_active`, `updated_at`, `created_at`) values (1, 7, Red, 50, 40, 4, 0, 1, 2026-01-16 11:20:20, 2026-01-16 11:20:20))  
[2026-01-16 11:23:08] production.ERROR: Product update error: SQLSTATE[HY000]: General error: 1364 Field 'sku' doesn't have a default value (Connection: mysql, SQL: insert into `ecommerce_product_variants` (`product_id`, `variant_option_id`, `name`, `price`, `sale_price`, `stock`, `position`, `is_active`, `updated_at`, `created_at`) values (1, 8, Red, 50, 40, 3, 0, 1, 2026-01-16 11:23:08, 2026-01-16 11:23:08))  
[2026-01-17 08:08:57] production.ERROR: Non-static method App\Services\PictureService::upload() cannot be called statically {"userId":3364,"exception":"[object] (Error(code: 0): Non-static method App\\Services\\PictureService::upload() cannot be called statically at /var/www/gpdsgame/app/Http/Controllers/EcommerceProductController.php:172)
[stacktrace]
#0 /var/www/gpdsgame/vendor/laravel/framework/src/Illuminate/Routing/Controller.php(54): App\\Http\\Controllers\\EcommerceProductController->update()
#1 /var/www/gpdsgame/vendor/laravel/framework/src/Illuminate/Routing/ControllerDispatcher.php(44): Illuminate\\Routing\\Controller->callAction()
#2 /var/www/gpdsgame/vendor/laravel/framework/src/Illuminate/Routing/Route.php(266): Illuminate\\Routing\\ControllerDispatcher->dispatch()
#3 /var/www/gpdsgame/vendor/laravel/framework/src/Illuminate/Routing/Route.php(212): Illuminate\\Routing\\Route->runController()
#4 /var/www/gpdsgame/vendor/laravel/framework/src/Illuminate/Routing/Router.php(808): Illuminate\\Routing\\Route->run()
#5 /var/www/gpdsgame/vendor/laravel/framework/src/Illuminate/Pipeline/Pipeline.php(170): Illuminate\\Routing\\Router->Illuminate\\Routing\\{closure}()
#6 /var/www/gpdsgame/vendor/spatie/laravel-permission/src/Middleware/PermissionMiddleware.php(37): Illuminate\\Pipeline\\Pipeline->Illuminate\\Pipeline\\{closure}()
#7 /var/www/gpdsgame/vendor/laravel/framework/src/Illuminate/Pipeline/Pipeline.php(209): Spatie\\Permission\\Middleware\\PermissionMiddleware->handle()
#8 /var/www/gpdsgame/app/Http/Middleware/EnsureNotCustomer.php(32): Illuminate\\Pipeline\\Pipeline->Illuminate\\Pipeline\\{closure}()
#9 /var/www/gpdsgame/vendor/laravel/framework/src/Illuminate/Pipeline/Pipeline.php(209): App\\Http\\Middleware\\EnsureNotCustomer->handle()
#10 /var/www/gpdsgame/vendor/laravel/framework/src/Illuminate/Routing/Middleware/SubstituteBindings.php(51): Illuminate\\Pipeline\\Pipeline->Illuminate\\Pipeline\\{closure}()
#11 /var/www/gpdsgame/vendor/laravel/framework/src/Illuminate/Pipeline/Pipeline.php(209): Illuminate\\Routing\\Middleware\\SubstituteBindings->handle()
#12 /var/www/gpdsgame/vendor/laravel/framework/src/Illuminate/Auth/Middleware/Authenticate.php(64): Illuminate\\Pipeline\\Pipeline->Illuminate\\Pipeline\\{closure}()
#13 /var/www/gpdsgame/vendor/laravel/framework/src/Illuminate/Pipeline/Pipeline.php(209): Illuminate\\Auth\\Middleware\\Authenticate->handle()
#14 /var/www/gpdsgame/vendor/laravel/framework/src/Illuminate/Foundation/Http/Middleware/VerifyCsrfToken.php(88): Illuminate\\Pipeline\\Pipeline->Illuminate\\Pipeline\\{closure}()
#15 /var/www/gpdsgame/vendor/laravel/framework/src/Illuminate/Pipeline/Pipeline.php(209): Illuminate\\Foundation\\Http\\Middleware\\VerifyCsrfToken->handle()
#16 /var/www/gpdsgame/vendor/laravel/framework/src/Illuminate/View/Middleware/ShareErrorsFromSession.php(49): Illuminate\\Pipeline\\Pipeline->Illuminate\\Pipeline\\{closure}()
#17 /var/www/gpdsgame/vendor/laravel/framework/src/Illuminate/Pipeline/Pipeline.php(209): Illuminate\\View\\Middleware\\ShareErrorsFromSession->handle()
#18 /var/www/gpdsgame/vendor/laravel/framework/src/Illuminate/Session/Middleware/StartSession.php(121): Illuminate\\Pipeline\\Pipeline->Illuminate\\Pipeline\\{closure}()
#19 /var/www/gpdsgame/vendor/laravel/framework/src/Illuminate/Session/Middleware/StartSession.php(64): Illuminate\\Session\\Middleware\\StartSession->handleStatefulRequest()
#20 /var/www/gpdsgame/vendor/laravel/framework/src/Illuminate/Pipeline/Pipeline.php(209): Illuminate\\Session\\Middleware\\StartSession->handle()
#21 /var/www/gpdsgame/vendor/laravel/framework/src/Illuminate/Cookie/Middleware/AddQueuedCookiesToResponse.php(37): Illuminate\\Pipeline\\Pipeline->Illuminate\\Pipeline\\{closure}()
#22 /var/www/gpdsgame/vendor/laravel/framework/src/Illuminate/Pipeline/Pipeline.php(209): Illuminate\\Cookie\\Middleware\\AddQueuedCookiesToResponse->handle()
#23 /var/www/gpdsgame/vendor/laravel/framework/src/Illuminate/Cookie/Middleware/EncryptCookies.php(75): Illuminate\\Pipeline\\Pipeline->Illuminate\\Pipeline\\{closure}()
#24 /var/www/gpdsgame/vendor/laravel/framework/src/Illuminate/Pipeline/Pipeline.php(209): Illuminate\\Cookie\\Middleware\\EncryptCookies->handle()
#25 /var/www/gpdsgame/vendor/laravel/framework/src/Illuminate/Pipeline/Pipeline.php(127): Illuminate\\Pipeline\\Pipeline->Illuminate\\Pipeline\\{closure}()
#26 /var/www/gpdsgame/vendor/laravel/framework/src/Illuminate/Routing/Router.php(807): Illuminate\\Pipeline\\Pipeline->then()
#27 /var/www/gpdsgame/vendor/laravel/framework/src/Illuminate/Routing/Router.php(786): Illuminate\\Routing\\Router->runRouteWithinStack()
#28 /var/www/gpdsgame/vendor/laravel/framework/src/Illuminate/Routing/Router.php(750): Illuminate\\Routing\\Router->runRoute()
#29 /var/www/gpdsgame/vendor/laravel/framework/src/Illuminate/Routing/Router.php(739): Illuminate\\Routing\\Router->dispatchToRoute()
#30 /var/www/gpdsgame/vendor/laravel/framework/src/Illuminate/Foundation/Http/Kernel.php(201): Illuminate\\Routing\\Router->dispatch()
#31 /var/www/gpdsgame/vendor/laravel/framework/src/Illuminate/Pipeline/Pipeline.php(170): Illuminate\\Foundation\\Http\\Kernel->Illuminate\\Foundation\\Http\\{closure}()
#32 /var/www/gpdsgame/vendor/laravel/framework/src/Illuminate/Foundation/Http/Middleware/TransformsRequest.php(21): Illuminate\\Pipeline\\Pipeline->Illuminate\\Pipeline\\{closure}()
#33 /var/www/gpdsgame/vendor/laravel/framework/src/Illuminate/Foundation/Http/Middleware/ConvertEmptyStringsToNull.php(31): Illuminate\\Foundation\\Http\\Middleware\\TransformsRequest->handle()
#34 /var/www/gpdsgame/vendor/laravel/framework/src/Illuminate/Pipeline/Pipeline.php(209): Illuminate\\Foundation\\Http\\Middleware\\ConvertEmptyStringsToNull->handle()
#35 /var/www/gpdsgame/vendor/laravel/framework/src/Illuminate/Foundation/Http/Middleware/TransformsRequest.php(21): Illuminate\\Pipeline\\Pipeline->Illuminate\\Pipeline\\{closure}()
#36 /var/www/gpdsgame/vendor/laravel/framework/src/Illuminate/Foundation/Http/Middleware/TrimStrings.php(51): Illuminate\\Foundation\\Http\\Middleware\\TransformsRequest->handle()
#37 /var/www/gpdsgame/vendor/laravel/framework/src/Illuminate/Pipeline/Pipeline.php(209): Illuminate\\Foundation\\Http\\Middleware\\TrimStrings->handle()
#38 /var/www/gpdsgame/vendor/laravel/framework/src/Illuminate/Http/Middleware/ValidatePostSize.php(27): Illuminate\\Pipeline\\Pipeline->Illuminate\\Pipeline\\{closure}()
#39 /var/www/gpdsgame/vendor/laravel/framework/src/Illuminate/Pipeline/Pipeline.php(209): Illuminate\\Http\\Middleware\\ValidatePostSize->handle()
#40 /var/www/gpdsgame/vendor/laravel/framework/src/Illuminate/Foundation/Http/Middleware/PreventRequestsDuringMaintenance.php(110): Illuminate\\Pipeline\\Pipeline->Illuminate\\Pipeline\\{closure}()
#41 /var/www/gpdsgame/vendor/laravel/framework/src/Illuminate/Pipeline/Pipeline.php(209): Illuminate\\Foundation\\Http\\Middleware\\PreventRequestsDuringMaintenance->handle()
#42 /var/www/gpdsgame/vendor/laravel/framework/src/Illuminate/Http/Middleware/HandleCors.php(49): Illuminate\\Pipeline\\Pipeline->Illuminate\\Pipeline\\{closure}()
#43 /var/www/gpdsgame/vendor/laravel/framework/src/Illuminate/Pipeline/Pipeline.php(209): Illuminate\\Http\\Middleware\\HandleCors->handle()
#44 /var/www/gpdsgame/vendor/laravel/framework/src/Illuminate/Http/Middleware/TrustProxies.php(58): Illuminate\\Pipeline\\Pipeline->Illuminate\\Pipeline\\{closure}()
#45 /var/www/gpdsgame/vendor/laravel/framework/src/Illuminate/Pipeline/Pipeline.php(209): Illuminate\\Http\\Middleware\\TrustProxies->handle()
#46 /var/www/gpdsgame/vendor/laravel/framework/src/Illuminate/Foundation/Http/Middleware/InvokeDeferredCallbacks.php(22): Illuminate\\Pipeline\\Pipeline->Illuminate\\Pipeline\\{closure}()
#47 /var/www/gpdsgame/vendor/laravel/framework/src/Illuminate/Pipeline/Pipeline.php(209): Illuminate\\Foundation\\Http\\Middleware\\InvokeDeferredCallbacks->handle()
#48 /var/www/gpdsgame/app/Http/Middleware/CheckBanned.php(23): Illuminate\\Pipeline\\Pipeline->Illuminate\\Pipeline\\{closure}()
#49 /var/www/gpdsgame/vendor/laravel/framework/src/Illuminate/Pipeline/Pipeline.php(209): App\\Http\\Middleware\\CheckBanned->handle()
#50 /var/www/gpdsgame/app/Http/Middleware/CheckBannedIp.php(24): Illuminate\\Pipeline\\Pipeline->Illuminate\\Pipeline\\{closure}()
#51 /var/www/gpdsgame/vendor/laravel/framework/src/Illuminate/Pipeline/Pipeline.php(209): App\\Http\\Middleware\\CheckBannedIp->handle()
#52 /var/www/gpdsgame/vendor/laravel/framework/src/Illuminate/Pipeline/Pipeline.php(127): Illuminate\\Pipeline\\Pipeline->Illuminate\\Pipeline\\{closure}()
#53 /var/www/gpdsgame/vendor/laravel/framework/src/Illuminate/Foundation/Http/Kernel.php(176): Illuminate\\Pipeline\\Pipeline->then()
#54 /var/www/gpdsgame/vendor/laravel/framework/src/Illuminate/Foundation/Http/Kernel.php(145): Illuminate\\Foundation\\Http\\Kernel->sendRequestThroughRouter()
#55 /var/www/gpdsgame/public/index.php(57): Illuminate\\Foundation\\Http\\Kernel->handle()
#56 {main}
"} 
[2026-01-17 08:15:12] production.ERROR: Non-static method App\Services\PictureService::upload() cannot be called statically {"userId":3364,"exception":"[object] (Error(code: 0): Non-static method App\\Services\\PictureService::upload() cannot be called statically at /var/www/gpdsgame/app/Http/Controllers/EcommerceProductController.php:172)
[stacktrace]
#0 /var/www/gpdsgame/vendor/laravel/framework/src/Illuminate/Routing/Controller.php(54): App\\Http\\Controllers\\EcommerceProductController->update()
#1 /var/www/gpdsgame/vendor/laravel/framework/src/Illuminate/Routing/ControllerDispatcher.php(44): Illuminate\\Routing\\Controller->callAction()
#2 /var/www/gpdsgame/vendor/laravel/framework/src/Illuminate/Routing/Route.php(266): Illuminate\\Routing\\ControllerDispatcher->dispatch()
#3 /var/www/gpdsgame/vendor/laravel/framework/src/Illuminate/Routing/Route.php(212): Illuminate\\Routing\\Route->runController()
#4 /var/www/gpdsgame/vendor/laravel/framework/src/Illuminate/Routing/Router.php(808): Illuminate\\Routing\\Route->run()
#5 /var/www/gpdsgame/vendor/laravel/framework/src/Illuminate/Pipeline/Pipeline.php(170): Illuminate\\Routing\\Router->Illuminate\\Routing\\{closure}()
#6 /var/www/gpdsgame/vendor/spatie/laravel-permission/src/Middleware/PermissionMiddleware.php(37): Illuminate\\Pipeline\\Pipeline->Illuminate\\Pipeline\\{closure}()
#7 /var/www/gpdsgame/vendor/laravel/framework/src/Illuminate/Pipeline/Pipeline.php(209): Spatie\\Permission\\Middleware\\PermissionMiddleware->handle()
#8 /var/www/gpdsgame/app/Http/Middleware/EnsureNotCustomer.php(32): Illuminate\\Pipeline\\Pipeline->Illuminate\\Pipeline\\{closure}()
#9 /var/www/gpdsgame/vendor/laravel/framework/src/Illuminate/Pipeline/Pipeline.php(209): App\\Http\\Middleware\\EnsureNotCustomer->handle()
#10 /var/www/gpdsgame/vendor/laravel/framework/src/Illuminate/Routing/Middleware/SubstituteBindings.php(51): Illuminate\\Pipeline\\Pipeline->Illuminate\\Pipeline\\{closure}()
#11 /var/www/gpdsgame/vendor/laravel/framework/src/Illuminate/Pipeline/Pipeline.php(209): Illuminate\\Routing\\Middleware\\SubstituteBindings->handle()
#12 /var/www/gpdsgame/vendor/laravel/framework/src/Illuminate/Auth/Middleware/Authenticate.php(64): Illuminate\\Pipeline\\Pipeline->Illuminate\\Pipeline\\{closure}()
#13 /var/www/gpdsgame/vendor/laravel/framework/src/Illuminate/Pipeline/Pipeline.php(209): Illuminate\\Auth\\Middleware\\Authenticate->handle()
#14 /var/www/gpdsgame/vendor/laravel/framework/src/Illuminate/Foundation/Http/Middleware/VerifyCsrfToken.php(88): Illuminate\\Pipeline\\Pipeline->Illuminate\\Pipeline\\{closure}()
#15 /var/www/gpdsgame/vendor/laravel/framework/src/Illuminate/Pipeline/Pipeline.php(209): Illuminate\\Foundation\\Http\\Middleware\\VerifyCsrfToken->handle()
#16 /var/www/gpdsgame/vendor/laravel/framework/src/Illuminate/View/Middleware/ShareErrorsFromSession.php(49): Illuminate\\Pipeline\\Pipeline->Illuminate\\Pipeline\\{closure}()
#17 /var/www/gpdsgame/vendor/laravel/framework/src/Illuminate/Pipeline/Pipeline.php(209): Illuminate\\View\\Middleware\\ShareErrorsFromSession->handle()
#18 /var/www/gpdsgame/vendor/laravel/framework/src/Illuminate/Session/Middleware/StartSession.php(121): Illuminate\\Pipeline\\Pipeline->Illuminate\\Pipeline\\{closure}()
#19 /var/www/gpdsgame/vendor/laravel/framework/src/Illuminate/Session/Middleware/StartSession.php(64): Illuminate\\Session\\Middleware\\StartSession->handleStatefulRequest()
#20 /var/www/gpdsgame/vendor/laravel/framework/src/Illuminate/Pipeline/Pipeline.php(209): Illuminate\\Session\\Middleware\\StartSession->handle()
#21 /var/www/gpdsgame/vendor/laravel/framework/src/Illuminate/Cookie/Middleware/AddQueuedCookiesToResponse.php(37): Illuminate\\Pipeline\\Pipeline->Illuminate\\Pipeline\\{closure}()
#22 /var/www/gpdsgame/vendor/laravel/framework/src/Illuminate/Pipeline/Pipeline.php(209): Illuminate\\Cookie\\Middleware\\AddQueuedCookiesToResponse->handle()
#23 /var/www/gpdsgame/vendor/laravel/framework/src/Illuminate/Cookie/Middleware/EncryptCookies.php(75): Illuminate\\Pipeline\\Pipeline->Illuminate\\Pipeline\\{closure}()
#24 /var/www/gpdsgame/vendor/laravel/framework/src/Illuminate/Pipeline/Pipeline.php(209): Illuminate\\Cookie\\Middleware\\EncryptCookies->handle()
#25 /var/www/gpdsgame/vendor/laravel/framework/src/Illuminate/Pipeline/Pipeline.php(127): Illuminate\\Pipeline\\Pipeline->Illuminate\\Pipeline\\{closure}()
#26 /var/www/gpdsgame/vendor/laravel/framework/src/Illuminate/Routing/Router.php(807): Illuminate\\Pipeline\\Pipeline->then()
#27 /var/www/gpdsgame/vendor/laravel/framework/src/Illuminate/Routing/Router.php(786): Illuminate\\Routing\\Router->runRouteWithinStack()
#28 /var/www/gpdsgame/vendor/laravel/framework/src/Illuminate/Routing/Router.php(750): Illuminate\\Routing\\Router->runRoute()
#29 /var/www/gpdsgame/vendor/laravel/framework/src/Illuminate/Routing/Router.php(739): Illuminate\\Routing\\Router->dispatchToRoute()
#30 /var/www/gpdsgame/vendor/laravel/framework/src/Illuminate/Foundation/Http/Kernel.php(201): Illuminate\\Routing\\Router->dispatch()
#31 /var/www/gpdsgame/vendor/laravel/framework/src/Illuminate/Pipeline/Pipeline.php(170): Illuminate\\Foundation\\Http\\Kernel->Illuminate\\Foundation\\Http\\{closure}()
#32 /var/www/gpdsgame/vendor/laravel/framework/src/Illuminate/Foundation/Http/Middleware/TransformsRequest.php(21): Illuminate\\Pipeline\\Pipeline->Illuminate\\Pipeline\\{closure}()
#33 /var/www/gpdsgame/vendor/laravel/framework/src/Illuminate/Foundation/Http/Middleware/ConvertEmptyStringsToNull.php(31): Illuminate\\Foundation\\Http\\Middleware\\TransformsRequest->handle()
#34 /var/www/gpdsgame/vendor/laravel/framework/src/Illuminate/Pipeline/Pipeline.php(209): Illuminate\\Foundation\\Http\\Middleware\\ConvertEmptyStringsToNull->handle()
#35 /var/www/gpdsgame/vendor/laravel/framework/src/Illuminate/Foundation/Http/Middleware/TransformsRequest.php(21): Illuminate\\Pipeline\\Pipeline->Illuminate\\Pipeline\\{closure}()
#36 /var/www/gpdsgame/vendor/laravel/framework/src/Illuminate/Foundation/Http/Middleware/TrimStrings.php(51): Illuminate\\Foundation\\Http\\Middleware\\TransformsRequest->handle()
#37 /var/www/gpdsgame/vendor/laravel/framework/src/Illuminate/Pipeline/Pipeline.php(209): Illuminate\\Foundation\\Http\\Middleware\\TrimStrings->handle()
#38 /var/www/gpdsgame/vendor/laravel/framework/src/Illuminate/Http/Middleware/ValidatePostSize.php(27): Illuminate\\Pipeline\\Pipeline->Illuminate\\Pipeline\\{closure}()
#39 /var/www/gpdsgame/vendor/laravel/framework/src/Illuminate/Pipeline/Pipeline.php(209): Illuminate\\Http\\Middleware\\ValidatePostSize->handle()
#40 /var/www/gpdsgame/vendor/laravel/framework/src/Illuminate/Foundation/Http/Middleware/PreventRequestsDuringMaintenance.php(110): Illuminate\\Pipeline\\Pipeline->Illuminate\\Pipeline\\{closure}()
#41 /var/www/gpdsgame/vendor/laravel/framework/src/Illuminate/Pipeline/Pipeline.php(209): Illuminate\\Foundation\\Http\\Middleware\\PreventRequestsDuringMaintenance->handle()
#42 /var/www/gpdsgame/vendor/laravel/framework/src/Illuminate/Http/Middleware/HandleCors.php(49): Illuminate\\Pipeline\\Pipeline->Illuminate\\Pipeline\\{closure}()
#43 /var/www/gpdsgame/vendor/laravel/framework/src/Illuminate/Pipeline/Pipeline.php(209): Illuminate\\Http\\Middleware\\HandleCors->handle()
#44 /var/www/gpdsgame/vendor/laravel/framework/src/Illuminate/Http/Middleware/TrustProxies.php(58): Illuminate\\Pipeline\\Pipeline->Illuminate\\Pipeline\\{closure}()
#45 /var/www/gpdsgame/vendor/laravel/framework/src/Illuminate/Pipeline/Pipeline.php(209): Illuminate\\Http\\Middleware\\TrustProxies->handle()
#46 /var/www/gpdsgame/vendor/laravel/framework/src/Illuminate/Foundation/Http/Middleware/InvokeDeferredCallbacks.php(22): Illuminate\\Pipeline\\Pipeline->Illuminate\\Pipeline\\{closure}()
#47 /var/www/gpdsgame/vendor/laravel/framework/src/Illuminate/Pipeline/Pipeline.php(209): Illuminate\\Foundation\\Http\\Middleware\\InvokeDeferredCallbacks->handle()
#48 /var/www/gpdsgame/app/Http/Middleware/CheckBanned.php(23): Illuminate\\Pipeline\\Pipeline->Illuminate\\Pipeline\\{closure}()
#49 /var/www/gpdsgame/vendor/laravel/framework/src/Illuminate/Pipeline/Pipeline.php(209): App\\Http\\Middleware\\CheckBanned->handle()
#50 /var/www/gpdsgame/app/Http/Middleware/CheckBannedIp.php(24): Illuminate\\Pipeline\\Pipeline->Illuminate\\Pipeline\\{closure}()
#51 /var/www/gpdsgame/vendor/laravel/framework/src/Illuminate/Pipeline/Pipeline.php(209): App\\Http\\Middleware\\CheckBannedIp->handle()
#52 /var/www/gpdsgame/vendor/laravel/framework/src/Illuminate/Pipeline/Pipeline.php(127): Illuminate\\Pipeline\\Pipeline->Illuminate\\Pipeline\\{closure}()
#53 /var/www/gpdsgame/vendor/laravel/framework/src/Illuminate/Foundation/Http/Kernel.php(176): Illuminate\\Pipeline\\Pipeline->then()
#54 /var/www/gpdsgame/vendor/laravel/framework/src/Illuminate/Foundation/Http/Kernel.php(145): Illuminate\\Foundation\\Http\\Kernel->sendRequestThroughRouter()
#55 /var/www/gpdsgame/public/index.php(57): Illuminate\\Foundation\\Http\\Kernel->handle()
#56 {main}
"} 
[2026-01-17 08:28:33] production.ERROR: Cannot redeclare App\Http\Controllers\EcommerceProductController::__construct() {"exception":"[object] (Symfony\\Component\\ErrorHandler\\Error\\FatalError(code: 0): Cannot redeclare App\\Http\\Controllers\\EcommerceProductController::__construct() at /var/www/gpdsgame/app/Http/Controllers/EcommerceProductController.php:26)
[stacktrace]
#0 {main}
"} 
[2026-01-17 08:28:40] production.ERROR: Cannot redeclare App\Http\Controllers\EcommerceProductController::__construct() {"exception":"[object] (Symfony\\Component\\ErrorHandler\\Error\\FatalError(code: 0): Cannot redeclare App\\Http\\Controllers\\EcommerceProductController::__construct() at /var/www/gpdsgame/app/Http/Controllers/EcommerceProductController.php:26)
[stacktrace]
#0 {main}
"} 
[2026-01-17 08:31:07] production.ERROR: Too few arguments to function App\Services\PictureService::upload(), 2 passed in /var/www/gpdsgame/app/Http/Controllers/EcommerceProductController.php on line 176 and exactly 5 expected {"userId":3364,"exception":"[object] (ArgumentCountError(code: 0): Too few arguments to function App\\Services\\PictureService::upload(), 2 passed in /var/www/gpdsgame/app/Http/Controllers/EcommerceProductController.php on line 176 and exactly 5 expected at /var/www/gpdsgame/app/Services/PictureService.php:14)
[stacktrace]
#0 /var/www/gpdsgame/app/Http/Controllers/EcommerceProductController.php(176): App\\Services\\PictureService->upload()
#1 /var/www/gpdsgame/vendor/laravel/framework/src/Illuminate/Routing/Controller.php(54): App\\Http\\Controllers\\EcommerceProductController->update()
#2 /var/www/gpdsgame/vendor/laravel/framework/src/Illuminate/Routing/ControllerDispatcher.php(44): Illuminate\\Routing\\Controller->callAction()
#3 /var/www/gpdsgame/vendor/laravel/framework/src/Illuminate/Routing/Route.php(266): Illuminate\\Routing\\ControllerDispatcher->dispatch()
#4 /var/www/gpdsgame/vendor/laravel/framework/src/Illuminate/Routing/Route.php(212): Illuminate\\Routing\\Route->runController()
#5 /var/www/gpdsgame/vendor/laravel/framework/src/Illuminate/Routing/Router.php(808): Illuminate\\Routing\\Route->run()
#6 /var/www/gpdsgame/vendor/laravel/framework/src/Illuminate/Pipeline/Pipeline.php(170): Illuminate\\Routing\\Router->Illuminate\\Routing\\{closure}()
#7 /var/www/gpdsgame/vendor/spatie/laravel-permission/src/Middleware/PermissionMiddleware.php(37): Illuminate\\Pipeline\\Pipeline->Illuminate\\Pipeline\\{closure}()
#8 /var/www/gpdsgame/vendor/laravel/framework/src/Illuminate/Pipeline/Pipeline.php(209): Spatie\\Permission\\Middleware\\PermissionMiddleware->handle()
#9 /var/www/gpdsgame/app/Http/Middleware/EnsureNotCustomer.php(32): Illuminate\\Pipeline\\Pipeline->Illuminate\\Pipeline\\{closure}()
#10 /var/www/gpdsgame/vendor/laravel/framework/src/Illuminate/Pipeline/Pipeline.php(209): App\\Http\\Middleware\\EnsureNotCustomer->handle()
#11 /var/www/gpdsgame/vendor/laravel/framework/src/Illuminate/Routing/Middleware/SubstituteBindings.php(51): Illuminate\\Pipeline\\Pipeline->Illuminate\\Pipeline\\{closure}()
#12 /var/www/gpdsgame/vendor/laravel/framework/src/Illuminate/Pipeline/Pipeline.php(209): Illuminate\\Routing\\Middleware\\SubstituteBindings->handle()
#13 /var/www/gpdsgame/vendor/laravel/framework/src/Illuminate/Auth/Middleware/Authenticate.php(64): Illuminate\\Pipeline\\Pipeline->Illuminate\\Pipeline\\{closure}()
#14 /var/www/gpdsgame/vendor/laravel/framework/src/Illuminate/Pipeline/Pipeline.php(209): Illuminate\\Auth\\Middleware\\Authenticate->handle()
#15 /var/www/gpdsgame/vendor/laravel/framework/src/Illuminate/Foundation/Http/Middleware/VerifyCsrfToken.php(88): Illuminate\\Pipeline\\Pipeline->Illuminate\\Pipeline\\{closure}()
#16 /var/www/gpdsgame/vendor/laravel/framework/src/Illuminate/Pipeline/Pipeline.php(209): Illuminate\\Foundation\\Http\\Middleware\\VerifyCsrfToken->handle()
#17 /var/www/gpdsgame/vendor/laravel/framework/src/Illuminate/View/Middleware/ShareErrorsFromSession.php(49): Illuminate\\Pipeline\\Pipeline->Illuminate\\Pipeline\\{closure}()
#18 /var/www/gpdsgame/vendor/laravel/framework/src/Illuminate/Pipeline/Pipeline.php(209): Illuminate\\View\\Middleware\\ShareErrorsFromSession->handle()
#19 /var/www/gpdsgame/vendor/laravel/framework/src/Illuminate/Session/Middleware/StartSession.php(121): Illuminate\\Pipeline\\Pipeline->Illuminate\\Pipeline\\{closure}()
#20 /var/www/gpdsgame/vendor/laravel/framework/src/Illuminate/Session/Middleware/StartSession.php(64): Illuminate\\Session\\Middleware\\StartSession->handleStatefulRequest()
#21 /var/www/gpdsgame/vendor/laravel/framework/src/Illuminate/Pipeline/Pipeline.php(209): Illuminate\\Session\\Middleware\\StartSession->handle()
#22 /var/www/gpdsgame/vendor/laravel/framework/src/Illuminate/Cookie/Middleware/AddQueuedCookiesToResponse.php(37): Illuminate\\Pipeline\\Pipeline->Illuminate\\Pipeline\\{closure}()
#23 /var/www/gpdsgame/vendor/laravel/framework/src/Illuminate/Pipeline/Pipeline.php(209): Illuminate\\Cookie\\Middleware\\AddQueuedCookiesToResponse->handle()
#24 /var/www/gpdsgame/vendor/laravel/framework/src/Illuminate/Cookie/Middleware/EncryptCookies.php(75): Illuminate\\Pipeline\\Pipeline->Illuminate\\Pipeline\\{closure}()
#25 /var/www/gpdsgame/vendor/laravel/framework/src/Illuminate/Pipeline/Pipeline.php(209): Illuminate\\Cookie\\Middleware\\EncryptCookies->handle()
#26 /var/www/gpdsgame/vendor/laravel/framework/src/Illuminate/Pipeline/Pipeline.php(127): Illuminate\\Pipeline\\Pipeline->Illuminate\\Pipeline\\{closure}()
#27 /var/www/gpdsgame/vendor/laravel/framework/src/Illuminate/Routing/Router.php(807): Illuminate\\Pipeline\\Pipeline->then()
#28 /var/www/gpdsgame/vendor/laravel/framework/src/Illuminate/Routing/Router.php(786): Illuminate\\Routing\\Router->runRouteWithinStack()
#29 /var/www/gpdsgame/vendor/laravel/framework/src/Illuminate/Routing/Router.php(750): Illuminate\\Routing\\Router->runRoute()
#30 /var/www/gpdsgame/vendor/laravel/framework/src/Illuminate/Routing/Router.php(739): Illuminate\\Routing\\Router->dispatchToRoute()
#31 /var/www/gpdsgame/vendor/laravel/framework/src/Illuminate/Foundation/Http/Kernel.php(201): Illuminate\\Routing\\Router->dispatch()
#32 /var/www/gpdsgame/vendor/laravel/framework/src/Illuminate/Pipeline/Pipeline.php(170): Illuminate\\Foundation\\Http\\Kernel->Illuminate\\Foundation\\Http\\{closure}()
#33 /var/www/gpdsgame/vendor/laravel/framework/src/Illuminate/Foundation/Http/Middleware/TransformsRequest.php(21): Illuminate\\Pipeline\\Pipeline->Illuminate\\Pipeline\\{closure}()
#34 /var/www/gpdsgame/vendor/laravel/framework/src/Illuminate/Foundation/Http/Middleware/ConvertEmptyStringsToNull.php(31): Illuminate\\Foundation\\Http\\Middleware\\TransformsRequest->handle()
#35 /var/www/gpdsgame/vendor/laravel/framework/src/Illuminate/Pipeline/Pipeline.php(209): Illuminate\\Foundation\\Http\\Middleware\\ConvertEmptyStringsToNull->handle()
#36 /var/www/gpdsgame/vendor/laravel/framework/src/Illuminate/Foundation/Http/Middleware/TransformsRequest.php(21): Illuminate\\Pipeline\\Pipeline->Illuminate\\Pipeline\\{closure}()
#37 /var/www/gpdsgame/vendor/laravel/framework/src/Illuminate/Foundation/Http/Middleware/TrimStrings.php(51): Illuminate\\Foundation\\Http\\Middleware\\TransformsRequest->handle()
#38 /var/www/gpdsgame/vendor/laravel/framework/src/Illuminate/Pipeline/Pipeline.php(209): Illuminate\\Foundation\\Http\\Middleware\\TrimStrings->handle()
#39 /var/www/gpdsgame/vendor/laravel/framework/src/Illuminate/Http/Middleware/ValidatePostSize.php(27): Illuminate\\Pipeline\\Pipeline->Illuminate\\Pipeline\\{closure}()
#40 /var/www/gpdsgame/vendor/laravel/framework/src/Illuminate/Pipeline/Pipeline.php(209): Illuminate\\Http\\Middleware\\ValidatePostSize->handle()
#41 /var/www/gpdsgame/vendor/laravel/framework/src/Illuminate/Foundation/Http/Middleware/PreventRequestsDuringMaintenance.php(110): Illuminate\\Pipeline\\Pipeline->Illuminate\\Pipeline\\{closure}()
#42 /var/www/gpdsgame/vendor/laravel/framework/src/Illuminate/Pipeline/Pipeline.php(209): Illuminate\\Foundation\\Http\\Middleware\\PreventRequestsDuringMaintenance->handle()
#43 /var/www/gpdsgame/vendor/laravel/framework/src/Illuminate/Http/Middleware/HandleCors.php(49): Illuminate\\Pipeline\\Pipeline->Illuminate\\Pipeline\\{closure}()
#44 /var/www/gpdsgame/vendor/laravel/framework/src/Illuminate/Pipeline/Pipeline.php(209): Illuminate\\Http\\Middleware\\HandleCors->handle()
#45 /var/www/gpdsgame/vendor/laravel/framework/src/Illuminate/Http/Middleware/TrustProxies.php(58): Illuminate\\Pipeline\\Pipeline->Illuminate\\Pipeline\\{closure}()
#46 /var/www/gpdsgame/vendor/laravel/framework/src/Illuminate/Pipeline/Pipeline.php(209): Illuminate\\Http\\Middleware\\TrustProxies->handle()
#47 /var/www/gpdsgame/vendor/laravel/framework/src/Illuminate/Foundation/Http/Middleware/InvokeDeferredCallbacks.php(22): Illuminate\\Pipeline\\Pipeline->Illuminate\\Pipeline\\{closure}()
#48 /var/www/gpdsgame/vendor/laravel/framework/src/Illuminate/Pipeline/Pipeline.php(209): Illuminate\\Foundation\\Http\\Middleware\\InvokeDeferredCallbacks->handle()
#49 /var/www/gpdsgame/app/Http/Middleware/CheckBanned.php(23): Illuminate\\Pipeline\\Pipeline->Illuminate\\Pipeline\\{closure}()
#50 /var/www/gpdsgame/vendor/laravel/framework/src/Illuminate/Pipeline/Pipeline.php(209): App\\Http\\Middleware\\CheckBanned->handle()
#51 /var/www/gpdsgame/app/Http/Middleware/CheckBannedIp.php(24): Illuminate\\Pipeline\\Pipeline->Illuminate\\Pipeline\\{closure}()
#52 /var/www/gpdsgame/vendor/laravel/framework/src/Illuminate/Pipeline/Pipeline.php(209): App\\Http\\Middleware\\CheckBannedIp->handle()
#53 /var/www/gpdsgame/vendor/laravel/framework/src/Illuminate/Pipeline/Pipeline.php(127): Illuminate\\Pipeline\\Pipeline->Illuminate\\Pipeline\\{closure}()
#54 /var/www/gpdsgame/vendor/laravel/framework/src/Illuminate/Foundation/Http/Kernel.php(176): Illuminate\\Pipeline\\Pipeline->then()
#55 /var/www/gpdsgame/vendor/laravel/framework/src/Illuminate/Foundation/Http/Kernel.php(145): Illuminate\\Foundation\\Http\\Kernel->sendRequestThroughRouter()
#56 /var/www/gpdsgame/public/index.php(57): Illuminate\\Foundation\\Http\\Kernel->handle()
#57 {main}
"} 
[2026-01-17 08:34:19] production.ERROR: Product update error: SQLSTATE[42S22]: Column not found: 1054 Unknown column 'image' in 'field list' (Connection: mysql, SQL: update `ecommerce_products` set `image` = image/e71b7daa5-5080.webp, `ecommerce_products`.`updated_at` = 2026-01-17 08:34:19 where `id` = 1)  
[2026-01-17 08:34:40] production.ERROR: Product update error: SQLSTATE[42S22]: Column not found: 1054 Unknown column 'image' in 'field list' (Connection: mysql, SQL: update `ecommerce_products` set `image` = image/e7306bd52-5080.webp, `ecommerce_products`.`updated_at` = 2026-01-17 08:34:40 where `id` = 1)  
[2026-01-17 11:24:41] production.ERROR: SQLSTATE[42S01]: Base table or view already exists: 1050 Table 'ecommerce_orders' already exists (Connection: mysql, SQL: create table `ecommerce_orders` (`id` bigint unsigned not null auto_increment primary key, `created_at` timestamp null, `updated_at` timestamp null) default character set utf8mb4 collate 'utf8mb4_unicode_ci') {"exception":"[object] (Illuminate\\Database\\QueryException(code: 42S01): SQLSTATE[42S01]: Base table or view already exists: 1050 Table 'ecommerce_orders' already exists (Connection: mysql, SQL: create table `ecommerce_orders` (`id` bigint unsigned not null auto_increment primary key, `created_at` timestamp null, `updated_at` timestamp null) default character set utf8mb4 collate 'utf8mb4_unicode_ci') at /var/www/gpdsgame/vendor/laravel/framework/src/Illuminate/Database/Connection.php:825)
[stacktrace]
#0 /var/www/gpdsgame/vendor/laravel/framework/src/Illuminate/Database/Connection.php(779): Illuminate\\Database\\Connection->runQueryCallback()
#1 /var/www/gpdsgame/vendor/laravel/framework/src/Illuminate/Database/Connection.php(560): Illuminate\\Database\\Connection->run()
#2 /var/www/gpdsgame/vendor/laravel/framework/src/Illuminate/Database/Schema/Blueprint.php(118): Illuminate\\Database\\Connection->statement()
#3 /var/www/gpdsgame/vendor/laravel/framework/src/Illuminate/Database/Schema/Builder.php(564): Illuminate\\Database\\Schema\\Blueprint->build()
#4 /var/www/gpdsgame/vendor/laravel/framework/src/Illuminate/Database/Schema/Builder.php(418): Illuminate\\Database\\Schema\\Builder->build()
#5 /var/www/gpdsgame/vendor/laravel/framework/src/Illuminate/Support/Facades/Facade.php(361): Illuminate\\Database\\Schema\\Builder->create()
#6 /var/www/gpdsgame/database/migrations/2026_01_17_112314_create_ecommerce_orders_table.php(14): Illuminate\\Support\\Facades\\Facade::__callStatic()
#7 /var/www/gpdsgame/vendor/laravel/framework/src/Illuminate/Database/Migrations/Migrator.php(507): Illuminate\\Database\\Migrations\\Migration@anonymous->up()
#8 /var/www/gpdsgame/vendor/laravel/framework/src/Illuminate/Database/Migrations/Migrator.php(432): Illuminate\\Database\\Migrations\\Migrator->runMethod()
#9 /var/www/gpdsgame/vendor/laravel/framework/src/Illuminate/Database/Migrations/Migrator.php(441): Illuminate\\Database\\Migrations\\Migrator->Illuminate\\Database\\Migrations\\{closure}()
#10 /var/www/gpdsgame/vendor/laravel/framework/src/Illuminate/Database/Migrations/Migrator.php(244): Illuminate\\Database\\Migrations\\Migrator->runMigration()
#11 /var/www/gpdsgame/vendor/laravel/framework/src/Illuminate/Console/View/Components/Task.php(40): Illuminate\\Database\\Migrations\\Migrator->Illuminate\\Database\\Migrations\\{closure}()
#12 /var/www/gpdsgame/vendor/laravel/framework/src/Illuminate/Database/Migrations/Migrator.php(798): Illuminate\\Console\\View\\Components\\Task->render()
#13 /var/www/gpdsgame/vendor/laravel/framework/src/Illuminate/Database/Migrations/Migrator.php(244): Illuminate\\Database\\Migrations\\Migrator->write()
#14 /var/www/gpdsgame/vendor/laravel/framework/src/Illuminate/Database/Migrations/Migrator.php(211): Illuminate\\Database\\Migrations\\Migrator->runUp()
#15 /var/www/gpdsgame/vendor/laravel/framework/src/Illuminate/Database/Migrations/Migrator.php(138): Illuminate\\Database\\Migrations\\Migrator->runPending()
#16 /var/www/gpdsgame/vendor/laravel/framework/src/Illuminate/Database/Console/Migrations/MigrateCommand.php(117): Illuminate\\Database\\Migrations\\Migrator->run()
#17 /var/www/gpdsgame/vendor/laravel/framework/src/Illuminate/Database/Migrations/Migrator.php(658): Illuminate\\Database\\Console\\Migrations\\MigrateCommand->Illuminate\\Database\\Console\\Migrations\\{closure}()
#18 /var/www/gpdsgame/vendor/laravel/framework/src/Illuminate/Database/Console/Migrations/MigrateCommand.php(110): Illuminate\\Database\\Migrations\\Migrator->usingConnection()
#19 /var/www/gpdsgame/vendor/laravel/framework/src/Illuminate/Database/Console/Migrations/MigrateCommand.php(89): Illuminate\\Database\\Console\\Migrations\\MigrateCommand->runMigrations()
#20 /var/www/gpdsgame/vendor/laravel/framework/src/Illuminate/Container/BoundMethod.php(36): Illuminate\\Database\\Console\\Migrations\\MigrateCommand->handle()
#21 /var/www/gpdsgame/vendor/laravel/framework/src/Illuminate/Container/Util.php(43): Illuminate\\Container\\BoundMethod::Illuminate\\Container\\{closure}()
#22 /var/www/gpdsgame/vendor/laravel/framework/src/Illuminate/Container/BoundMethod.php(95): Illuminate\\Container\\Util::unwrapIfClosure()
#23 /var/www/gpdsgame/vendor/laravel/framework/src/Illuminate/Container/BoundMethod.php(35): Illuminate\\Container\\BoundMethod::callBoundMethod()
#24 /var/www/gpdsgame/vendor/laravel/framework/src/Illuminate/Container/Container.php(696): Illuminate\\Container\\BoundMethod::call()
#25 /var/www/gpdsgame/vendor/laravel/framework/src/Illuminate/Console/Command.php(213): Illuminate\\Container\\Container->call()
#26 /var/www/gpdsgame/vendor/symfony/console/Command/Command.php(318): Illuminate\\Console\\Command->execute()
#27 /var/www/gpdsgame/vendor/laravel/framework/src/Illuminate/Console/Command.php(182): Symfony\\Component\\Console\\Command\\Command->run()
#28 /var/www/gpdsgame/vendor/symfony/console/Application.php(1073): Illuminate\\Console\\Command->run()
#29 /var/www/gpdsgame/vendor/symfony/console/Application.php(356): Symfony\\Component\\Console\\Application->doRunCommand()
#30 /var/www/gpdsgame/vendor/symfony/console/Application.php(195): Symfony\\Component\\Console\\Application->doRun()
#31 /var/www/gpdsgame/vendor/laravel/framework/src/Illuminate/Foundation/Console/Kernel.php(198): Symfony\\Component\\Console\\Application->run()
#32 /var/www/gpdsgame/vendor/laravel/framework/src/Illuminate/Foundation/Application.php(1235): Illuminate\\Foundation\\Console\\Kernel->handle()
#33 /var/www/gpdsgame/artisan(16): Illuminate\\Foundation\\Application->handleCommand()
#34 {main}

[previous exception] [object] (PDOException(code: 42S01): SQLSTATE[42S01]: Base table or view already exists: 1050 Table 'ecommerce_orders' already exists at /var/www/gpdsgame/vendor/laravel/framework/src/Illuminate/Database/Connection.php:571)
[stacktrace]
#0 /var/www/gpdsgame/vendor/laravel/framework/src/Illuminate/Database/Connection.php(571): PDOStatement->execute()
#1 /var/www/gpdsgame/vendor/laravel/framework/src/Illuminate/Database/Connection.php(812): Illuminate\\Database\\Connection->Illuminate\\Database\\{closure}()
#2 /var/www/gpdsgame/vendor/laravel/framework/src/Illuminate/Database/Connection.php(779): Illuminate\\Database\\Connection->runQueryCallback()
#3 /var/www/gpdsgame/vendor/laravel/framework/src/Illuminate/Database/Connection.php(560): Illuminate\\Database\\Connection->run()
#4 /var/www/gpdsgame/vendor/laravel/framework/src/Illuminate/Database/Schema/Blueprint.php(118): Illuminate\\Database\\Connection->statement()
#5 /var/www/gpdsgame/vendor/laravel/framework/src/Illuminate/Database/Schema/Builder.php(564): Illuminate\\Database\\Schema\\Blueprint->build()
#6 /var/www/gpdsgame/vendor/laravel/framework/src/Illuminate/Database/Schema/Builder.php(418): Illuminate\\Database\\Schema\\Builder->build()
#7 /var/www/gpdsgame/vendor/laravel/framework/src/Illuminate/Support/Facades/Facade.php(361): Illuminate\\Database\\Schema\\Builder->create()
#8 /var/www/gpdsgame/database/migrations/2026_01_17_112314_create_ecommerce_orders_table.php(14): Illuminate\\Support\\Facades\\Facade::__callStatic()
#9 /var/www/gpdsgame/vendor/laravel/framework/src/Illuminate/Database/Migrations/Migrator.php(507): Illuminate\\Database\\Migrations\\Migration@anonymous->up()
#10 /var/www/gpdsgame/vendor/laravel/framework/src/Illuminate/Database/Migrations/Migrator.php(432): Illuminate\\Database\\Migrations\\Migrator->runMethod()
#11 /var/www/gpdsgame/vendor/laravel/framework/src/Illuminate/Database/Migrations/Migrator.php(441): Illuminate\\Database\\Migrations\\Migrator->Illuminate\\Database\\Migrations\\{closure}()
#12 /var/www/gpdsgame/vendor/laravel/framework/src/Illuminate/Database/Migrations/Migrator.php(244): Illuminate\\Database\\Migrations\\Migrator->runMigration()
#13 /var/www/gpdsgame/vendor/laravel/framework/src/Illuminate/Console/View/Components/Task.php(40): Illuminate\\Database\\Migrations\\Migrator->Illuminate\\Database\\Migrations\\{closure}()
#14 /var/www/gpdsgame/vendor/laravel/framework/src/Illuminate/Database/Migrations/Migrator.php(798): Illuminate\\Console\\View\\Components\\Task->render()
#15 /var/www/gpdsgame/vendor/laravel/framework/src/Illuminate/Database/Migrations/Migrator.php(244): Illuminate\\Database\\Migrations\\Migrator->write()
#16 /var/www/gpdsgame/vendor/laravel/framework/src/Illuminate/Database/Migrations/Migrator.php(211): Illuminate\\Database\\Migrations\\Migrator->runUp()
#17 /var/www/gpdsgame/vendor/laravel/framework/src/Illuminate/Database/Migrations/Migrator.php(138): Illuminate\\Database\\Migrations\\Migrator->runPending()
#18 /var/www/gpdsgame/vendor/laravel/framework/src/Illuminate/Database/Console/Migrations/MigrateCommand.php(117): Illuminate\\Database\\Migrations\\Migrator->run()
#19 /var/www/gpdsgame/vendor/laravel/framework/src/Illuminate/Database/Migrations/Migrator.php(658): Illuminate\\Database\\Console\\Migrations\\MigrateCommand->Illuminate\\Database\\Console\\Migrations\\{closure}()
#20 /var/www/gpdsgame/vendor/laravel/framework/src/Illuminate/Database/Console/Migrations/MigrateCommand.php(110): Illuminate\\Database\\Migrations\\Migrator->usingConnection()
#21 /var/www/gpdsgame/vendor/laravel/framework/src/Illuminate/Database/Console/Migrations/MigrateCommand.php(89): Illuminate\\Database\\Console\\Migrations\\MigrateCommand->runMigrations()
#22 /var/www/gpdsgame/vendor/laravel/framework/src/Illuminate/Container/BoundMethod.php(36): Illuminate\\Database\\Console\\Migrations\\MigrateCommand->handle()
#23 /var/www/gpdsgame/vendor/laravel/framework/src/Illuminate/Container/Util.php(43): Illuminate\\Container\\BoundMethod::Illuminate\\Container\\{closure}()
#24 /var/www/gpdsgame/vendor/laravel/framework/src/Illuminate/Container/BoundMethod.php(95): Illuminate\\Container\\Util::unwrapIfClosure()
#25 /var/www/gpdsgame/vendor/laravel/framework/src/Illuminate/Container/BoundMethod.php(35): Illuminate\\Container\\BoundMethod::callBoundMethod()
#26 /var/www/gpdsgame/vendor/laravel/framework/src/Illuminate/Container/Container.php(696): Illuminate\\Container\\BoundMethod::call()
#27 /var/www/gpdsgame/vendor/laravel/framework/src/Illuminate/Console/Command.php(213): Illuminate\\Container\\Container->call()
#28 /var/www/gpdsgame/vendor/symfony/console/Command/Command.php(318): Illuminate\\Console\\Command->execute()
#29 /var/www/gpdsgame/vendor/laravel/framework/src/Illuminate/Console/Command.php(182): Symfony\\Component\\Console\\Command\\Command->run()
#30 /var/www/gpdsgame/vendor/symfony/console/Application.php(1073): Illuminate\\Console\\Command->run()
#31 /var/www/gpdsgame/vendor/symfony/console/Application.php(356): Symfony\\Component\\Console\\Application->doRunCommand()
#32 /var/www/gpdsgame/vendor/symfony/console/Application.php(195): Symfony\\Component\\Console\\Application->doRun()
#33 /var/www/gpdsgame/vendor/laravel/framework/src/Illuminate/Foundation/Console/Kernel.php(198): Symfony\\Component\\Console\\Application->run()
#34 /var/www/gpdsgame/vendor/laravel/framework/src/Illuminate/Foundation/Application.php(1235): Illuminate\\Foundation\\Console\\Kernel->handle()
#35 /var/www/gpdsgame/artisan(16): Illuminate\\Foundation\\Application->handleCommand()
#36 {main}
"} 
[2026-01-17 12:02:18] production.ERROR: SQLSTATE[42S01]: Base table or view already exists: 1050 Table 'ecommerce_orders' already exists (Connection: mysql, SQL: create table `ecommerce_orders` (`id` bigint unsigned not null auto_increment primary key, `created_at` timestamp null, `updated_at` timestamp null) default character set utf8mb4 collate 'utf8mb4_unicode_ci') {"exception":"[object] (Illuminate\\Database\\QueryException(code: 42S01): SQLSTATE[42S01]: Base table or view already exists: 1050 Table 'ecommerce_orders' already exists (Connection: mysql, SQL: create table `ecommerce_orders` (`id` bigint unsigned not null auto_increment primary key, `created_at` timestamp null, `updated_at` timestamp null) default character set utf8mb4 collate 'utf8mb4_unicode_ci') at /var/www/gpdsgame/vendor/laravel/framework/src/Illuminate/Database/Connection.php:825)
[stacktrace]
#0 /var/www/gpdsgame/vendor/laravel/framework/src/Illuminate/Database/Connection.php(779): Illuminate\\Database\\Connection->runQueryCallback()
#1 /var/www/gpdsgame/vendor/laravel/framework/src/Illuminate/Database/Connection.php(560): Illuminate\\Database\\Connection->run()
#2 /var/www/gpdsgame/vendor/laravel/framework/src/Illuminate/Database/Schema/Blueprint.php(118): Illuminate\\Database\\Connection->statement()
#3 /var/www/gpdsgame/vendor/laravel/framework/src/Illuminate/Database/Schema/Builder.php(564): Illuminate\\Database\\Schema\\Blueprint->build()
#4 /var/www/gpdsgame/vendor/laravel/framework/src/Illuminate/Database/Schema/Builder.php(418): Illuminate\\Database\\Schema\\Builder->build()
#5 /var/www/gpdsgame/vendor/laravel/framework/src/Illuminate/Support/Facades/Facade.php(361): Illuminate\\Database\\Schema\\Builder->create()
#6 /var/www/gpdsgame/database/migrations/2026_01_17_115815_create_ecommerce_orders_table.php(14): Illuminate\\Support\\Facades\\Facade::__callStatic()
#7 /var/www/gpdsgame/vendor/laravel/framework/src/Illuminate/Database/Migrations/Migrator.php(507): Illuminate\\Database\\Migrations\\Migration@anonymous->up()
#8 /var/www/gpdsgame/vendor/laravel/framework/src/Illuminate/Database/Migrations/Migrator.php(432): Illuminate\\Database\\Migrations\\Migrator->runMethod()
#9 /var/www/gpdsgame/vendor/laravel/framework/src/Illuminate/Database/Migrations/Migrator.php(441): Illuminate\\Database\\Migrations\\Migrator->Illuminate\\Database\\Migrations\\{closure}()
#10 /var/www/gpdsgame/vendor/laravel/framework/src/Illuminate/Database/Migrations/Migrator.php(244): Illuminate\\Database\\Migrations\\Migrator->runMigration()
#11 /var/www/gpdsgame/vendor/laravel/framework/src/Illuminate/Console/View/Components/Task.php(40): Illuminate\\Database\\Migrations\\Migrator->Illuminate\\Database\\Migrations\\{closure}()
#12 /var/www/gpdsgame/vendor/laravel/framework/src/Illuminate/Database/Migrations/Migrator.php(798): Illuminate\\Console\\View\\Components\\Task->render()
#13 /var/www/gpdsgame/vendor/laravel/framework/src/Illuminate/Database/Migrations/Migrator.php(244): Illuminate\\Database\\Migrations\\Migrator->write()
#14 /var/www/gpdsgame/vendor/laravel/framework/src/Illuminate/Database/Migrations/Migrator.php(211): Illuminate\\Database\\Migrations\\Migrator->runUp()
#15 /var/www/gpdsgame/vendor/laravel/framework/src/Illuminate/Database/Migrations/Migrator.php(138): Illuminate\\Database\\Migrations\\Migrator->runPending()
#16 /var/www/gpdsgame/vendor/laravel/framework/src/Illuminate/Database/Console/Migrations/MigrateCommand.php(117): Illuminate\\Database\\Migrations\\Migrator->run()
#17 /var/www/gpdsgame/vendor/laravel/framework/src/Illuminate/Database/Migrations/Migrator.php(658): Illuminate\\Database\\Console\\Migrations\\MigrateCommand->Illuminate\\Database\\Console\\Migrations\\{closure}()
#18 /var/www/gpdsgame/vendor/laravel/framework/src/Illuminate/Database/Console/Migrations/MigrateCommand.php(110): Illuminate\\Database\\Migrations\\Migrator->usingConnection()
#19 /var/www/gpdsgame/vendor/laravel/framework/src/Illuminate/Database/Console/Migrations/MigrateCommand.php(89): Illuminate\\Database\\Console\\Migrations\\MigrateCommand->runMigrations()
#20 /var/www/gpdsgame/vendor/laravel/framework/src/Illuminate/Container/BoundMethod.php(36): Illuminate\\Database\\Console\\Migrations\\MigrateCommand->handle()
#21 /var/www/gpdsgame/vendor/laravel/framework/src/Illuminate/Container/Util.php(43): Illuminate\\Container\\BoundMethod::Illuminate\\Container\\{closure}()
#22 /var/www/gpdsgame/vendor/laravel/framework/src/Illuminate/Container/BoundMethod.php(95): Illuminate\\Container\\Util::unwrapIfClosure()
#23 /var/www/gpdsgame/vendor/laravel/framework/src/Illuminate/Container/BoundMethod.php(35): Illuminate\\Container\\BoundMethod::callBoundMethod()
#24 /var/www/gpdsgame/vendor/laravel/framework/src/Illuminate/Container/Container.php(696): Illuminate\\Container\\BoundMethod::call()
#25 /var/www/gpdsgame/vendor/laravel/framework/src/Illuminate/Console/Command.php(213): Illuminate\\Container\\Container->call()
#26 /var/www/gpdsgame/vendor/symfony/console/Command/Command.php(318): Illuminate\\Console\\Command->execute()
#27 /var/www/gpdsgame/vendor/laravel/framework/src/Illuminate/Console/Command.php(182): Symfony\\Component\\Console\\Command\\Command->run()
#28 /var/www/gpdsgame/vendor/symfony/console/Application.php(1073): Illuminate\\Console\\Command->run()
#29 /var/www/gpdsgame/vendor/symfony/console/Application.php(356): Symfony\\Component\\Console\\Application->doRunCommand()
#30 /var/www/gpdsgame/vendor/symfony/console/Application.php(195): Symfony\\Component\\Console\\Application->doRun()
#31 /var/www/gpdsgame/vendor/laravel/framework/src/Illuminate/Foundation/Console/Kernel.php(198): Symfony\\Component\\Console\\Application->run()
#32 /var/www/gpdsgame/vendor/laravel/framework/src/Illuminate/Foundation/Application.php(1235): Illuminate\\Foundation\\Console\\Kernel->handle()
#33 /var/www/gpdsgame/artisan(16): Illuminate\\Foundation\\Application->handleCommand()
#34 {main}

[previous exception] [object] (PDOException(code: 42S01): SQLSTATE[42S01]: Base table or view already exists: 1050 Table 'ecommerce_orders' already exists at /var/www/gpdsgame/vendor/laravel/framework/src/Illuminate/Database/Connection.php:571)
[stacktrace]
#0 /var/www/gpdsgame/vendor/laravel/framework/src/Illuminate/Database/Connection.php(571): PDOStatement->execute()
#1 /var/www/gpdsgame/vendor/laravel/framework/src/Illuminate/Database/Connection.php(812): Illuminate\\Database\\Connection->Illuminate\\Database\\{closure}()
#2 /var/www/gpdsgame/vendor/laravel/framework/src/Illuminate/Database/Connection.php(779): Illuminate\\Database\\Connection->runQueryCallback()
#3 /var/www/gpdsgame/vendor/laravel/framework/src/Illuminate/Database/Connection.php(560): Illuminate\\Database\\Connection->run()
#4 /var/www/gpdsgame/vendor/laravel/framework/src/Illuminate/Database/Schema/Blueprint.php(118): Illuminate\\Database\\Connection->statement()
#5 /var/www/gpdsgame/vendor/laravel/framework/src/Illuminate/Database/Schema/Builder.php(564): Illuminate\\Database\\Schema\\Blueprint->build()
#6 /var/www/gpdsgame/vendor/laravel/framework/src/Illuminate/Database/Schema/Builder.php(418): Illuminate\\Database\\Schema\\Builder->build()
#7 /var/www/gpdsgame/vendor/laravel/framework/src/Illuminate/Support/Facades/Facade.php(361): Illuminate\\Database\\Schema\\Builder->create()
#8 /var/www/gpdsgame/database/migrations/2026_01_17_115815_create_ecommerce_orders_table.php(14): Illuminate\\Support\\Facades\\Facade::__callStatic()
#9 /var/www/gpdsgame/vendor/laravel/framework/src/Illuminate/Database/Migrations/Migrator.php(507): Illuminate\\Database\\Migrations\\Migration@anonymous->up()
#10 /var/www/gpdsgame/vendor/laravel/framework/src/Illuminate/Database/Migrations/Migrator.php(432): Illuminate\\Database\\Migrations\\Migrator->runMethod()
#11 /var/www/gpdsgame/vendor/laravel/framework/src/Illuminate/Database/Migrations/Migrator.php(441): Illuminate\\Database\\Migrations\\Migrator->Illuminate\\Database\\Migrations\\{closure}()
#12 /var/www/gpdsgame/vendor/laravel/framework/src/Illuminate/Database/Migrations/Migrator.php(244): Illuminate\\Database\\Migrations\\Migrator->runMigration()
#13 /var/www/gpdsgame/vendor/laravel/framework/src/Illuminate/Console/View/Components/Task.php(40): Illuminate\\Database\\Migrations\\Migrator->Illuminate\\Database\\Migrations\\{closure}()
#14 /var/www/gpdsgame/vendor/laravel/framework/src/Illuminate/Database/Migrations/Migrator.php(798): Illuminate\\Console\\View\\Components\\Task->render()
#15 /var/www/gpdsgame/vendor/laravel/framework/src/Illuminate/Database/Migrations/Migrator.php(244): Illuminate\\Database\\Migrations\\Migrator->write()
#16 /var/www/gpdsgame/vendor/laravel/framework/src/Illuminate/Database/Migrations/Migrator.php(211): Illuminate\\Database\\Migrations\\Migrator->runUp()
#17 /var/www/gpdsgame/vendor/laravel/framework/src/Illuminate/Database/Migrations/Migrator.php(138): Illuminate\\Database\\Migrations\\Migrator->runPending()
#18 /var/www/gpdsgame/vendor/laravel/framework/src/Illuminate/Database/Console/Migrations/MigrateCommand.php(117): Illuminate\\Database\\Migrations\\Migrator->run()
#19 /var/www/gpdsgame/vendor/laravel/framework/src/Illuminate/Database/Migrations/Migrator.php(658): Illuminate\\Database\\Console\\Migrations\\MigrateCommand->Illuminate\\Database\\Console\\Migrations\\{closure}()
#20 /var/www/gpdsgame/vendor/laravel/framework/src/Illuminate/Database/Console/Migrations/MigrateCommand.php(110): Illuminate\\Database\\Migrations\\Migrator->usingConnection()
#21 /var/www/gpdsgame/vendor/laravel/framework/src/Illuminate/Database/Console/Migrations/MigrateCommand.php(89): Illuminate\\Database\\Console\\Migrations\\MigrateCommand->runMigrations()
#22 /var/www/gpdsgame/vendor/laravel/framework/src/Illuminate/Container/BoundMethod.php(36): Illuminate\\Database\\Console\\Migrations\\MigrateCommand->handle()
#23 /var/www/gpdsgame/vendor/laravel/framework/src/Illuminate/Container/Util.php(43): Illuminate\\Container\\BoundMethod::Illuminate\\Container\\{closure}()
#24 /var/www/gpdsgame/vendor/laravel/framework/src/Illuminate/Container/BoundMethod.php(95): Illuminate\\Container\\Util::unwrapIfClosure()
#25 /var/www/gpdsgame/vendor/laravel/framework/src/Illuminate/Container/BoundMethod.php(35): Illuminate\\Container\\BoundMethod::callBoundMethod()
#26 /var/www/gpdsgame/vendor/laravel/framework/src/Illuminate/Container/Container.php(696): Illuminate\\Container\\BoundMethod::call()
#27 /var/www/gpdsgame/vendor/laravel/framework/src/Illuminate/Console/Command.php(213): Illuminate\\Container\\Container->call()
#28 /var/www/gpdsgame/vendor/symfony/console/Command/Command.php(318): Illuminate\\Console\\Command->execute()
#29 /var/www/gpdsgame/vendor/laravel/framework/src/Illuminate/Console/Command.php(182): Symfony\\Component\\Console\\Command\\Command->run()
#30 /var/www/gpdsgame/vendor/symfony/console/Application.php(1073): Illuminate\\Console\\Command->run()
#31 /var/www/gpdsgame/vendor/symfony/console/Application.php(356): Symfony\\Component\\Console\\Application->doRunCommand()
#32 /var/www/gpdsgame/vendor/symfony/console/Application.php(195): Symfony\\Component\\Console\\Application->doRun()
#33 /var/www/gpdsgame/vendor/laravel/framework/src/Illuminate/Foundation/Console/Kernel.php(198): Symfony\\Component\\Console\\Application->run()
#34 /var/www/gpdsgame/vendor/laravel/framework/src/Illuminate/Foundation/Application.php(1235): Illuminate\\Foundation\\Console\\Kernel->handle()
#35 /var/www/gpdsgame/artisan(16): Illuminate\\Foundation\\Application->handleCommand()
#36 {main}
"} 
[2026-01-17 12:04:36] production.ERROR: Call to undefined relationship [paymentMethod] on model [App\Models\EcommerceOrder]. {"userId":3364,"exception":"[object] (Illuminate\\Database\\Eloquent\\RelationNotFoundException(code: 0): Call to undefined relationship [paymentMethod] on model [App\\Models\\EcommerceOrder]. at /var/www/gpdsgame/vendor/laravel/framework/src/Illuminate/Database/Eloquent/RelationNotFoundException.php:35)
[stacktrace]
#0 /var/www/gpdsgame/vendor/laravel/framework/src/Illuminate/Database/Eloquent/Builder.php(878): Illuminate\\Database\\Eloquent\\RelationNotFoundException::make()
#1 /var/www/gpdsgame/vendor/laravel/framework/src/Illuminate/Database/Eloquent/Relations/Relation.php(120): Illuminate\\Database\\Eloquent\\Builder->Illuminate\\Database\\Eloquent\\{closure}()
#2 /var/www/gpdsgame/vendor/laravel/framework/src/Illuminate/Database/Eloquent/Builder.php(874): Illuminate\\Database\\Eloquent\\Relations\\Relation::noConstraints()
#3 /var/www/gpdsgame/vendor/laravel/framework/src/Illuminate/Database/Eloquent/Builder.php(848): Illuminate\\Database\\Eloquent\\Builder->getRelation()
#4 /var/www/gpdsgame/vendor/laravel/framework/src/Illuminate/Database/Eloquent/Builder.php(828): Illuminate\\Database\\Eloquent\\Builder->eagerLoadRelation()
#5 /var/www/gpdsgame/vendor/laravel/framework/src/Illuminate/Database/Eloquent/Model.php(724): Illuminate\\Database\\Eloquent\\Builder->eagerLoadRelations()
#6 /var/www/gpdsgame/app/Http/Controllers/EcommerceOrderController.php(41): Illuminate\\Database\\Eloquent\\Model->load()
#7 /var/www/gpdsgame/vendor/laravel/framework/src/Illuminate/Routing/Controller.php(54): App\\Http\\Controllers\\EcommerceOrderController->show()
#8 /var/www/gpdsgame/vendor/laravel/framework/src/Illuminate/Routing/ControllerDispatcher.php(44): Illuminate\\Routing\\Controller->callAction()
#9 /var/www/gpdsgame/vendor/laravel/framework/src/Illuminate/Routing/Route.php(266): Illuminate\\Routing\\ControllerDispatcher->dispatch()
#10 /var/www/gpdsgame/vendor/laravel/framework/src/Illuminate/Routing/Route.php(212): Illuminate\\Routing\\Route->runController()
#11 /var/www/gpdsgame/vendor/laravel/framework/src/Illuminate/Routing/Router.php(808): Illuminate\\Routing\\Route->run()
#12 /var/www/gpdsgame/vendor/laravel/framework/src/Illuminate/Pipeline/Pipeline.php(170): Illuminate\\Routing\\Router->Illuminate\\Routing\\{closure}()
#13 /var/www/gpdsgame/vendor/spatie/laravel-permission/src/Middleware/PermissionMiddleware.php(37): Illuminate\\Pipeline\\Pipeline->Illuminate\\Pipeline\\{closure}()
#14 /var/www/gpdsgame/vendor/laravel/framework/src/Illuminate/Pipeline/Pipeline.php(209): Spatie\\Permission\\Middleware\\PermissionMiddleware->handle()
#15 /var/www/gpdsgame/app/Http/Middleware/EnsureNotCustomer.php(32): Illuminate\\Pipeline\\Pipeline->Illuminate\\Pipeline\\{closure}()
#16 /var/www/gpdsgame/vendor/laravel/framework/src/Illuminate/Pipeline/Pipeline.php(209): App\\Http\\Middleware\\EnsureNotCustomer->handle()
#17 /var/www/gpdsgame/vendor/laravel/framework/src/Illuminate/Routing/Middleware/SubstituteBindings.php(51): Illuminate\\Pipeline\\Pipeline->Illuminate\\Pipeline\\{closure}()
#18 /var/www/gpdsgame/vendor/laravel/framework/src/Illuminate/Pipeline/Pipeline.php(209): Illuminate\\Routing\\Middleware\\SubstituteBindings->handle()
#19 /var/www/gpdsgame/vendor/laravel/framework/src/Illuminate/Auth/Middleware/Authenticate.php(64): Illuminate\\Pipeline\\Pipeline->Illuminate\\Pipeline\\{closure}()
#20 /var/www/gpdsgame/vendor/laravel/framework/src/Illuminate/Pipeline/Pipeline.php(209): Illuminate\\Auth\\Middleware\\Authenticate->handle()
#21 /var/www/gpdsgame/vendor/laravel/framework/src/Illuminate/Foundation/Http/Middleware/VerifyCsrfToken.php(88): Illuminate\\Pipeline\\Pipeline->Illuminate\\Pipeline\\{closure}()
#22 /var/www/gpdsgame/vendor/laravel/framework/src/Illuminate/Pipeline/Pipeline.php(209): Illuminate\\Foundation\\Http\\Middleware\\VerifyCsrfToken->handle()
#23 /var/www/gpdsgame/vendor/laravel/framework/src/Illuminate/View/Middleware/ShareErrorsFromSession.php(49): Illuminate\\Pipeline\\Pipeline->Illuminate\\Pipeline\\{closure}()
#24 /var/www/gpdsgame/vendor/laravel/framework/src/Illuminate/Pipeline/Pipeline.php(209): Illuminate\\View\\Middleware\\ShareErrorsFromSession->handle()
#25 /var/www/gpdsgame/vendor/laravel/framework/src/Illuminate/Session/Middleware/StartSession.php(121): Illuminate\\Pipeline\\Pipeline->Illuminate\\Pipeline\\{closure}()
#26 /var/www/gpdsgame/vendor/laravel/framework/src/Illuminate/Session/Middleware/StartSession.php(64): Illuminate\\Session\\Middleware\\StartSession->handleStatefulRequest()
#27 /var/www/gpdsgame/vendor/laravel/framework/src/Illuminate/Pipeline/Pipeline.php(209): Illuminate\\Session\\Middleware\\StartSession->handle()
#28 /var/www/gpdsgame/vendor/laravel/framework/src/Illuminate/Cookie/Middleware/AddQueuedCookiesToResponse.php(37): Illuminate\\Pipeline\\Pipeline->Illuminate\\Pipeline\\{closure}()
#29 /var/www/gpdsgame/vendor/laravel/framework/src/Illuminate/Pipeline/Pipeline.php(209): Illuminate\\Cookie\\Middleware\\AddQueuedCookiesToResponse->handle()
#30 /var/www/gpdsgame/vendor/laravel/framework/src/Illuminate/Cookie/Middleware/EncryptCookies.php(75): Illuminate\\Pipeline\\Pipeline->Illuminate\\Pipeline\\{closure}()
#31 /var/www/gpdsgame/vendor/laravel/framework/src/Illuminate/Pipeline/Pipeline.php(209): Illuminate\\Cookie\\Middleware\\EncryptCookies->handle()
#32 /var/www/gpdsgame/vendor/laravel/framework/src/Illuminate/Pipeline/Pipeline.php(127): Illuminate\\Pipeline\\Pipeline->Illuminate\\Pipeline\\{closure}()
#33 /var/www/gpdsgame/vendor/laravel/framework/src/Illuminate/Routing/Router.php(807): Illuminate\\Pipeline\\Pipeline->then()
#34 /var/www/gpdsgame/vendor/laravel/framework/src/Illuminate/Routing/Router.php(786): Illuminate\\Routing\\Router->runRouteWithinStack()
#35 /var/www/gpdsgame/vendor/laravel/framework/src/Illuminate/Routing/Router.php(750): Illuminate\\Routing\\Router->runRoute()
#36 /var/www/gpdsgame/vendor/laravel/framework/src/Illuminate/Routing/Router.php(739): Illuminate\\Routing\\Router->dispatchToRoute()
#37 /var/www/gpdsgame/vendor/laravel/framework/src/Illuminate/Foundation/Http/Kernel.php(201): Illuminate\\Routing\\Router->dispatch()
#38 /var/www/gpdsgame/vendor/laravel/framework/src/Illuminate/Pipeline/Pipeline.php(170): Illuminate\\Foundation\\Http\\Kernel->Illuminate\\Foundation\\Http\\{closure}()
#39 /var/www/gpdsgame/vendor/laravel/framework/src/Illuminate/Foundation/Http/Middleware/TransformsRequest.php(21): Illuminate\\Pipeline\\Pipeline->Illuminate\\Pipeline\\{closure}()
#40 /var/www/gpdsgame/vendor/laravel/framework/src/Illuminate/Foundation/Http/Middleware/ConvertEmptyStringsToNull.php(31): Illuminate\\Foundation\\Http\\Middleware\\TransformsRequest->handle()
#41 /var/www/gpdsgame/vendor/laravel/framework/src/Illuminate/Pipeline/Pipeline.php(209): Illuminate\\Foundation\\Http\\Middleware\\ConvertEmptyStringsToNull->handle()
#42 /var/www/gpdsgame/vendor/laravel/framework/src/Illuminate/Foundation/Http/Middleware/TransformsRequest.php(21): Illuminate\\Pipeline\\Pipeline->Illuminate\\Pipeline\\{closure}()
#43 /var/www/gpdsgame/vendor/laravel/framework/src/Illuminate/Foundation/Http/Middleware/TrimStrings.php(51): Illuminate\\Foundation\\Http\\Middleware\\TransformsRequest->handle()
#44 /var/www/gpdsgame/vendor/laravel/framework/src/Illuminate/Pipeline/Pipeline.php(209): Illuminate\\Foundation\\Http\\Middleware\\TrimStrings->handle()
#45 /var/www/gpdsgame/vendor/laravel/framework/src/Illuminate/Http/Middleware/ValidatePostSize.php(27): Illuminate\\Pipeline\\Pipeline->Illuminate\\Pipeline\\{closure}()
#46 /var/www/gpdsgame/vendor/laravel/framework/src/Illuminate/Pipeline/Pipeline.php(209): Illuminate\\Http\\Middleware\\ValidatePostSize->handle()
#47 /var/www/gpdsgame/vendor/laravel/framework/src/Illuminate/Foundation/Http/Middleware/PreventRequestsDuringMaintenance.php(110): Illuminate\\Pipeline\\Pipeline->Illuminate\\Pipeline\\{closure}()
#48 /var/www/gpdsgame/vendor/laravel/framework/src/Illuminate/Pipeline/Pipeline.php(209): Illuminate\\Foundation\\Http\\Middleware\\PreventRequestsDuringMaintenance->handle()
#49 /var/www/gpdsgame/vendor/laravel/framework/src/Illuminate/Http/Middleware/HandleCors.php(49): Illuminate\\Pipeline\\Pipeline->Illuminate\\Pipeline\\{closure}()
#50 /var/www/gpdsgame/vendor/laravel/framework/src/Illuminate/Pipeline/Pipeline.php(209): Illuminate\\Http\\Middleware\\HandleCors->handle()
#51 /var/www/gpdsgame/vendor/laravel/framework/src/Illuminate/Http/Middleware/TrustProxies.php(58): Illuminate\\Pipeline\\Pipeline->Illuminate\\Pipeline\\{closure}()
#52 /var/www/gpdsgame/vendor/laravel/framework/src/Illuminate/Pipeline/Pipeline.php(209): Illuminate\\Http\\Middleware\\TrustProxies->handle()
#53 /var/www/gpdsgame/vendor/laravel/framework/src/Illuminate/Foundation/Http/Middleware/InvokeDeferredCallbacks.php(22): Illuminate\\Pipeline\\Pipeline->Illuminate\\Pipeline\\{closure}()
#54 /var/www/gpdsgame/vendor/laravel/framework/src/Illuminate/Pipeline/Pipeline.php(209): Illuminate\\Foundation\\Http\\Middleware\\InvokeDeferredCallbacks->handle()
#55 /var/www/gpdsgame/app/Http/Middleware/CheckBanned.php(23): Illuminate\\Pipeline\\Pipeline->Illuminate\\Pipeline\\{closure}()
#56 /var/www/gpdsgame/vendor/laravel/framework/src/Illuminate/Pipeline/Pipeline.php(209): App\\Http\\Middleware\\CheckBanned->handle()
#57 /var/www/gpdsgame/app/Http/Middleware/CheckBannedIp.php(24): Illuminate\\Pipeline\\Pipeline->Illuminate\\Pipeline\\{closure}()
#58 /var/www/gpdsgame/vendor/laravel/framework/src/Illuminate/Pipeline/Pipeline.php(209): App\\Http\\Middleware\\CheckBannedIp->handle()
#59 /var/www/gpdsgame/vendor/laravel/framework/src/Illuminate/Pipeline/Pipeline.php(127): Illuminate\\Pipeline\\Pipeline->Illuminate\\Pipeline\\{closure}()
#60 /var/www/gpdsgame/vendor/laravel/framework/src/Illuminate/Foundation/Http/Kernel.php(176): Illuminate\\Pipeline\\Pipeline->then()
#61 /var/www/gpdsgame/vendor/laravel/framework/src/Illuminate/Foundation/Http/Kernel.php(145): Illuminate\\Foundation\\Http\\Kernel->sendRequestThroughRouter()
#62 /var/www/gpdsgame/public/index.php(57): Illuminate\\Foundation\\Http\\Kernel->handle()
#63 {main}
"} 
[2026-01-17 12:44:25] production.ERROR: Call to undefined relationship [paymentMethod] on model [App\Models\EcommerceOrder]. {"userId":3364,"exception":"[object] (Illuminate\\Database\\Eloquent\\RelationNotFoundException(code: 0): Call to undefined relationship [paymentMethod] on model [App\\Models\\EcommerceOrder]. at /var/www/gpdsgame/vendor/laravel/framework/src/Illuminate/Database/Eloquent/RelationNotFoundException.php:35)
[stacktrace]
#0 /var/www/gpdsgame/vendor/laravel/framework/src/Illuminate/Database/Eloquent/Builder.php(878): Illuminate\\Database\\Eloquent\\RelationNotFoundException::make()
#1 /var/www/gpdsgame/vendor/laravel/framework/src/Illuminate/Database/Eloquent/Relations/Relation.php(120): Illuminate\\Database\\Eloquent\\Builder->Illuminate\\Database\\Eloquent\\{closure}()
#2 /var/www/gpdsgame/vendor/laravel/framework/src/Illuminate/Database/Eloquent/Builder.php(874): Illuminate\\Database\\Eloquent\\Relations\\Relation::noConstraints()
#3 /var/www/gpdsgame/vendor/laravel/framework/src/Illuminate/Database/Eloquent/Builder.php(848): Illuminate\\Database\\Eloquent\\Builder->getRelation()
#4 /var/www/gpdsgame/vendor/laravel/framework/src/Illuminate/Database/Eloquent/Builder.php(828): Illuminate\\Database\\Eloquent\\Builder->eagerLoadRelation()
#5 /var/www/gpdsgame/vendor/laravel/framework/src/Illuminate/Database/Eloquent/Model.php(724): Illuminate\\Database\\Eloquent\\Builder->eagerLoadRelations()
#6 /var/www/gpdsgame/app/Http/Controllers/EcommerceOrderController.php(41): Illuminate\\Database\\Eloquent\\Model->load()
#7 /var/www/gpdsgame/vendor/laravel/framework/src/Illuminate/Routing/Controller.php(54): App\\Http\\Controllers\\EcommerceOrderController->show()
#8 /var/www/gpdsgame/vendor/laravel/framework/src/Illuminate/Routing/ControllerDispatcher.php(44): Illuminate\\Routing\\Controller->callAction()
#9 /var/www/gpdsgame/vendor/laravel/framework/src/Illuminate/Routing/Route.php(266): Illuminate\\Routing\\ControllerDispatcher->dispatch()
#10 /var/www/gpdsgame/vendor/laravel/framework/src/Illuminate/Routing/Route.php(212): Illuminate\\Routing\\Route->runController()
#11 /var/www/gpdsgame/vendor/laravel/framework/src/Illuminate/Routing/Router.php(808): Illuminate\\Routing\\Route->run()
#12 /var/www/gpdsgame/vendor/laravel/framework/src/Illuminate/Pipeline/Pipeline.php(170): Illuminate\\Routing\\Router->Illuminate\\Routing\\{closure}()
#13 /var/www/gpdsgame/vendor/spatie/laravel-permission/src/Middleware/PermissionMiddleware.php(37): Illuminate\\Pipeline\\Pipeline->Illuminate\\Pipeline\\{closure}()
#14 /var/www/gpdsgame/vendor/laravel/framework/src/Illuminate/Pipeline/Pipeline.php(209): Spatie\\Permission\\Middleware\\PermissionMiddleware->handle()
#15 /var/www/gpdsgame/app/Http/Middleware/EnsureNotCustomer.php(32): Illuminate\\Pipeline\\Pipeline->Illuminate\\Pipeline\\{closure}()
#16 /var/www/gpdsgame/vendor/laravel/framework/src/Illuminate/Pipeline/Pipeline.php(209): App\\Http\\Middleware\\EnsureNotCustomer->handle()
#17 /var/www/gpdsgame/vendor/laravel/framework/src/Illuminate/Routing/Middleware/SubstituteBindings.php(51): Illuminate\\Pipeline\\Pipeline->Illuminate\\Pipeline\\{closure}()
#18 /var/www/gpdsgame/vendor/laravel/framework/src/Illuminate/Pipeline/Pipeline.php(209): Illuminate\\Routing\\Middleware\\SubstituteBindings->handle()
#19 /var/www/gpdsgame/vendor/laravel/framework/src/Illuminate/Auth/Middleware/Authenticate.php(64): Illuminate\\Pipeline\\Pipeline->Illuminate\\Pipeline\\{closure}()
#20 /var/www/gpdsgame/vendor/laravel/framework/src/Illuminate/Pipeline/Pipeline.php(209): Illuminate\\Auth\\Middleware\\Authenticate->handle()
#21 /var/www/gpdsgame/vendor/laravel/framework/src/Illuminate/Foundation/Http/Middleware/VerifyCsrfToken.php(88): Illuminate\\Pipeline\\Pipeline->Illuminate\\Pipeline\\{closure}()
#22 /var/www/gpdsgame/vendor/laravel/framework/src/Illuminate/Pipeline/Pipeline.php(209): Illuminate\\Foundation\\Http\\Middleware\\VerifyCsrfToken->handle()
#23 /var/www/gpdsgame/vendor/laravel/framework/src/Illuminate/View/Middleware/ShareErrorsFromSession.php(49): Illuminate\\Pipeline\\Pipeline->Illuminate\\Pipeline\\{closure}()
#24 /var/www/gpdsgame/vendor/laravel/framework/src/Illuminate/Pipeline/Pipeline.php(209): Illuminate\\View\\Middleware\\ShareErrorsFromSession->handle()
#25 /var/www/gpdsgame/vendor/laravel/framework/src/Illuminate/Session/Middleware/StartSession.php(121): Illuminate\\Pipeline\\Pipeline->Illuminate\\Pipeline\\{closure}()
#26 /var/www/gpdsgame/vendor/laravel/framework/src/Illuminate/Session/Middleware/StartSession.php(64): Illuminate\\Session\\Middleware\\StartSession->handleStatefulRequest()
#27 /var/www/gpdsgame/vendor/laravel/framework/src/Illuminate/Pipeline/Pipeline.php(209): Illuminate\\Session\\Middleware\\StartSession->handle()
#28 /var/www/gpdsgame/vendor/laravel/framework/src/Illuminate/Cookie/Middleware/AddQueuedCookiesToResponse.php(37): Illuminate\\Pipeline\\Pipeline->Illuminate\\Pipeline\\{closure}()
#29 /var/www/gpdsgame/vendor/laravel/framework/src/Illuminate/Pipeline/Pipeline.php(209): Illuminate\\Cookie\\Middleware\\AddQueuedCookiesToResponse->handle()
#30 /var/www/gpdsgame/vendor/laravel/framework/src/Illuminate/Cookie/Middleware/EncryptCookies.php(75): Illuminate\\Pipeline\\Pipeline->Illuminate\\Pipeline\\{closure}()
#31 /var/www/gpdsgame/vendor/laravel/framework/src/Illuminate/Pipeline/Pipeline.php(209): Illuminate\\Cookie\\Middleware\\EncryptCookies->handle()
#32 /var/www/gpdsgame/vendor/laravel/framework/src/Illuminate/Pipeline/Pipeline.php(127): Illuminate\\Pipeline\\Pipeline->Illuminate\\Pipeline\\{closure}()
#33 /var/www/gpdsgame/vendor/laravel/framework/src/Illuminate/Routing/Router.php(807): Illuminate\\Pipeline\\Pipeline->then()
#34 /var/www/gpdsgame/vendor/laravel/framework/src/Illuminate/Routing/Router.php(786): Illuminate\\Routing\\Router->runRouteWithinStack()
#35 /var/www/gpdsgame/vendor/laravel/framework/src/Illuminate/Routing/Router.php(750): Illuminate\\Routing\\Router->runRoute()
#36 /var/www/gpdsgame/vendor/laravel/framework/src/Illuminate/Routing/Router.php(739): Illuminate\\Routing\\Router->dispatchToRoute()
#37 /var/www/gpdsgame/vendor/laravel/framework/src/Illuminate/Foundation/Http/Kernel.php(201): Illuminate\\Routing\\Router->dispatch()
#38 /var/www/gpdsgame/vendor/laravel/framework/src/Illuminate/Pipeline/Pipeline.php(170): Illuminate\\Foundation\\Http\\Kernel->Illuminate\\Foundation\\Http\\{closure}()
#39 /var/www/gpdsgame/vendor/laravel/framework/src/Illuminate/Foundation/Http/Middleware/TransformsRequest.php(21): Illuminate\\Pipeline\\Pipeline->Illuminate\\Pipeline\\{closure}()
#40 /var/www/gpdsgame/vendor/laravel/framework/src/Illuminate/Foundation/Http/Middleware/ConvertEmptyStringsToNull.php(31): Illuminate\\Foundation\\Http\\Middleware\\TransformsRequest->handle()
#41 /var/www/gpdsgame/vendor/laravel/framework/src/Illuminate/Pipeline/Pipeline.php(209): Illuminate\\Foundation\\Http\\Middleware\\ConvertEmptyStringsToNull->handle()
#42 /var/www/gpdsgame/vendor/laravel/framework/src/Illuminate/Foundation/Http/Middleware/TransformsRequest.php(21): Illuminate\\Pipeline\\Pipeline->Illuminate\\Pipeline\\{closure}()
#43 /var/www/gpdsgame/vendor/laravel/framework/src/Illuminate/Foundation/Http/Middleware/TrimStrings.php(51): Illuminate\\Foundation\\Http\\Middleware\\TransformsRequest->handle()
#44 /var/www/gpdsgame/vendor/laravel/framework/src/Illuminate/Pipeline/Pipeline.php(209): Illuminate\\Foundation\\Http\\Middleware\\TrimStrings->handle()
#45 /var/www/gpdsgame/vendor/laravel/framework/src/Illuminate/Http/Middleware/ValidatePostSize.php(27): Illuminate\\Pipeline\\Pipeline->Illuminate\\Pipeline\\{closure}()
#46 /var/www/gpdsgame/vendor/laravel/framework/src/Illuminate/Pipeline/Pipeline.php(209): Illuminate\\Http\\Middleware\\ValidatePostSize->handle()
#47 /var/www/gpdsgame/vendor/laravel/framework/src/Illuminate/Foundation/Http/Middleware/PreventRequestsDuringMaintenance.php(110): Illuminate\\Pipeline\\Pipeline->Illuminate\\Pipeline\\{closure}()
#48 /var/www/gpdsgame/vendor/laravel/framework/src/Illuminate/Pipeline/Pipeline.php(209): Illuminate\\Foundation\\Http\\Middleware\\PreventRequestsDuringMaintenance->handle()
#49 /var/www/gpdsgame/vendor/laravel/framework/src/Illuminate/Http/Middleware/HandleCors.php(49): Illuminate\\Pipeline\\Pipeline->Illuminate\\Pipeline\\{closure}()
#50 /var/www/gpdsgame/vendor/laravel/framework/src/Illuminate/Pipeline/Pipeline.php(209): Illuminate\\Http\\Middleware\\HandleCors->handle()
#51 /var/www/gpdsgame/vendor/laravel/framework/src/Illuminate/Http/Middleware/TrustProxies.php(58): Illuminate\\Pipeline\\Pipeline->Illuminate\\Pipeline\\{closure}()
#52 /var/www/gpdsgame/vendor/laravel/framework/src/Illuminate/Pipeline/Pipeline.php(209): Illuminate\\Http\\Middleware\\TrustProxies->handle()
#53 /var/www/gpdsgame/vendor/laravel/framework/src/Illuminate/Foundation/Http/Middleware/InvokeDeferredCallbacks.php(22): Illuminate\\Pipeline\\Pipeline->Illuminate\\Pipeline\\{closure}()
#54 /var/www/gpdsgame/vendor/laravel/framework/src/Illuminate/Pipeline/Pipeline.php(209): Illuminate\\Foundation\\Http\\Middleware\\InvokeDeferredCallbacks->handle()
#55 /var/www/gpdsgame/app/Http/Middleware/CheckBanned.php(23): Illuminate\\Pipeline\\Pipeline->Illuminate\\Pipeline\\{closure}()
#56 /var/www/gpdsgame/vendor/laravel/framework/src/Illuminate/Pipeline/Pipeline.php(209): App\\Http\\Middleware\\CheckBanned->handle()
#57 /var/www/gpdsgame/app/Http/Middleware/CheckBannedIp.php(24): Illuminate\\Pipeline\\Pipeline->Illuminate\\Pipeline\\{closure}()
#58 /var/www/gpdsgame/vendor/laravel/framework/src/Illuminate/Pipeline/Pipeline.php(209): App\\Http\\Middleware\\CheckBannedIp->handle()
#59 /var/www/gpdsgame/vendor/laravel/framework/src/Illuminate/Pipeline/Pipeline.php(127): Illuminate\\Pipeline\\Pipeline->Illuminate\\Pipeline\\{closure}()
#60 /var/www/gpdsgame/vendor/laravel/framework/src/Illuminate/Foundation/Http/Kernel.php(176): Illuminate\\Pipeline\\Pipeline->then()
#61 /var/www/gpdsgame/vendor/laravel/framework/src/Illuminate/Foundation/Http/Kernel.php(145): Illuminate\\Foundation\\Http\\Kernel->sendRequestThroughRouter()
#62 /var/www/gpdsgame/public/index.php(57): Illuminate\\Foundation\\Http\\Kernel->handle()
#63 {main}
"} 
[2026-01-17 14:29:07] production.ERROR: Call to undefined relationship [paymentMethod] on model [App\Models\EcommerceOrder]. {"userId":3364,"exception":"[object] (Illuminate\\Database\\Eloquent\\RelationNotFoundException(code: 0): Call to undefined relationship [paymentMethod] on model [App\\Models\\EcommerceOrder]. at /var/www/gpdsgame/vendor/laravel/framework/src/Illuminate/Database/Eloquent/RelationNotFoundException.php:35)
[stacktrace]
#0 /var/www/gpdsgame/vendor/laravel/framework/src/Illuminate/Database/Eloquent/Builder.php(878): Illuminate\\Database\\Eloquent\\RelationNotFoundException::make()
#1 /var/www/gpdsgame/vendor/laravel/framework/src/Illuminate/Database/Eloquent/Relations/Relation.php(120): Illuminate\\Database\\Eloquent\\Builder->Illuminate\\Database\\Eloquent\\{closure}()
#2 /var/www/gpdsgame/vendor/laravel/framework/src/Illuminate/Database/Eloquent/Builder.php(874): Illuminate\\Database\\Eloquent\\Relations\\Relation::noConstraints()
#3 /var/www/gpdsgame/vendor/laravel/framework/src/Illuminate/Database/Eloquent/Builder.php(848): Illuminate\\Database\\Eloquent\\Builder->getRelation()
#4 /var/www/gpdsgame/vendor/laravel/framework/src/Illuminate/Database/Eloquent/Builder.php(828): Illuminate\\Database\\Eloquent\\Builder->eagerLoadRelation()
#5 /var/www/gpdsgame/vendor/laravel/framework/src/Illuminate/Database/Eloquent/Model.php(724): Illuminate\\Database\\Eloquent\\Builder->eagerLoadRelations()
#6 /var/www/gpdsgame/app/Http/Controllers/EcommerceOrderController.php(41): Illuminate\\Database\\Eloquent\\Model->load()
#7 /var/www/gpdsgame/vendor/laravel/framework/src/Illuminate/Routing/Controller.php(54): App\\Http\\Controllers\\EcommerceOrderController->show()
#8 /var/www/gpdsgame/vendor/laravel/framework/src/Illuminate/Routing/ControllerDispatcher.php(44): Illuminate\\Routing\\Controller->callAction()
#9 /var/www/gpdsgame/vendor/laravel/framework/src/Illuminate/Routing/Route.php(266): Illuminate\\Routing\\ControllerDispatcher->dispatch()
#10 /var/www/gpdsgame/vendor/laravel/framework/src/Illuminate/Routing/Route.php(212): Illuminate\\Routing\\Route->runController()
#11 /var/www/gpdsgame/vendor/laravel/framework/src/Illuminate/Routing/Router.php(808): Illuminate\\Routing\\Route->run()
#12 /var/www/gpdsgame/vendor/laravel/framework/src/Illuminate/Pipeline/Pipeline.php(170): Illuminate\\Routing\\Router->Illuminate\\Routing\\{closure}()
#13 /var/www/gpdsgame/vendor/spatie/laravel-permission/src/Middleware/PermissionMiddleware.php(37): Illuminate\\Pipeline\\Pipeline->Illuminate\\Pipeline\\{closure}()
#14 /var/www/gpdsgame/vendor/laravel/framework/src/Illuminate/Pipeline/Pipeline.php(209): Spatie\\Permission\\Middleware\\PermissionMiddleware->handle()
#15 /var/www/gpdsgame/app/Http/Middleware/EnsureNotCustomer.php(32): Illuminate\\Pipeline\\Pipeline->Illuminate\\Pipeline\\{closure}()
#16 /var/www/gpdsgame/vendor/laravel/framework/src/Illuminate/Pipeline/Pipeline.php(209): App\\Http\\Middleware\\EnsureNotCustomer->handle()
#17 /var/www/gpdsgame/vendor/laravel/framework/src/Illuminate/Routing/Middleware/SubstituteBindings.php(51): Illuminate\\Pipeline\\Pipeline->Illuminate\\Pipeline\\{closure}()
#18 /var/www/gpdsgame/vendor/laravel/framework/src/Illuminate/Pipeline/Pipeline.php(209): Illuminate\\Routing\\Middleware\\SubstituteBindings->handle()
#19 /var/www/gpdsgame/vendor/laravel/framework/src/Illuminate/Auth/Middleware/Authenticate.php(64): Illuminate\\Pipeline\\Pipeline->Illuminate\\Pipeline\\{closure}()
#20 /var/www/gpdsgame/vendor/laravel/framework/src/Illuminate/Pipeline/Pipeline.php(209): Illuminate\\Auth\\Middleware\\Authenticate->handle()
#21 /var/www/gpdsgame/vendor/laravel/framework/src/Illuminate/Foundation/Http/Middleware/VerifyCsrfToken.php(88): Illuminate\\Pipeline\\Pipeline->Illuminate\\Pipeline\\{closure}()
#22 /var/www/gpdsgame/vendor/laravel/framework/src/Illuminate/Pipeline/Pipeline.php(209): Illuminate\\Foundation\\Http\\Middleware\\VerifyCsrfToken->handle()
#23 /var/www/gpdsgame/vendor/laravel/framework/src/Illuminate/View/Middleware/ShareErrorsFromSession.php(49): Illuminate\\Pipeline\\Pipeline->Illuminate\\Pipeline\\{closure}()
#24 /var/www/gpdsgame/vendor/laravel/framework/src/Illuminate/Pipeline/Pipeline.php(209): Illuminate\\View\\Middleware\\ShareErrorsFromSession->handle()
#25 /var/www/gpdsgame/vendor/laravel/framework/src/Illuminate/Session/Middleware/StartSession.php(121): Illuminate\\Pipeline\\Pipeline->Illuminate\\Pipeline\\{closure}()
#26 /var/www/gpdsgame/vendor/laravel/framework/src/Illuminate/Session/Middleware/StartSession.php(64): Illuminate\\Session\\Middleware\\StartSession->handleStatefulRequest()
#27 /var/www/gpdsgame/vendor/laravel/framework/src/Illuminate/Pipeline/Pipeline.php(209): Illuminate\\Session\\Middleware\\StartSession->handle()
#28 /var/www/gpdsgame/vendor/laravel/framework/src/Illuminate/Cookie/Middleware/AddQueuedCookiesToResponse.php(37): Illuminate\\Pipeline\\Pipeline->Illuminate\\Pipeline\\{closure}()
#29 /var/www/gpdsgame/vendor/laravel/framework/src/Illuminate/Pipeline/Pipeline.php(209): Illuminate\\Cookie\\Middleware\\AddQueuedCookiesToResponse->handle()
#30 /var/www/gpdsgame/vendor/laravel/framework/src/Illuminate/Cookie/Middleware/EncryptCookies.php(75): Illuminate\\Pipeline\\Pipeline->Illuminate\\Pipeline\\{closure}()
#31 /var/www/gpdsgame/vendor/laravel/framework/src/Illuminate/Pipeline/Pipeline.php(209): Illuminate\\Cookie\\Middleware\\EncryptCookies->handle()
#32 /var/www/gpdsgame/vendor/laravel/framework/src/Illuminate/Pipeline/Pipeline.php(127): Illuminate\\Pipeline\\Pipeline->Illuminate\\Pipeline\\{closure}()
#33 /var/www/gpdsgame/vendor/laravel/framework/src/Illuminate/Routing/Router.php(807): Illuminate\\Pipeline\\Pipeline->then()
#34 /var/www/gpdsgame/vendor/laravel/framework/src/Illuminate/Routing/Router.php(786): Illuminate\\Routing\\Router->runRouteWithinStack()
#35 /var/www/gpdsgame/vendor/laravel/framework/src/Illuminate/Routing/Router.php(750): Illuminate\\Routing\\Router->runRoute()
#36 /var/www/gpdsgame/vendor/laravel/framework/src/Illuminate/Routing/Router.php(739): Illuminate\\Routing\\Router->dispatchToRoute()
#37 /var/www/gpdsgame/vendor/laravel/framework/src/Illuminate/Foundation/Http/Kernel.php(201): Illuminate\\Routing\\Router->dispatch()
#38 /var/www/gpdsgame/vendor/laravel/framework/src/Illuminate/Pipeline/Pipeline.php(170): Illuminate\\Foundation\\Http\\Kernel->Illuminate\\Foundation\\Http\\{closure}()
#39 /var/www/gpdsgame/vendor/laravel/framework/src/Illuminate/Foundation/Http/Middleware/TransformsRequest.php(21): Illuminate\\Pipeline\\Pipeline->Illuminate\\Pipeline\\{closure}()
#40 /var/www/gpdsgame/vendor/laravel/framework/src/Illuminate/Foundation/Http/Middleware/ConvertEmptyStringsToNull.php(31): Illuminate\\Foundation\\Http\\Middleware\\TransformsRequest->handle()
#41 /var/www/gpdsgame/vendor/laravel/framework/src/Illuminate/Pipeline/Pipeline.php(209): Illuminate\\Foundation\\Http\\Middleware\\ConvertEmptyStringsToNull->handle()
#42 /var/www/gpdsgame/vendor/laravel/framework/src/Illuminate/Foundation/Http/Middleware/TransformsRequest.php(21): Illuminate\\Pipeline\\Pipeline->Illuminate\\Pipeline\\{closure}()
#43 /var/www/gpdsgame/vendor/laravel/framework/src/Illuminate/Foundation/Http/Middleware/TrimStrings.php(51): Illuminate\\Foundation\\Http\\Middleware\\TransformsRequest->handle()
#44 /var/www/gpdsgame/vendor/laravel/framework/src/Illuminate/Pipeline/Pipeline.php(209): Illuminate\\Foundation\\Http\\Middleware\\TrimStrings->handle()
#45 /var/www/gpdsgame/vendor/laravel/framework/src/Illuminate/Http/Middleware/ValidatePostSize.php(27): Illuminate\\Pipeline\\Pipeline->Illuminate\\Pipeline\\{closure}()
#46 /var/www/gpdsgame/vendor/laravel/framework/src/Illuminate/Pipeline/Pipeline.php(209): Illuminate\\Http\\Middleware\\ValidatePostSize->handle()
#47 /var/www/gpdsgame/vendor/laravel/framework/src/Illuminate/Foundation/Http/Middleware/PreventRequestsDuringMaintenance.php(110): Illuminate\\Pipeline\\Pipeline->Illuminate\\Pipeline\\{closure}()
#48 /var/www/gpdsgame/vendor/laravel/framework/src/Illuminate/Pipeline/Pipeline.php(209): Illuminate\\Foundation\\Http\\Middleware\\PreventRequestsDuringMaintenance->handle()
#49 /var/www/gpdsgame/vendor/laravel/framework/src/Illuminate/Http/Middleware/HandleCors.php(49): Illuminate\\Pipeline\\Pipeline->Illuminate\\Pipeline\\{closure}()
#50 /var/www/gpdsgame/vendor/laravel/framework/src/Illuminate/Pipeline/Pipeline.php(209): Illuminate\\Http\\Middleware\\HandleCors->handle()
#51 /var/www/gpdsgame/vendor/laravel/framework/src/Illuminate/Http/Middleware/TrustProxies.php(58): Illuminate\\Pipeline\\Pipeline->Illuminate\\Pipeline\\{closure}()
#52 /var/www/gpdsgame/vendor/laravel/framework/src/Illuminate/Pipeline/Pipeline.php(209): Illuminate\\Http\\Middleware\\TrustProxies->handle()
#53 /var/www/gpdsgame/vendor/laravel/framework/src/Illuminate/Foundation/Http/Middleware/InvokeDeferredCallbacks.php(22): Illuminate\\Pipeline\\Pipeline->Illuminate\\Pipeline\\{closure}()
#54 /var/www/gpdsgame/vendor/laravel/framework/src/Illuminate/Pipeline/Pipeline.php(209): Illuminate\\Foundation\\Http\\Middleware\\InvokeDeferredCallbacks->handle()
#55 /var/www/gpdsgame/app/Http/Middleware/CheckBanned.php(23): Illuminate\\Pipeline\\Pipeline->Illuminate\\Pipeline\\{closure}()
#56 /var/www/gpdsgame/vendor/laravel/framework/src/Illuminate/Pipeline/Pipeline.php(209): App\\Http\\Middleware\\CheckBanned->handle()
#57 /var/www/gpdsgame/app/Http/Middleware/CheckBannedIp.php(24): Illuminate\\Pipeline\\Pipeline->Illuminate\\Pipeline\\{closure}()
#58 /var/www/gpdsgame/vendor/laravel/framework/src/Illuminate/Pipeline/Pipeline.php(209): App\\Http\\Middleware\\CheckBannedIp->handle()
#59 /var/www/gpdsgame/vendor/laravel/framework/src/Illuminate/Pipeline/Pipeline.php(127): Illuminate\\Pipeline\\Pipeline->Illuminate\\Pipeline\\{closure}()
#60 /var/www/gpdsgame/vendor/laravel/framework/src/Illuminate/Foundation/Http/Kernel.php(176): Illuminate\\Pipeline\\Pipeline->then()
#61 /var/www/gpdsgame/vendor/laravel/framework/src/Illuminate/Foundation/Http/Kernel.php(145): Illuminate\\Foundation\\Http\\Kernel->sendRequestThroughRouter()
#62 /var/www/gpdsgame/public/index.php(57): Illuminate\\Foundation\\Http\\Kernel->handle()
#63 {main}
"} 
[2026-01-17 14:29:29] production.ERROR: Call to undefined relationship [paymentMethod] on model [App\Models\EcommerceOrder]. {"userId":3364,"exception":"[object] (Illuminate\\Database\\Eloquent\\RelationNotFoundException(code: 0): Call to undefined relationship [paymentMethod] on model [App\\Models\\EcommerceOrder]. at /var/www/gpdsgame/vendor/laravel/framework/src/Illuminate/Database/Eloquent/RelationNotFoundException.php:35)
[stacktrace]
#0 /var/www/gpdsgame/vendor/laravel/framework/src/Illuminate/Database/Eloquent/Builder.php(878): Illuminate\\Database\\Eloquent\\RelationNotFoundException::make()
#1 /var/www/gpdsgame/vendor/laravel/framework/src/Illuminate/Database/Eloquent/Relations/Relation.php(120): Illuminate\\Database\\Eloquent\\Builder->Illuminate\\Database\\Eloquent\\{closure}()
#2 /var/www/gpdsgame/vendor/laravel/framework/src/Illuminate/Database/Eloquent/Builder.php(874): Illuminate\\Database\\Eloquent\\Relations\\Relation::noConstraints()
#3 /var/www/gpdsgame/vendor/laravel/framework/src/Illuminate/Database/Eloquent/Builder.php(848): Illuminate\\Database\\Eloquent\\Builder->getRelation()
#4 /var/www/gpdsgame/vendor/laravel/framework/src/Illuminate/Database/Eloquent/Builder.php(828): Illuminate\\Database\\Eloquent\\Builder->eagerLoadRelation()
#5 /var/www/gpdsgame/vendor/laravel/framework/src/Illuminate/Database/Eloquent/Model.php(724): Illuminate\\Database\\Eloquent\\Builder->eagerLoadRelations()
#6 /var/www/gpdsgame/app/Http/Controllers/EcommerceOrderController.php(41): Illuminate\\Database\\Eloquent\\Model->load()
#7 /var/www/gpdsgame/vendor/laravel/framework/src/Illuminate/Routing/Controller.php(54): App\\Http\\Controllers\\EcommerceOrderController->show()
#8 /var/www/gpdsgame/vendor/laravel/framework/src/Illuminate/Routing/ControllerDispatcher.php(44): Illuminate\\Routing\\Controller->callAction()
#9 /var/www/gpdsgame/vendor/laravel/framework/src/Illuminate/Routing/Route.php(266): Illuminate\\Routing\\ControllerDispatcher->dispatch()
#10 /var/www/gpdsgame/vendor/laravel/framework/src/Illuminate/Routing/Route.php(212): Illuminate\\Routing\\Route->runController()
#11 /var/www/gpdsgame/vendor/laravel/framework/src/Illuminate/Routing/Router.php(808): Illuminate\\Routing\\Route->run()
#12 /var/www/gpdsgame/vendor/laravel/framework/src/Illuminate/Pipeline/Pipeline.php(170): Illuminate\\Routing\\Router->Illuminate\\Routing\\{closure}()
#13 /var/www/gpdsgame/vendor/spatie/laravel-permission/src/Middleware/PermissionMiddleware.php(37): Illuminate\\Pipeline\\Pipeline->Illuminate\\Pipeline\\{closure}()
#14 /var/www/gpdsgame/vendor/laravel/framework/src/Illuminate/Pipeline/Pipeline.php(209): Spatie\\Permission\\Middleware\\PermissionMiddleware->handle()
#15 /var/www/gpdsgame/app/Http/Middleware/EnsureNotCustomer.php(32): Illuminate\\Pipeline\\Pipeline->Illuminate\\Pipeline\\{closure}()
#16 /var/www/gpdsgame/vendor/laravel/framework/src/Illuminate/Pipeline/Pipeline.php(209): App\\Http\\Middleware\\EnsureNotCustomer->handle()
#17 /var/www/gpdsgame/vendor/laravel/framework/src/Illuminate/Routing/Middleware/SubstituteBindings.php(51): Illuminate\\Pipeline\\Pipeline->Illuminate\\Pipeline\\{closure}()
#18 /var/www/gpdsgame/vendor/laravel/framework/src/Illuminate/Pipeline/Pipeline.php(209): Illuminate\\Routing\\Middleware\\SubstituteBindings->handle()
#19 /var/www/gpdsgame/vendor/laravel/framework/src/Illuminate/Auth/Middleware/Authenticate.php(64): Illuminate\\Pipeline\\Pipeline->Illuminate\\Pipeline\\{closure}()
#20 /var/www/gpdsgame/vendor/laravel/framework/src/Illuminate/Pipeline/Pipeline.php(209): Illuminate\\Auth\\Middleware\\Authenticate->handle()
#21 /var/www/gpdsgame/vendor/laravel/framework/src/Illuminate/Foundation/Http/Middleware/VerifyCsrfToken.php(88): Illuminate\\Pipeline\\Pipeline->Illuminate\\Pipeline\\{closure}()
#22 /var/www/gpdsgame/vendor/laravel/framework/src/Illuminate/Pipeline/Pipeline.php(209): Illuminate\\Foundation\\Http\\Middleware\\VerifyCsrfToken->handle()
#23 /var/www/gpdsgame/vendor/laravel/framework/src/Illuminate/View/Middleware/ShareErrorsFromSession.php(49): Illuminate\\Pipeline\\Pipeline->Illuminate\\Pipeline\\{closure}()
#24 /var/www/gpdsgame/vendor/laravel/framework/src/Illuminate/Pipeline/Pipeline.php(209): Illuminate\\View\\Middleware\\ShareErrorsFromSession->handle()
#25 /var/www/gpdsgame/vendor/laravel/framework/src/Illuminate/Session/Middleware/StartSession.php(121): Illuminate\\Pipeline\\Pipeline->Illuminate\\Pipeline\\{closure}()
#26 /var/www/gpdsgame/vendor/laravel/framework/src/Illuminate/Session/Middleware/StartSession.php(64): Illuminate\\Session\\Middleware\\StartSession->handleStatefulRequest()
#27 /var/www/gpdsgame/vendor/laravel/framework/src/Illuminate/Pipeline/Pipeline.php(209): Illuminate\\Session\\Middleware\\StartSession->handle()
#28 /var/www/gpdsgame/vendor/laravel/framework/src/Illuminate/Cookie/Middleware/AddQueuedCookiesToResponse.php(37): Illuminate\\Pipeline\\Pipeline->Illuminate\\Pipeline\\{closure}()
#29 /var/www/gpdsgame/vendor/laravel/framework/src/Illuminate/Pipeline/Pipeline.php(209): Illuminate\\Cookie\\Middleware\\AddQueuedCookiesToResponse->handle()
#30 /var/www/gpdsgame/vendor/laravel/framework/src/Illuminate/Cookie/Middleware/EncryptCookies.php(75): Illuminate\\Pipeline\\Pipeline->Illuminate\\Pipeline\\{closure}()
#31 /var/www/gpdsgame/vendor/laravel/framework/src/Illuminate/Pipeline/Pipeline.php(209): Illuminate\\Cookie\\Middleware\\EncryptCookies->handle()
#32 /var/www/gpdsgame/vendor/laravel/framework/src/Illuminate/Pipeline/Pipeline.php(127): Illuminate\\Pipeline\\Pipeline->Illuminate\\Pipeline\\{closure}()
#33 /var/www/gpdsgame/vendor/laravel/framework/src/Illuminate/Routing/Router.php(807): Illuminate\\Pipeline\\Pipeline->then()
#34 /var/www/gpdsgame/vendor/laravel/framework/src/Illuminate/Routing/Router.php(786): Illuminate\\Routing\\Router->runRouteWithinStack()
#35 /var/www/gpdsgame/vendor/laravel/framework/src/Illuminate/Routing/Router.php(750): Illuminate\\Routing\\Router->runRoute()
#36 /var/www/gpdsgame/vendor/laravel/framework/src/Illuminate/Routing/Router.php(739): Illuminate\\Routing\\Router->dispatchToRoute()
#37 /var/www/gpdsgame/vendor/laravel/framework/src/Illuminate/Foundation/Http/Kernel.php(201): Illuminate\\Routing\\Router->dispatch()
#38 /var/www/gpdsgame/vendor/laravel/framework/src/Illuminate/Pipeline/Pipeline.php(170): Illuminate\\Foundation\\Http\\Kernel->Illuminate\\Foundation\\Http\\{closure}()
#39 /var/www/gpdsgame/vendor/laravel/framework/src/Illuminate/Foundation/Http/Middleware/TransformsRequest.php(21): Illuminate\\Pipeline\\Pipeline->Illuminate\\Pipeline\\{closure}()
#40 /var/www/gpdsgame/vendor/laravel/framework/src/Illuminate/Foundation/Http/Middleware/ConvertEmptyStringsToNull.php(31): Illuminate\\Foundation\\Http\\Middleware\\TransformsRequest->handle()
#41 /var/www/gpdsgame/vendor/laravel/framework/src/Illuminate/Pipeline/Pipeline.php(209): Illuminate\\Foundation\\Http\\Middleware\\ConvertEmptyStringsToNull->handle()
#42 /var/www/gpdsgame/vendor/laravel/framework/src/Illuminate/Foundation/Http/Middleware/TransformsRequest.php(21): Illuminate\\Pipeline\\Pipeline->Illuminate\\Pipeline\\{closure}()
#43 /var/www/gpdsgame/vendor/laravel/framework/src/Illuminate/Foundation/Http/Middleware/TrimStrings.php(51): Illuminate\\Foundation\\Http\\Middleware\\TransformsRequest->handle()
#44 /var/www/gpdsgame/vendor/laravel/framework/src/Illuminate/Pipeline/Pipeline.php(209): Illuminate\\Foundation\\Http\\Middleware\\TrimStrings->handle()
#45 /var/www/gpdsgame/vendor/laravel/framework/src/Illuminate/Http/Middleware/ValidatePostSize.php(27): Illuminate\\Pipeline\\Pipeline->Illuminate\\Pipeline\\{closure}()
#46 /var/www/gpdsgame/vendor/laravel/framework/src/Illuminate/Pipeline/Pipeline.php(209): Illuminate\\Http\\Middleware\\ValidatePostSize->handle()
#47 /var/www/gpdsgame/vendor/laravel/framework/src/Illuminate/Foundation/Http/Middleware/PreventRequestsDuringMaintenance.php(110): Illuminate\\Pipeline\\Pipeline->Illuminate\\Pipeline\\{closure}()
#48 /var/www/gpdsgame/vendor/laravel/framework/src/Illuminate/Pipeline/Pipeline.php(209): Illuminate\\Foundation\\Http\\Middleware\\PreventRequestsDuringMaintenance->handle()
#49 /var/www/gpdsgame/vendor/laravel/framework/src/Illuminate/Http/Middleware/HandleCors.php(49): Illuminate\\Pipeline\\Pipeline->Illuminate\\Pipeline\\{closure}()
#50 /var/www/gpdsgame/vendor/laravel/framework/src/Illuminate/Pipeline/Pipeline.php(209): Illuminate\\Http\\Middleware\\HandleCors->handle()
#51 /var/www/gpdsgame/vendor/laravel/framework/src/Illuminate/Http/Middleware/TrustProxies.php(58): Illuminate\\Pipeline\\Pipeline->Illuminate\\Pipeline\\{closure}()
#52 /var/www/gpdsgame/vendor/laravel/framework/src/Illuminate/Pipeline/Pipeline.php(209): Illuminate\\Http\\Middleware\\TrustProxies->handle()
#53 /var/www/gpdsgame/vendor/laravel/framework/src/Illuminate/Foundation/Http/Middleware/InvokeDeferredCallbacks.php(22): Illuminate\\Pipeline\\Pipeline->Illuminate\\Pipeline\\{closure}()
#54 /var/www/gpdsgame/vendor/laravel/framework/src/Illuminate/Pipeline/Pipeline.php(209): Illuminate\\Foundation\\Http\\Middleware\\InvokeDeferredCallbacks->handle()
#55 /var/www/gpdsgame/app/Http/Middleware/CheckBanned.php(23): Illuminate\\Pipeline\\Pipeline->Illuminate\\Pipeline\\{closure}()
#56 /var/www/gpdsgame/vendor/laravel/framework/src/Illuminate/Pipeline/Pipeline.php(209): App\\Http\\Middleware\\CheckBanned->handle()
#57 /var/www/gpdsgame/app/Http/Middleware/CheckBannedIp.php(24): Illuminate\\Pipeline\\Pipeline->Illuminate\\Pipeline\\{closure}()
#58 /var/www/gpdsgame/vendor/laravel/framework/src/Illuminate/Pipeline/Pipeline.php(209): App\\Http\\Middleware\\CheckBannedIp->handle()
#59 /var/www/gpdsgame/vendor/laravel/framework/src/Illuminate/Pipeline/Pipeline.php(127): Illuminate\\Pipeline\\Pipeline->Illuminate\\Pipeline\\{closure}()
#60 /var/www/gpdsgame/vendor/laravel/framework/src/Illuminate/Foundation/Http/Kernel.php(176): Illuminate\\Pipeline\\Pipeline->then()
#61 /var/www/gpdsgame/vendor/laravel/framework/src/Illuminate/Foundation/Http/Kernel.php(145): Illuminate\\Foundation\\Http\\Kernel->sendRequestThroughRouter()
#62 /var/www/gpdsgame/public/index.php(57): Illuminate\\Foundation\\Http\\Kernel->handle()
#63 {main}
"} 
[2026-01-17 14:37:53] production.ERROR: Call to undefined relationship [paymentMethod] on model [App\Models\EcommerceOrder]. {"userId":3364,"exception":"[object] (Illuminate\\Database\\Eloquent\\RelationNotFoundException(code: 0): Call to undefined relationship [paymentMethod] on model [App\\Models\\EcommerceOrder]. at /var/www/gpdsgame/vendor/laravel/framework/src/Illuminate/Database/Eloquent/RelationNotFoundException.php:35)
[stacktrace]
#0 /var/www/gpdsgame/vendor/laravel/framework/src/Illuminate/Database/Eloquent/Builder.php(878): Illuminate\\Database\\Eloquent\\RelationNotFoundException::make()
#1 /var/www/gpdsgame/vendor/laravel/framework/src/Illuminate/Database/Eloquent/Relations/Relation.php(120): Illuminate\\Database\\Eloquent\\Builder->Illuminate\\Database\\Eloquent\\{closure}()
#2 /var/www/gpdsgame/vendor/laravel/framework/src/Illuminate/Database/Eloquent/Builder.php(874): Illuminate\\Database\\Eloquent\\Relations\\Relation::noConstraints()
#3 /var/www/gpdsgame/vendor/laravel/framework/src/Illuminate/Database/Eloquent/Builder.php(848): Illuminate\\Database\\Eloquent\\Builder->getRelation()
#4 /var/www/gpdsgame/vendor/laravel/framework/src/Illuminate/Database/Eloquent/Builder.php(828): Illuminate\\Database\\Eloquent\\Builder->eagerLoadRelation()
#5 /var/www/gpdsgame/vendor/laravel/framework/src/Illuminate/Database/Eloquent/Model.php(724): Illuminate\\Database\\Eloquent\\Builder->eagerLoadRelations()
#6 /var/www/gpdsgame/app/Http/Controllers/EcommerceOrderController.php(41): Illuminate\\Database\\Eloquent\\Model->load()
#7 /var/www/gpdsgame/vendor/laravel/framework/src/Illuminate/Routing/Controller.php(54): App\\Http\\Controllers\\EcommerceOrderController->show()
#8 /var/www/gpdsgame/vendor/laravel/framework/src/Illuminate/Routing/ControllerDispatcher.php(44): Illuminate\\Routing\\Controller->callAction()
#9 /var/www/gpdsgame/vendor/laravel/framework/src/Illuminate/Routing/Route.php(266): Illuminate\\Routing\\ControllerDispatcher->dispatch()
#10 /var/www/gpdsgame/vendor/laravel/framework/src/Illuminate/Routing/Route.php(212): Illuminate\\Routing\\Route->runController()
#11 /var/www/gpdsgame/vendor/laravel/framework/src/Illuminate/Routing/Router.php(808): Illuminate\\Routing\\Route->run()
#12 /var/www/gpdsgame/vendor/laravel/framework/src/Illuminate/Pipeline/Pipeline.php(170): Illuminate\\Routing\\Router->Illuminate\\Routing\\{closure}()
#13 /var/www/gpdsgame/vendor/spatie/laravel-permission/src/Middleware/PermissionMiddleware.php(37): Illuminate\\Pipeline\\Pipeline->Illuminate\\Pipeline\\{closure}()
#14 /var/www/gpdsgame/vendor/laravel/framework/src/Illuminate/Pipeline/Pipeline.php(209): Spatie\\Permission\\Middleware\\PermissionMiddleware->handle()
#15 /var/www/gpdsgame/app/Http/Middleware/EnsureNotCustomer.php(32): Illuminate\\Pipeline\\Pipeline->Illuminate\\Pipeline\\{closure}()
#16 /var/www/gpdsgame/vendor/laravel/framework/src/Illuminate/Pipeline/Pipeline.php(209): App\\Http\\Middleware\\EnsureNotCustomer->handle()
#17 /var/www/gpdsgame/vendor/laravel/framework/src/Illuminate/Routing/Middleware/SubstituteBindings.php(51): Illuminate\\Pipeline\\Pipeline->Illuminate\\Pipeline\\{closure}()
#18 /var/www/gpdsgame/vendor/laravel/framework/src/Illuminate/Pipeline/Pipeline.php(209): Illuminate\\Routing\\Middleware\\SubstituteBindings->handle()
#19 /var/www/gpdsgame/vendor/laravel/framework/src/Illuminate/Auth/Middleware/Authenticate.php(64): Illuminate\\Pipeline\\Pipeline->Illuminate\\Pipeline\\{closure}()
#20 /var/www/gpdsgame/vendor/laravel/framework/src/Illuminate/Pipeline/Pipeline.php(209): Illuminate\\Auth\\Middleware\\Authenticate->handle()
#21 /var/www/gpdsgame/vendor/laravel/framework/src/Illuminate/Foundation/Http/Middleware/VerifyCsrfToken.php(88): Illuminate\\Pipeline\\Pipeline->Illuminate\\Pipeline\\{closure}()
#22 /var/www/gpdsgame/vendor/laravel/framework/src/Illuminate/Pipeline/Pipeline.php(209): Illuminate\\Foundation\\Http\\Middleware\\VerifyCsrfToken->handle()
#23 /var/www/gpdsgame/vendor/laravel/framework/src/Illuminate/View/Middleware/ShareErrorsFromSession.php(49): Illuminate\\Pipeline\\Pipeline->Illuminate\\Pipeline\\{closure}()
#24 /var/www/gpdsgame/vendor/laravel/framework/src/Illuminate/Pipeline/Pipeline.php(209): Illuminate\\View\\Middleware\\ShareErrorsFromSession->handle()
#25 /var/www/gpdsgame/vendor/laravel/framework/src/Illuminate/Session/Middleware/StartSession.php(121): Illuminate\\Pipeline\\Pipeline->Illuminate\\Pipeline\\{closure}()
#26 /var/www/gpdsgame/vendor/laravel/framework/src/Illuminate/Session/Middleware/StartSession.php(64): Illuminate\\Session\\Middleware\\StartSession->handleStatefulRequest()
#27 /var/www/gpdsgame/vendor/laravel/framework/src/Illuminate/Pipeline/Pipeline.php(209): Illuminate\\Session\\Middleware\\StartSession->handle()
#28 /var/www/gpdsgame/vendor/laravel/framework/src/Illuminate/Cookie/Middleware/AddQueuedCookiesToResponse.php(37): Illuminate\\Pipeline\\Pipeline->Illuminate\\Pipeline\\{closure}()
#29 /var/www/gpdsgame/vendor/laravel/framework/src/Illuminate/Pipeline/Pipeline.php(209): Illuminate\\Cookie\\Middleware\\AddQueuedCookiesToResponse->handle()
#30 /var/www/gpdsgame/vendor/laravel/framework/src/Illuminate/Cookie/Middleware/EncryptCookies.php(75): Illuminate\\Pipeline\\Pipeline->Illuminate\\Pipeline\\{closure}()
#31 /var/www/gpdsgame/vendor/laravel/framework/src/Illuminate/Pipeline/Pipeline.php(209): Illuminate\\Cookie\\Middleware\\EncryptCookies->handle()
#32 /var/www/gpdsgame/vendor/laravel/framework/src/Illuminate/Pipeline/Pipeline.php(127): Illuminate\\Pipeline\\Pipeline->Illuminate\\Pipeline\\{closure}()
#33 /var/www/gpdsgame/vendor/laravel/framework/src/Illuminate/Routing/Router.php(807): Illuminate\\Pipeline\\Pipeline->then()
#34 /var/www/gpdsgame/vendor/laravel/framework/src/Illuminate/Routing/Router.php(786): Illuminate\\Routing\\Router->runRouteWithinStack()
#35 /var/www/gpdsgame/vendor/laravel/framework/src/Illuminate/Routing/Router.php(750): Illuminate\\Routing\\Router->runRoute()
#36 /var/www/gpdsgame/vendor/laravel/framework/src/Illuminate/Routing/Router.php(739): Illuminate\\Routing\\Router->dispatchToRoute()
#37 /var/www/gpdsgame/vendor/laravel/framework/src/Illuminate/Foundation/Http/Kernel.php(201): Illuminate\\Routing\\Router->dispatch()
#38 /var/www/gpdsgame/vendor/laravel/framework/src/Illuminate/Pipeline/Pipeline.php(170): Illuminate\\Foundation\\Http\\Kernel->Illuminate\\Foundation\\Http\\{closure}()
#39 /var/www/gpdsgame/vendor/laravel/framework/src/Illuminate/Foundation/Http/Middleware/TransformsRequest.php(21): Illuminate\\Pipeline\\Pipeline->Illuminate\\Pipeline\\{closure}()
#40 /var/www/gpdsgame/vendor/laravel/framework/src/Illuminate/Foundation/Http/Middleware/ConvertEmptyStringsToNull.php(31): Illuminate\\Foundation\\Http\\Middleware\\TransformsRequest->handle()
#41 /var/www/gpdsgame/vendor/laravel/framework/src/Illuminate/Pipeline/Pipeline.php(209): Illuminate\\Foundation\\Http\\Middleware\\ConvertEmptyStringsToNull->handle()
#42 /var/www/gpdsgame/vendor/laravel/framework/src/Illuminate/Foundation/Http/Middleware/TransformsRequest.php(21): Illuminate\\Pipeline\\Pipeline->Illuminate\\Pipeline\\{closure}()
#43 /var/www/gpdsgame/vendor/laravel/framework/src/Illuminate/Foundation/Http/Middleware/TrimStrings.php(51): Illuminate\\Foundation\\Http\\Middleware\\TransformsRequest->handle()
#44 /var/www/gpdsgame/vendor/laravel/framework/src/Illuminate/Pipeline/Pipeline.php(209): Illuminate\\Foundation\\Http\\Middleware\\TrimStrings->handle()
#45 /var/www/gpdsgame/vendor/laravel/framework/src/Illuminate/Http/Middleware/ValidatePostSize.php(27): Illuminate\\Pipeline\\Pipeline->Illuminate\\Pipeline\\{closure}()
#46 /var/www/gpdsgame/vendor/laravel/framework/src/Illuminate/Pipeline/Pipeline.php(209): Illuminate\\Http\\Middleware\\ValidatePostSize->handle()
#47 /var/www/gpdsgame/vendor/laravel/framework/src/Illuminate/Foundation/Http/Middleware/PreventRequestsDuringMaintenance.php(110): Illuminate\\Pipeline\\Pipeline->Illuminate\\Pipeline\\{closure}()
#48 /var/www/gpdsgame/vendor/laravel/framework/src/Illuminate/Pipeline/Pipeline.php(209): Illuminate\\Foundation\\Http\\Middleware\\PreventRequestsDuringMaintenance->handle()
#49 /var/www/gpdsgame/vendor/laravel/framework/src/Illuminate/Http/Middleware/HandleCors.php(49): Illuminate\\Pipeline\\Pipeline->Illuminate\\Pipeline\\{closure}()
#50 /var/www/gpdsgame/vendor/laravel/framework/src/Illuminate/Pipeline/Pipeline.php(209): Illuminate\\Http\\Middleware\\HandleCors->handle()
#51 /var/www/gpdsgame/vendor/laravel/framework/src/Illuminate/Http/Middleware/TrustProxies.php(58): Illuminate\\Pipeline\\Pipeline->Illuminate\\Pipeline\\{closure}()
#52 /var/www/gpdsgame/vendor/laravel/framework/src/Illuminate/Pipeline/Pipeline.php(209): Illuminate\\Http\\Middleware\\TrustProxies->handle()
#53 /var/www/gpdsgame/vendor/laravel/framework/src/Illuminate/Foundation/Http/Middleware/InvokeDeferredCallbacks.php(22): Illuminate\\Pipeline\\Pipeline->Illuminate\\Pipeline\\{closure}()
#54 /var/www/gpdsgame/vendor/laravel/framework/src/Illuminate/Pipeline/Pipeline.php(209): Illuminate\\Foundation\\Http\\Middleware\\InvokeDeferredCallbacks->handle()
#55 /var/www/gpdsgame/app/Http/Middleware/CheckBanned.php(23): Illuminate\\Pipeline\\Pipeline->Illuminate\\Pipeline\\{closure}()
#56 /var/www/gpdsgame/vendor/laravel/framework/src/Illuminate/Pipeline/Pipeline.php(209): App\\Http\\Middleware\\CheckBanned->handle()
#57 /var/www/gpdsgame/app/Http/Middleware/CheckBannedIp.php(24): Illuminate\\Pipeline\\Pipeline->Illuminate\\Pipeline\\{closure}()
#58 /var/www/gpdsgame/vendor/laravel/framework/src/Illuminate/Pipeline/Pipeline.php(209): App\\Http\\Middleware\\CheckBannedIp->handle()
#59 /var/www/gpdsgame/vendor/laravel/framework/src/Illuminate/Pipeline/Pipeline.php(127): Illuminate\\Pipeline\\Pipeline->Illuminate\\Pipeline\\{closure}()
#60 /var/www/gpdsgame/vendor/laravel/framework/src/Illuminate/Foundation/Http/Kernel.php(176): Illuminate\\Pipeline\\Pipeline->then()
#61 /var/www/gpdsgame/vendor/laravel/framework/src/Illuminate/Foundation/Http/Kernel.php(145): Illuminate\\Foundation\\Http\\Kernel->sendRequestThroughRouter()
#62 /var/www/gpdsgame/public/index.php(57): Illuminate\\Foundation\\Http\\Kernel->handle()
#63 {main}
"} 
[2026-01-17 14:37:53] production.ERROR: Call to undefined relationship [paymentMethod] on model [App\Models\EcommerceOrder]. {"userId":3364,"exception":"[object] (Illuminate\\Database\\Eloquent\\RelationNotFoundException(code: 0): Call to undefined relationship [paymentMethod] on model [App\\Models\\EcommerceOrder]. at /var/www/gpdsgame/vendor/laravel/framework/src/Illuminate/Database/Eloquent/RelationNotFoundException.php:35)
[stacktrace]
#0 /var/www/gpdsgame/vendor/laravel/framework/src/Illuminate/Database/Eloquent/Builder.php(878): Illuminate\\Database\\Eloquent\\RelationNotFoundException::make()
#1 /var/www/gpdsgame/vendor/laravel/framework/src/Illuminate/Database/Eloquent/Relations/Relation.php(120): Illuminate\\Database\\Eloquent\\Builder->Illuminate\\Database\\Eloquent\\{closure}()
#2 /var/www/gpdsgame/vendor/laravel/framework/src/Illuminate/Database/Eloquent/Builder.php(874): Illuminate\\Database\\Eloquent\\Relations\\Relation::noConstraints()
#3 /var/www/gpdsgame/vendor/laravel/framework/src/Illuminate/Database/Eloquent/Builder.php(848): Illuminate\\Database\\Eloquent\\Builder->getRelation()
#4 /var/www/gpdsgame/vendor/laravel/framework/src/Illuminate/Database/Eloquent/Builder.php(828): Illuminate\\Database\\Eloquent\\Builder->eagerLoadRelation()
#5 /var/www/gpdsgame/vendor/laravel/framework/src/Illuminate/Database/Eloquent/Model.php(724): Illuminate\\Database\\Eloquent\\Builder->eagerLoadRelations()
#6 /var/www/gpdsgame/app/Http/Controllers/EcommerceOrderController.php(41): Illuminate\\Database\\Eloquent\\Model->load()
#7 /var/www/gpdsgame/vendor/laravel/framework/src/Illuminate/Routing/Controller.php(54): App\\Http\\Controllers\\EcommerceOrderController->show()
#8 /var/www/gpdsgame/vendor/laravel/framework/src/Illuminate/Routing/ControllerDispatcher.php(44): Illuminate\\Routing\\Controller->callAction()
#9 /var/www/gpdsgame/vendor/laravel/framework/src/Illuminate/Routing/Route.php(266): Illuminate\\Routing\\ControllerDispatcher->dispatch()
#10 /var/www/gpdsgame/vendor/laravel/framework/src/Illuminate/Routing/Route.php(212): Illuminate\\Routing\\Route->runController()
#11 /var/www/gpdsgame/vendor/laravel/framework/src/Illuminate/Routing/Router.php(808): Illuminate\\Routing\\Route->run()
#12 /var/www/gpdsgame/vendor/laravel/framework/src/Illuminate/Pipeline/Pipeline.php(170): Illuminate\\Routing\\Router->Illuminate\\Routing\\{closure}()
#13 /var/www/gpdsgame/vendor/spatie/laravel-permission/src/Middleware/PermissionMiddleware.php(37): Illuminate\\Pipeline\\Pipeline->Illuminate\\Pipeline\\{closure}()
#14 /var/www/gpdsgame/vendor/laravel/framework/src/Illuminate/Pipeline/Pipeline.php(209): Spatie\\Permission\\Middleware\\PermissionMiddleware->handle()
#15 /var/www/gpdsgame/app/Http/Middleware/EnsureNotCustomer.php(32): Illuminate\\Pipeline\\Pipeline->Illuminate\\Pipeline\\{closure}()
#16 /var/www/gpdsgame/vendor/laravel/framework/src/Illuminate/Pipeline/Pipeline.php(209): App\\Http\\Middleware\\EnsureNotCustomer->handle()
#17 /var/www/gpdsgame/vendor/laravel/framework/src/Illuminate/Routing/Middleware/SubstituteBindings.php(51): Illuminate\\Pipeline\\Pipeline->Illuminate\\Pipeline\\{closure}()
#18 /var/www/gpdsgame/vendor/laravel/framework/src/Illuminate/Pipeline/Pipeline.php(209): Illuminate\\Routing\\Middleware\\SubstituteBindings->handle()
#19 /var/www/gpdsgame/vendor/laravel/framework/src/Illuminate/Auth/Middleware/Authenticate.php(64): Illuminate\\Pipeline\\Pipeline->Illuminate\\Pipeline\\{closure}()
#20 /var/www/gpdsgame/vendor/laravel/framework/src/Illuminate/Pipeline/Pipeline.php(209): Illuminate\\Auth\\Middleware\\Authenticate->handle()
#21 /var/www/gpdsgame/vendor/laravel/framework/src/Illuminate/Foundation/Http/Middleware/VerifyCsrfToken.php(88): Illuminate\\Pipeline\\Pipeline->Illuminate\\Pipeline\\{closure}()
#22 /var/www/gpdsgame/vendor/laravel/framework/src/Illuminate/Pipeline/Pipeline.php(209): Illuminate\\Foundation\\Http\\Middleware\\VerifyCsrfToken->handle()
#23 /var/www/gpdsgame/vendor/laravel/framework/src/Illuminate/View/Middleware/ShareErrorsFromSession.php(49): Illuminate\\Pipeline\\Pipeline->Illuminate\\Pipeline\\{closure}()
#24 /var/www/gpdsgame/vendor/laravel/framework/src/Illuminate/Pipeline/Pipeline.php(209): Illuminate\\View\\Middleware\\ShareErrorsFromSession->handle()
#25 /var/www/gpdsgame/vendor/laravel/framework/src/Illuminate/Session/Middleware/StartSession.php(121): Illuminate\\Pipeline\\Pipeline->Illuminate\\Pipeline\\{closure}()
#26 /var/www/gpdsgame/vendor/laravel/framework/src/Illuminate/Session/Middleware/StartSession.php(64): Illuminate\\Session\\Middleware\\StartSession->handleStatefulRequest()
#27 /var/www/gpdsgame/vendor/laravel/framework/src/Illuminate/Pipeline/Pipeline.php(209): Illuminate\\Session\\Middleware\\StartSession->handle()
#28 /var/www/gpdsgame/vendor/laravel/framework/src/Illuminate/Cookie/Middleware/AddQueuedCookiesToResponse.php(37): Illuminate\\Pipeline\\Pipeline->Illuminate\\Pipeline\\{closure}()
#29 /var/www/gpdsgame/vendor/laravel/framework/src/Illuminate/Pipeline/Pipeline.php(209): Illuminate\\Cookie\\Middleware\\AddQueuedCookiesToResponse->handle()
#30 /var/www/gpdsgame/vendor/laravel/framework/src/Illuminate/Cookie/Middleware/EncryptCookies.php(75): Illuminate\\Pipeline\\Pipeline->Illuminate\\Pipeline\\{closure}()
#31 /var/www/gpdsgame/vendor/laravel/framework/src/Illuminate/Pipeline/Pipeline.php(209): Illuminate\\Cookie\\Middleware\\EncryptCookies->handle()
#32 /var/www/gpdsgame/vendor/laravel/framework/src/Illuminate/Pipeline/Pipeline.php(127): Illuminate\\Pipeline\\Pipeline->Illuminate\\Pipeline\\{closure}()
#33 /var/www/gpdsgame/vendor/laravel/framework/src/Illuminate/Routing/Router.php(807): Illuminate\\Pipeline\\Pipeline->then()
#34 /var/www/gpdsgame/vendor/laravel/framework/src/Illuminate/Routing/Router.php(786): Illuminate\\Routing\\Router->runRouteWithinStack()
#35 /var/www/gpdsgame/vendor/laravel/framework/src/Illuminate/Routing/Router.php(750): Illuminate\\Routing\\Router->runRoute()
#36 /var/www/gpdsgame/vendor/laravel/framework/src/Illuminate/Routing/Router.php(739): Illuminate\\Routing\\Router->dispatchToRoute()
#37 /var/www/gpdsgame/vendor/laravel/framework/src/Illuminate/Foundation/Http/Kernel.php(201): Illuminate\\Routing\\Router->dispatch()
#38 /var/www/gpdsgame/vendor/laravel/framework/src/Illuminate/Pipeline/Pipeline.php(170): Illuminate\\Foundation\\Http\\Kernel->Illuminate\\Foundation\\Http\\{closure}()
#39 /var/www/gpdsgame/vendor/laravel/framework/src/Illuminate/Foundation/Http/Middleware/TransformsRequest.php(21): Illuminate\\Pipeline\\Pipeline->Illuminate\\Pipeline\\{closure}()
#40 /var/www/gpdsgame/vendor/laravel/framework/src/Illuminate/Foundation/Http/Middleware/ConvertEmptyStringsToNull.php(31): Illuminate\\Foundation\\Http\\Middleware\\TransformsRequest->handle()
#41 /var/www/gpdsgame/vendor/laravel/framework/src/Illuminate/Pipeline/Pipeline.php(209): Illuminate\\Foundation\\Http\\Middleware\\ConvertEmptyStringsToNull->handle()
#42 /var/www/gpdsgame/vendor/laravel/framework/src/Illuminate/Foundation/Http/Middleware/TransformsRequest.php(21): Illuminate\\Pipeline\\Pipeline->Illuminate\\Pipeline\\{closure}()
#43 /var/www/gpdsgame/vendor/laravel/framework/src/Illuminate/Foundation/Http/Middleware/TrimStrings.php(51): Illuminate\\Foundation\\Http\\Middleware\\TransformsRequest->handle()
#44 /var/www/gpdsgame/vendor/laravel/framework/src/Illuminate/Pipeline/Pipeline.php(209): Illuminate\\Foundation\\Http\\Middleware\\TrimStrings->handle()
#45 /var/www/gpdsgame/vendor/laravel/framework/src/Illuminate/Http/Middleware/ValidatePostSize.php(27): Illuminate\\Pipeline\\Pipeline->Illuminate\\Pipeline\\{closure}()
#46 /var/www/gpdsgame/vendor/laravel/framework/src/Illuminate/Pipeline/Pipeline.php(209): Illuminate\\Http\\Middleware\\ValidatePostSize->handle()
#47 /var/www/gpdsgame/vendor/laravel/framework/src/Illuminate/Foundation/Http/Middleware/PreventRequestsDuringMaintenance.php(110): Illuminate\\Pipeline\\Pipeline->Illuminate\\Pipeline\\{closure}()
#48 /var/www/gpdsgame/vendor/laravel/framework/src/Illuminate/Pipeline/Pipeline.php(209): Illuminate\\Foundation\\Http\\Middleware\\PreventRequestsDuringMaintenance->handle()
#49 /var/www/gpdsgame/vendor/laravel/framework/src/Illuminate/Http/Middleware/HandleCors.php(49): Illuminate\\Pipeline\\Pipeline->Illuminate\\Pipeline\\{closure}()
#50 /var/www/gpdsgame/vendor/laravel/framework/src/Illuminate/Pipeline/Pipeline.php(209): Illuminate\\Http\\Middleware\\HandleCors->handle()
#51 /var/www/gpdsgame/vendor/laravel/framework/src/Illuminate/Http/Middleware/TrustProxies.php(58): Illuminate\\Pipeline\\Pipeline->Illuminate\\Pipeline\\{closure}()
#52 /var/www/gpdsgame/vendor/laravel/framework/src/Illuminate/Pipeline/Pipeline.php(209): Illuminate\\Http\\Middleware\\TrustProxies->handle()
#53 /var/www/gpdsgame/vendor/laravel/framework/src/Illuminate/Foundation/Http/Middleware/InvokeDeferredCallbacks.php(22): Illuminate\\Pipeline\\Pipeline->Illuminate\\Pipeline\\{closure}()
#54 /var/www/gpdsgame/vendor/laravel/framework/src/Illuminate/Pipeline/Pipeline.php(209): Illuminate\\Foundation\\Http\\Middleware\\InvokeDeferredCallbacks->handle()
#55 /var/www/gpdsgame/app/Http/Middleware/CheckBanned.php(23): Illuminate\\Pipeline\\Pipeline->Illuminate\\Pipeline\\{closure}()
#56 /var/www/gpdsgame/vendor/laravel/framework/src/Illuminate/Pipeline/Pipeline.php(209): App\\Http\\Middleware\\CheckBanned->handle()
#57 /var/www/gpdsgame/app/Http/Middleware/CheckBannedIp.php(24): Illuminate\\Pipeline\\Pipeline->Illuminate\\Pipeline\\{closure}()
#58 /var/www/gpdsgame/vendor/laravel/framework/src/Illuminate/Pipeline/Pipeline.php(209): App\\Http\\Middleware\\CheckBannedIp->handle()
#59 /var/www/gpdsgame/vendor/laravel/framework/src/Illuminate/Pipeline/Pipeline.php(127): Illuminate\\Pipeline\\Pipeline->Illuminate\\Pipeline\\{closure}()
#60 /var/www/gpdsgame/vendor/laravel/framework/src/Illuminate/Foundation/Http/Kernel.php(176): Illuminate\\Pipeline\\Pipeline->then()
#61 /var/www/gpdsgame/vendor/laravel/framework/src/Illuminate/Foundation/Http/Kernel.php(145): Illuminate\\Foundation\\Http\\Kernel->sendRequestThroughRouter()
#62 /var/www/gpdsgame/public/index.php(57): Illuminate\\Foundation\\Http\\Kernel->handle()
#63 {main}
"} 
[2026-01-17 14:58:20] production.CRITICAL: The legendary wild bug has appeared!
```
 Message        : Connection could not be established with host "smtp.gmail.com:587": stream_socket_client(): Unable to connect to smtp.gmail.com:587 (Connection timed out)
 File           : /var/www/gpdsgame/vendor/symfony/mailer/Transport/Smtp/Stream/SocketStream.php
 Line           : 154
 Route          : https://test-admin.gpdsgameshop.com/api/order/auth
 Method         : POST
 Request        : {"cust_account":"{\"user_id\":\"UGEu43VP\",\"additional_information\":\"Chanchan\",\"additional_id\":\"ASIA-Alarm-12\"}","additional_informations":[],"cust_email":"chanhalzkie@yahoo.com","cust_phone_number":"09772439401","discount_code":null,"note":null,"payment_method_id":18,"product_item_id":17831,"qty":1,"currency_code":"PHP"}```  
[2026-01-17 14:58:20] production.CRITICAL: The legendary wild bug has appeared!
```
 Message        : Connection could not be established with host "smtp.gmail.com:587": stream_socket_client(): Unable to connect to smtp.gmail.com:587 (Connection timed out)
 File           : /var/www/gpdsgame/app/Services/OrderService.php
 Line           : 210
 Route          : https://test-admin.gpdsgameshop.com/api/order/auth
 Method         : POST
 Request        : {"cust_account":"{\"user_id\":\"UGEu43VP\",\"additional_information\":\"Chanchan\",\"additional_id\":\"ASIA-Alarm-12\"}","additional_informations":[],"cust_email":"chanhalzkie@yahoo.com","cust_phone_number":"09772439401","discount_code":null,"note":null,"payment_method_id":18,"product_item_id":17831,"qty":1,"currency_code":"PHP"}```  
[2026-01-17 14:59:44] production.CRITICAL: The legendary wild bug has appeared!
```
 Message        : Connection could not be established with host "smtp.gmail.com:587": stream_socket_client(): Unable to connect to smtp.gmail.com:587 (Connection timed out)
 File           : /var/www/gpdsgame/vendor/symfony/mailer/Transport/Smtp/Stream/SocketStream.php
 Line           : 154
 Route          : https://test-admin.gpdsgameshop.com/api/order/auth
 Method         : POST
 Request        : {"cust_account":"{\"user_id\":\"UGEu43VP\",\"additional_information\":\"Chanchan\",\"additional_id\":\"ASIA-Alarm-12\"}","additional_informations":[],"cust_email":"chanhalzkie@yahoo.com","cust_phone_number":"09772439401","discount_code":null,"note":null,"payment_method_id":18,"product_item_id":17831,"qty":1,"currency_code":"PHP"}```  
[2026-01-17 14:59:44] production.CRITICAL: The legendary wild bug has appeared!
```
 Message        : Connection could not be established with host "smtp.gmail.com:587": stream_socket_client(): Unable to connect to smtp.gmail.com:587 (Connection timed out)
 File           : /var/www/gpdsgame/app/Services/OrderService.php
 Line           : 210
 Route          : https://test-admin.gpdsgameshop.com/api/order/auth
 Method         : POST
 Request        : {"cust_account":"{\"user_id\":\"UGEu43VP\",\"additional_information\":\"Chanchan\",\"additional_id\":\"ASIA-Alarm-12\"}","additional_informations":[],"cust_email":"chanhalzkie@yahoo.com","cust_phone_number":"09772439401","discount_code":null,"note":null,"payment_method_id":18,"product_item_id":17831,"qty":1,"currency_code":"PHP"}```  
[2026-01-18 04:09:41] production.WARNING: MPay Callback Received {"amount":"40000","code":200,"createTimeL":1768684034147,"customerBank":"InstaPay","customerEmail":"chanhalzkie@yahoo.com","customerName":"Chanhalzkie","customerPhone":"09772439401","endToEndId":"170070","fee":"600","merchantOrderId":"GPDS260118F14C7","msg":"PAID","orderId":"1101462312356118253568","payType":"110","payUrl":"https://ibanking.phmpay.com/checkout-page/gsafe.html?urlSid=1101462312356118253568&payload=eyJhY3FJbmZvIjoiNzc3MTQ4MDAwMDAwMTM3Iiwic2hvcElkIjoiMzI5NDgxNDE3NzU4NjM3OCIsInRmcmJua2NvZGUiOiJPUERWUEhNMVhYWCIsIm9yZGVyQW1vdW50IjoiNDAwLjAwIiwibWVyY2hhbnROYW1lIjoiR1BEUyBHQU1FIFNIT1AiLCJtZXJjaGFudENpdHkiOiJDaXR5IE9mIE1ha2F0aSIsInRmckFjY3RObyI6IjMyOTQ4MTQxNzc1ODYzNzgiLCJxckNvZGUiOiIwMDAyMDEwMTAyMTIyODc2MDAxMXBoLnBwbWkucDJtMDExMU9QRFZQSE0xWFhYMDMxNTc3NzE0ODAwMDAwMDEzNzA0MTYzMjk0ODE0MTc3NTg2Mzc4MDUwMzAwMTUyMDQ1ODE2NTMwMzYwODU0MDY0MDAuMDA1ODAyUEg1OTE0R1BEUytHQU1FK1NIT1A2MDE0Q2l0eStPZitNYWthdGk2MjQwMDAxMHBoLmFsbGJhbmswNTIyMTEwMTQ2MjMxMjM1NjExODI1MzU2ODg4MzEwMDEycGgucHBtaS5xcnBoMDExMU9QRFZQSE0xWFhYNjMwNEM4NEMiLCJtZXJjaGFudElkIjoiMjE3MDIwMDAwMTE5MTk5MjUxOTk4IiwiYml6Tm8iOiJudWxsIiwicXJDb2RlRm9ybWF0IjoiRU1WQ08iLCJjbGllbnRJZCI6IjIwMjMwNjI5MTYwNjU1MDUzOTQyMDgiLCJzdWIiOiJwMm1wYXkiLCJsdWNreSI6ImZhbHNlIiwicGFyYW0zIjoiOTk5NjAwMDUlN0VwaC5wcG1pLnAybSU3RSU3RSU3RTAwMSIsInBhcmFtNSI6Ijc3NzE0ODAwMDAwMDEzNyU3RSU3RSU3RTExMDE0NjIzMTIzNTYxMTgyNTM1NjgifQ","realPayAmount":"40000","sign":"72f673f9b7e5cc980337bb00fc6752bc","status":"01","traceId":"i121,i110118fb1712dff9db4a8db0639d07de41fa1b"} 
[2026-01-18 04:09:41] production.ERROR: App\Data\LapakGaming\OrderRequestPayload::__construct(): Argument #8 ($country_code) must be of type string, null given, called in /var/www/gpdsgame/app/Jobs/LapakGamingOrderHandler.php on line 66 {"exception":"[object] (TypeError(code: 0): App\\Data\\LapakGaming\\OrderRequestPayload::__construct(): Argument #8 ($country_code) must be of type string, null given, called in /var/www/gpdsgame/app/Jobs/LapakGamingOrderHandler.php on line 66 at /var/www/gpdsgame/app/Data/LapakGaming/OrderRequestPayload.php:9)
[stacktrace]
#0 /var/www/gpdsgame/app/Jobs/LapakGamingOrderHandler.php(66): App\\Data\\LapakGaming\\OrderRequestPayload->__construct()
#1 /var/www/gpdsgame/vendor/laravel/framework/src/Illuminate/Container/BoundMethod.php(36): App\\Jobs\\LapakGamingOrderHandler->handle()
#2 /var/www/gpdsgame/vendor/laravel/framework/src/Illuminate/Container/Util.php(43): Illuminate\\Container\\BoundMethod::Illuminate\\Container\\{closure}()
#3 /var/www/gpdsgame/vendor/laravel/framework/src/Illuminate/Container/BoundMethod.php(95): Illuminate\\Container\\Util::unwrapIfClosure()
#4 /var/www/gpdsgame/vendor/laravel/framework/src/Illuminate/Container/BoundMethod.php(35): Illuminate\\Container\\BoundMethod::callBoundMethod()
#5 /var/www/gpdsgame/vendor/laravel/framework/src/Illuminate/Container/Container.php(696): Illuminate\\Container\\BoundMethod::call()
#6 /var/www/gpdsgame/vendor/laravel/framework/src/Illuminate/Bus/Dispatcher.php(126): Illuminate\\Container\\Container->call()
#7 /var/www/gpdsgame/vendor/laravel/framework/src/Illuminate/Pipeline/Pipeline.php(170): Illuminate\\Bus\\Dispatcher->Illuminate\\Bus\\{closure}()
#8 /var/www/gpdsgame/vendor/laravel/framework/src/Illuminate/Pipeline/Pipeline.php(127): Illuminate\\Pipeline\\Pipeline->Illuminate\\Pipeline\\{closure}()
#9 /var/www/gpdsgame/vendor/laravel/framework/src/Illuminate/Bus/Dispatcher.php(130): Illuminate\\Pipeline\\Pipeline->then()
#10 /var/www/gpdsgame/vendor/laravel/framework/src/Illuminate/Queue/CallQueuedHandler.php(126): Illuminate\\Bus\\Dispatcher->dispatchNow()
#11 /var/www/gpdsgame/vendor/laravel/framework/src/Illuminate/Pipeline/Pipeline.php(170): Illuminate\\Queue\\CallQueuedHandler->Illuminate\\Queue\\{closure}()
#12 /var/www/gpdsgame/vendor/laravel/framework/src/Illuminate/Pipeline/Pipeline.php(127): Illuminate\\Pipeline\\Pipeline->Illuminate\\Pipeline\\{closure}()
#13 /var/www/gpdsgame/vendor/laravel/framework/src/Illuminate/Queue/CallQueuedHandler.php(121): Illuminate\\Pipeline\\Pipeline->then()
#14 /var/www/gpdsgame/vendor/laravel/framework/src/Illuminate/Queue/CallQueuedHandler.php(69): Illuminate\\Queue\\CallQueuedHandler->dispatchThroughMiddleware()
#15 /var/www/gpdsgame/vendor/laravel/framework/src/Illuminate/Queue/Jobs/Job.php(102): Illuminate\\Queue\\CallQueuedHandler->call()
#16 /var/www/gpdsgame/vendor/laravel/framework/src/Illuminate/Queue/SyncQueue.php(76): Illuminate\\Queue\\Jobs\\Job->fire()
#17 /var/www/gpdsgame/vendor/laravel/framework/src/Illuminate/Queue/SyncQueue.php(56): Illuminate\\Queue\\SyncQueue->executeJob()
#18 /var/www/gpdsgame/vendor/laravel/framework/src/Illuminate/Bus/Dispatcher.php(244): Illuminate\\Queue\\SyncQueue->push()
#19 /var/www/gpdsgame/vendor/laravel/framework/src/Illuminate/Bus/Dispatcher.php(228): Illuminate\\Bus\\Dispatcher->pushCommandToQueue()
#20 /var/www/gpdsgame/vendor/laravel/framework/src/Illuminate/Bus/Dispatcher.php(77): Illuminate\\Bus\\Dispatcher->dispatchToQueue()
#21 /var/www/gpdsgame/vendor/laravel/framework/src/Illuminate/Foundation/Bus/PendingDispatch.php(222): Illuminate\\Bus\\Dispatcher->dispatch()
#22 /var/www/gpdsgame/vendor/laravel/framework/src/Illuminate/Foundation/Bus/Dispatchable.php(19): Illuminate\\Foundation\\Bus\\PendingDispatch->__destruct()
#23 /var/www/gpdsgame/app/Services/OrderService.php(307): App\\Jobs\\LapakGamingOrderHandler::dispatch()
#24 /var/www/gpdsgame/app/Http/Controllers/Api/OrderController.php(398): App\\Services\\OrderService->processOrder()
#25 /var/www/gpdsgame/vendor/laravel/framework/src/Illuminate/Routing/Controller.php(54): App\\Http\\Controllers\\Api\\OrderController->mpayCallback()
#26 /var/www/gpdsgame/vendor/laravel/framework/src/Illuminate/Routing/ControllerDispatcher.php(44): Illuminate\\Routing\\Controller->callAction()
#27 /var/www/gpdsgame/vendor/laravel/framework/src/Illuminate/Routing/Route.php(266): Illuminate\\Routing\\ControllerDispatcher->dispatch()
#28 /var/www/gpdsgame/vendor/laravel/framework/src/Illuminate/Routing/Route.php(212): Illuminate\\Routing\\Route->runController()
#29 /var/www/gpdsgame/vendor/laravel/framework/src/Illuminate/Routing/Router.php(808): Illuminate\\Routing\\Route->run()
#30 /var/www/gpdsgame/vendor/laravel/framework/src/Illuminate/Pipeline/Pipeline.php(170): Illuminate\\Routing\\Router->Illuminate\\Routing\\{closure}()
#31 /var/www/gpdsgame/app/Http/Controllers/Api/OrderController.php(38): Illuminate\\Pipeline\\Pipeline->Illuminate\\Pipeline\\{closure}()
#32 /var/www/gpdsgame/vendor/laravel/framework/src/Illuminate/Pipeline/Pipeline.php(191): App\\Http\\Controllers\\Api\\OrderController->App\\Http\\Controllers\\Api\\{closure}()
#33 /var/www/gpdsgame/vendor/laravel/framework/src/Illuminate/Routing/Middleware/SubstituteBindings.php(51): Illuminate\\Pipeline\\Pipeline->Illuminate\\Pipeline\\{closure}()
#34 /var/www/gpdsgame/vendor/laravel/framework/src/Illuminate/Pipeline/Pipeline.php(209): Illuminate\\Routing\\Middleware\\SubstituteBindings->handle()
#35 /var/www/gpdsgame/vendor/laravel/framework/src/Illuminate/Pipeline/Pipeline.php(127): Illuminate\\Pipeline\\Pipeline->Illuminate\\Pipeline\\{closure}()
#36 /var/www/gpdsgame/vendor/laravel/framework/src/Illuminate/Routing/Router.php(807): Illuminate\\Pipeline\\Pipeline->then()
#37 /var/www/gpdsgame/vendor/laravel/framework/src/Illuminate/Routing/Router.php(786): Illuminate\\Routing\\Router->runRouteWithinStack()
#38 /var/www/gpdsgame/vendor/laravel/framework/src/Illuminate/Routing/Router.php(750): Illuminate\\Routing\\Router->runRoute()
#39 /var/www/gpdsgame/vendor/laravel/framework/src/Illuminate/Routing/Router.php(739): Illuminate\\Routing\\Router->dispatchToRoute()
#40 /var/www/gpdsgame/vendor/laravel/framework/src/Illuminate/Foundation/Http/Kernel.php(201): Illuminate\\Routing\\Router->dispatch()
#41 /var/www/gpdsgame/vendor/laravel/framework/src/Illuminate/Pipeline/Pipeline.php(170): Illuminate\\Foundation\\Http\\Kernel->Illuminate\\Foundation\\Http\\{closure}()
#42 /var/www/gpdsgame/vendor/laravel/framework/src/Illuminate/Foundation/Http/Middleware/TransformsRequest.php(21): Illuminate\\Pipeline\\Pipeline->Illuminate\\Pipeline\\{closure}()
#43 /var/www/gpdsgame/vendor/laravel/framework/src/Illuminate/Foundation/Http/Middleware/ConvertEmptyStringsToNull.php(31): Illuminate\\Foundation\\Http\\Middleware\\TransformsRequest->handle()
#44 /var/www/gpdsgame/vendor/laravel/framework/src/Illuminate/Pipeline/Pipeline.php(209): Illuminate\\Foundation\\Http\\Middleware\\ConvertEmptyStringsToNull->handle()
#45 /var/www/gpdsgame/vendor/laravel/framework/src/Illuminate/Foundation/Http/Middleware/TransformsRequest.php(21): Illuminate\\Pipeline\\Pipeline->Illuminate\\Pipeline\\{closure}()
#46 /var/www/gpdsgame/vendor/laravel/framework/src/Illuminate/Foundation/Http/Middleware/TrimStrings.php(51): Illuminate\\Foundation\\Http\\Middleware\\TransformsRequest->handle()
#47 /var/www/gpdsgame/vendor/laravel/framework/src/Illuminate/Pipeline/Pipeline.php(209): Illuminate\\Foundation\\Http\\Middleware\\TrimStrings->handle()
#48 /var/www/gpdsgame/vendor/laravel/framework/src/Illuminate/Http/Middleware/ValidatePostSize.php(27): Illuminate\\Pipeline\\Pipeline->Illuminate\\Pipeline\\{closure}()
#49 /var/www/gpdsgame/vendor/laravel/framework/src/Illuminate/Pipeline/Pipeline.php(209): Illuminate\\Http\\Middleware\\ValidatePostSize->handle()
#50 /var/www/gpdsgame/vendor/laravel/framework/src/Illuminate/Foundation/Http/Middleware/PreventRequestsDuringMaintenance.php(110): Illuminate\\Pipeline\\Pipeline->Illuminate\\Pipeline\\{closure}()
#51 /var/www/gpdsgame/vendor/laravel/framework/src/Illuminate/Pipeline/Pipeline.php(209): Illuminate\\Foundation\\Http\\Middleware\\PreventRequestsDuringMaintenance->handle()
#52 /var/www/gpdsgame/vendor/laravel/framework/src/Illuminate/Http/Middleware/HandleCors.php(62): Illuminate\\Pipeline\\Pipeline->Illuminate\\Pipeline\\{closure}()
#53 /var/www/gpdsgame/vendor/laravel/framework/src/Illuminate/Pipeline/Pipeline.php(209): Illuminate\\Http\\Middleware\\HandleCors->handle()
#54 /var/www/gpdsgame/vendor/laravel/framework/src/Illuminate/Http/Middleware/TrustProxies.php(58): Illuminate\\Pipeline\\Pipeline->Illuminate\\Pipeline\\{closure}()
#55 /var/www/gpdsgame/vendor/laravel/framework/src/Illuminate/Pipeline/Pipeline.php(209): Illuminate\\Http\\Middleware\\TrustProxies->handle()
#56 /var/www/gpdsgame/vendor/laravel/framework/src/Illuminate/Foundation/Http/Middleware/InvokeDeferredCallbacks.php(22): Illuminate\\Pipeline\\Pipeline->Illuminate\\Pipeline\\{closure}()
#57 /var/www/gpdsgame/vendor/laravel/framework/src/Illuminate/Pipeline/Pipeline.php(209): Illuminate\\Foundation\\Http\\Middleware\\InvokeDeferredCallbacks->handle()
#58 /var/www/gpdsgame/app/Http/Middleware/CheckBanned.php(23): Illuminate\\Pipeline\\Pipeline->Illuminate\\Pipeline\\{closure}()
#59 /var/www/gpdsgame/vendor/laravel/framework/src/Illuminate/Pipeline/Pipeline.php(209): App\\Http\\Middleware\\CheckBanned->handle()
#60 /var/www/gpdsgame/app/Http/Middleware/CheckBannedIp.php(24): Illuminate\\Pipeline\\Pipeline->Illuminate\\Pipeline\\{closure}()
#61 /var/www/gpdsgame/vendor/laravel/framework/src/Illuminate/Pipeline/Pipeline.php(209): App\\Http\\Middleware\\CheckBannedIp->handle()
#62 /var/www/gpdsgame/vendor/laravel/framework/src/Illuminate/Pipeline/Pipeline.php(127): Illuminate\\Pipeline\\Pipeline->Illuminate\\Pipeline\\{closure}()
#63 /var/www/gpdsgame/vendor/laravel/framework/src/Illuminate/Foundation/Http/Kernel.php(176): Illuminate\\Pipeline\\Pipeline->then()
#64 /var/www/gpdsgame/vendor/laravel/framework/src/Illuminate/Foundation/Http/Kernel.php(145): Illuminate\\Foundation\\Http\\Kernel->sendRequestThroughRouter()
#65 /var/www/gpdsgame/public/index.php(57): Illuminate\\Foundation\\Http\\Kernel->handle()
#66 {main}
"} 
[2026-01-18 04:10:00] production.WARNING: MPay Callback Received {"amount":"40000","code":200,"createTimeL":1768684034147,"customerBank":"InstaPay","customerEmail":"chanhalzkie@yahoo.com","customerName":"Chanhalzkie","customerPhone":"09772439401","endToEndId":"170070","fee":"600","merchantOrderId":"GPDS260118F14C7","msg":"PAID","orderId":"1101462312356118253568","payType":"110","payUrl":"https://ibanking.phmpay.com/checkout-page/gsafe.html?urlSid=1101462312356118253568&payload=eyJhY3FJbmZvIjoiNzc3MTQ4MDAwMDAwMTM3Iiwic2hvcElkIjoiMzI5NDgxNDE3NzU4NjM3OCIsInRmcmJua2NvZGUiOiJPUERWUEhNMVhYWCIsIm9yZGVyQW1vdW50IjoiNDAwLjAwIiwibWVyY2hhbnROYW1lIjoiR1BEUyBHQU1FIFNIT1AiLCJtZXJjaGFudENpdHkiOiJDaXR5IE9mIE1ha2F0aSIsInRmckFjY3RObyI6IjMyOTQ4MTQxNzc1ODYzNzgiLCJxckNvZGUiOiIwMDAyMDEwMTAyMTIyODc2MDAxMXBoLnBwbWkucDJtMDExMU9QRFZQSE0xWFhYMDMxNTc3NzE0ODAwMDAwMDEzNzA0MTYzMjk0ODE0MTc3NTg2Mzc4MDUwMzAwMTUyMDQ1ODE2NTMwMzYwODU0MDY0MDAuMDA1ODAyUEg1OTE0R1BEUytHQU1FK1NIT1A2MDE0Q2l0eStPZitNYWthdGk2MjQwMDAxMHBoLmFsbGJhbmswNTIyMTEwMTQ2MjMxMjM1NjExODI1MzU2ODg4MzEwMDEycGgucHBtaS5xcnBoMDExMU9QRFZQSE0xWFhYNjMwNEM4NEMiLCJtZXJjaGFudElkIjoiMjE3MDIwMDAwMTE5MTk5MjUxOTk4IiwiYml6Tm8iOiJudWxsIiwicXJDb2RlRm9ybWF0IjoiRU1WQ08iLCJjbGllbnRJZCI6IjIwMjMwNjI5MTYwNjU1MDUzOTQyMDgiLCJzdWIiOiJwMm1wYXkiLCJsdWNreSI6ImZhbHNlIiwicGFyYW0zIjoiOTk5NjAwMDUlN0VwaC5wcG1pLnAybSU3RSU3RSU3RTAwMSIsInBhcmFtNSI6Ijc3NzE0ODAwMDAwMDEzNyU3RSU3RSU3RTExMDE0NjIzMTIzNTYxMTgyNTM1NjgifQ","realPayAmount":"40000","sign":"d1148e41db5984e854e2a77bcf2ddc1c","status":"01","traceId":"i100,i100118b77c83cf6f2341dbaa8a1d9bdb328cf1"} 
[2026-01-18 04:10:00] production.ERROR: App\Data\LapakGaming\OrderRequestPayload::__construct(): Argument #8 ($country_code) must be of type string, null given, called in /var/www/gpdsgame/app/Jobs/LapakGamingOrderHandler.php on line 66 {"exception":"[object] (TypeError(code: 0): App\\Data\\LapakGaming\\OrderRequestPayload::__construct(): Argument #8 ($country_code) must be of type string, null given, called in /var/www/gpdsgame/app/Jobs/LapakGamingOrderHandler.php on line 66 at /var/www/gpdsgame/app/Data/LapakGaming/OrderRequestPayload.php:9)
[stacktrace]
#0 /var/www/gpdsgame/app/Jobs/LapakGamingOrderHandler.php(66): App\\Data\\LapakGaming\\OrderRequestPayload->__construct()
#1 /var/www/gpdsgame/vendor/laravel/framework/src/Illuminate/Container/BoundMethod.php(36): App\\Jobs\\LapakGamingOrderHandler->handle()
#2 /var/www/gpdsgame/vendor/laravel/framework/src/Illuminate/Container/Util.php(43): Illuminate\\Container\\BoundMethod::Illuminate\\Container\\{closure}()
#3 /var/www/gpdsgame/vendor/laravel/framework/src/Illuminate/Container/BoundMethod.php(95): Illuminate\\Container\\Util::unwrapIfClosure()
#4 /var/www/gpdsgame/vendor/laravel/framework/src/Illuminate/Container/BoundMethod.php(35): Illuminate\\Container\\BoundMethod::callBoundMethod()
#5 /var/www/gpdsgame/vendor/laravel/framework/src/Illuminate/Container/Container.php(696): Illuminate\\Container\\BoundMethod::call()
#6 /var/www/gpdsgame/vendor/laravel/framework/src/Illuminate/Bus/Dispatcher.php(126): Illuminate\\Container\\Container->call()
#7 /var/www/gpdsgame/vendor/laravel/framework/src/Illuminate/Pipeline/Pipeline.php(170): Illuminate\\Bus\\Dispatcher->Illuminate\\Bus\\{closure}()
#8 /var/www/gpdsgame/vendor/laravel/framework/src/Illuminate/Pipeline/Pipeline.php(127): Illuminate\\Pipeline\\Pipeline->Illuminate\\Pipeline\\{closure}()
#9 /var/www/gpdsgame/vendor/laravel/framework/src/Illuminate/Bus/Dispatcher.php(130): Illuminate\\Pipeline\\Pipeline->then()
#10 /var/www/gpdsgame/vendor/laravel/framework/src/Illuminate/Queue/CallQueuedHandler.php(126): Illuminate\\Bus\\Dispatcher->dispatchNow()
#11 /var/www/gpdsgame/vendor/laravel/framework/src/Illuminate/Pipeline/Pipeline.php(170): Illuminate\\Queue\\CallQueuedHandler->Illuminate\\Queue\\{closure}()
#12 /var/www/gpdsgame/vendor/laravel/framework/src/Illuminate/Pipeline/Pipeline.php(127): Illuminate\\Pipeline\\Pipeline->Illuminate\\Pipeline\\{closure}()
#13 /var/www/gpdsgame/vendor/laravel/framework/src/Illuminate/Queue/CallQueuedHandler.php(121): Illuminate\\Pipeline\\Pipeline->then()
#14 /var/www/gpdsgame/vendor/laravel/framework/src/Illuminate/Queue/CallQueuedHandler.php(69): Illuminate\\Queue\\CallQueuedHandler->dispatchThroughMiddleware()
#15 /var/www/gpdsgame/vendor/laravel/framework/src/Illuminate/Queue/Jobs/Job.php(102): Illuminate\\Queue\\CallQueuedHandler->call()
#16 /var/www/gpdsgame/vendor/laravel/framework/src/Illuminate/Queue/SyncQueue.php(76): Illuminate\\Queue\\Jobs\\Job->fire()
#17 /var/www/gpdsgame/vendor/laravel/framework/src/Illuminate/Queue/SyncQueue.php(56): Illuminate\\Queue\\SyncQueue->executeJob()
#18 /var/www/gpdsgame/vendor/laravel/framework/src/Illuminate/Bus/Dispatcher.php(244): Illuminate\\Queue\\SyncQueue->push()
#19 /var/www/gpdsgame/vendor/laravel/framework/src/Illuminate/Bus/Dispatcher.php(228): Illuminate\\Bus\\Dispatcher->pushCommandToQueue()
#20 /var/www/gpdsgame/vendor/laravel/framework/src/Illuminate/Bus/Dispatcher.php(77): Illuminate\\Bus\\Dispatcher->dispatchToQueue()
#21 /var/www/gpdsgame/vendor/laravel/framework/src/Illuminate/Foundation/Bus/PendingDispatch.php(222): Illuminate\\Bus\\Dispatcher->dispatch()
#22 /var/www/gpdsgame/vendor/laravel/framework/src/Illuminate/Foundation/Bus/Dispatchable.php(19): Illuminate\\Foundation\\Bus\\PendingDispatch->__destruct()
#23 /var/www/gpdsgame/app/Services/OrderService.php(307): App\\Jobs\\LapakGamingOrderHandler::dispatch()
#24 /var/www/gpdsgame/app/Http/Controllers/Api/OrderController.php(398): App\\Services\\OrderService->processOrder()
#25 /var/www/gpdsgame/vendor/laravel/framework/src/Illuminate/Routing/Controller.php(54): App\\Http\\Controllers\\Api\\OrderController->mpayCallback()
#26 /var/www/gpdsgame/vendor/laravel/framework/src/Illuminate/Routing/ControllerDispatcher.php(44): Illuminate\\Routing\\Controller->callAction()
#27 /var/www/gpdsgame/vendor/laravel/framework/src/Illuminate/Routing/Route.php(266): Illuminate\\Routing\\ControllerDispatcher->dispatch()
#28 /var/www/gpdsgame/vendor/laravel/framework/src/Illuminate/Routing/Route.php(212): Illuminate\\Routing\\Route->runController()
#29 /var/www/gpdsgame/vendor/laravel/framework/src/Illuminate/Routing/Router.php(808): Illuminate\\Routing\\Route->run()
#30 /var/www/gpdsgame/vendor/laravel/framework/src/Illuminate/Pipeline/Pipeline.php(170): Illuminate\\Routing\\Router->Illuminate\\Routing\\{closure}()
#31 /var/www/gpdsgame/app/Http/Controllers/Api/OrderController.php(38): Illuminate\\Pipeline\\Pipeline->Illuminate\\Pipeline\\{closure}()
#32 /var/www/gpdsgame/vendor/laravel/framework/src/Illuminate/Pipeline/Pipeline.php(191): App\\Http\\Controllers\\Api\\OrderController->App\\Http\\Controllers\\Api\\{closure}()
#33 /var/www/gpdsgame/vendor/laravel/framework/src/Illuminate/Routing/Middleware/SubstituteBindings.php(51): Illuminate\\Pipeline\\Pipeline->Illuminate\\Pipeline\\{closure}()
#34 /var/www/gpdsgame/vendor/laravel/framework/src/Illuminate/Pipeline/Pipeline.php(209): Illuminate\\Routing\\Middleware\\SubstituteBindings->handle()
#35 /var/www/gpdsgame/vendor/laravel/framework/src/Illuminate/Pipeline/Pipeline.php(127): Illuminate\\Pipeline\\Pipeline->Illuminate\\Pipeline\\{closure}()
#36 /var/www/gpdsgame/vendor/laravel/framework/src/Illuminate/Routing/Router.php(807): Illuminate\\Pipeline\\Pipeline->then()
#37 /var/www/gpdsgame/vendor/laravel/framework/src/Illuminate/Routing/Router.php(786): Illuminate\\Routing\\Router->runRouteWithinStack()
#38 /var/www/gpdsgame/vendor/laravel/framework/src/Illuminate/Routing/Router.php(750): Illuminate\\Routing\\Router->runRoute()
#39 /var/www/gpdsgame/vendor/laravel/framework/src/Illuminate/Routing/Router.php(739): Illuminate\\Routing\\Router->dispatchToRoute()
#40 /var/www/gpdsgame/vendor/laravel/framework/src/Illuminate/Foundation/Http/Kernel.php(201): Illuminate\\Routing\\Router->dispatch()
#41 /var/www/gpdsgame/vendor/laravel/framework/src/Illuminate/Pipeline/Pipeline.php(170): Illuminate\\Foundation\\Http\\Kernel->Illuminate\\Foundation\\Http\\{closure}()
#42 /var/www/gpdsgame/vendor/laravel/framework/src/Illuminate/Foundation/Http/Middleware/TransformsRequest.php(21): Illuminate\\Pipeline\\Pipeline->Illuminate\\Pipeline\\{closure}()
#43 /var/www/gpdsgame/vendor/laravel/framework/src/Illuminate/Foundation/Http/Middleware/ConvertEmptyStringsToNull.php(31): Illuminate\\Foundation\\Http\\Middleware\\TransformsRequest->handle()
#44 /var/www/gpdsgame/vendor/laravel/framework/src/Illuminate/Pipeline/Pipeline.php(209): Illuminate\\Foundation\\Http\\Middleware\\ConvertEmptyStringsToNull->handle()
#45 /var/www/gpdsgame/vendor/laravel/framework/src/Illuminate/Foundation/Http/Middleware/TransformsRequest.php(21): Illuminate\\Pipeline\\Pipeline->Illuminate\\Pipeline\\{closure}()
#46 /var/www/gpdsgame/vendor/laravel/framework/src/Illuminate/Foundation/Http/Middleware/TrimStrings.php(51): Illuminate\\Foundation\\Http\\Middleware\\TransformsRequest->handle()
#47 /var/www/gpdsgame/vendor/laravel/framework/src/Illuminate/Pipeline/Pipeline.php(209): Illuminate\\Foundation\\Http\\Middleware\\TrimStrings->handle()
#48 /var/www/gpdsgame/vendor/laravel/framework/src/Illuminate/Http/Middleware/ValidatePostSize.php(27): Illuminate\\Pipeline\\Pipeline->Illuminate\\Pipeline\\{closure}()
#49 /var/www/gpdsgame/vendor/laravel/framework/src/Illuminate/Pipeline/Pipeline.php(209): Illuminate\\Http\\Middleware\\ValidatePostSize->handle()
#50 /var/www/gpdsgame/vendor/laravel/framework/src/Illuminate/Foundation/Http/Middleware/PreventRequestsDuringMaintenance.php(110): Illuminate\\Pipeline\\Pipeline->Illuminate\\Pipeline\\{closure}()
#51 /var/www/gpdsgame/vendor/laravel/framework/src/Illuminate/Pipeline/Pipeline.php(209): Illuminate\\Foundation\\Http\\Middleware\\PreventRequestsDuringMaintenance->handle()
#52 /var/www/gpdsgame/vendor/laravel/framework/src/Illuminate/Http/Middleware/HandleCors.php(62): Illuminate\\Pipeline\\Pipeline->Illuminate\\Pipeline\\{closure}()
#53 /var/www/gpdsgame/vendor/laravel/framework/src/Illuminate/Pipeline/Pipeline.php(209): Illuminate\\Http\\Middleware\\HandleCors->handle()
#54 /var/www/gpdsgame/vendor/laravel/framework/src/Illuminate/Http/Middleware/TrustProxies.php(58): Illuminate\\Pipeline\\Pipeline->Illuminate\\Pipeline\\{closure}()
#55 /var/www/gpdsgame/vendor/laravel/framework/src/Illuminate/Pipeline/Pipeline.php(209): Illuminate\\Http\\Middleware\\TrustProxies->handle()
#56 /var/www/gpdsgame/vendor/laravel/framework/src/Illuminate/Foundation/Http/Middleware/InvokeDeferredCallbacks.php(22): Illuminate\\Pipeline\\Pipeline->Illuminate\\Pipeline\\{closure}()
#57 /var/www/gpdsgame/vendor/laravel/framework/src/Illuminate/Pipeline/Pipeline.php(209): Illuminate\\Foundation\\Http\\Middleware\\InvokeDeferredCallbacks->handle()
#58 /var/www/gpdsgame/app/Http/Middleware/CheckBanned.php(23): Illuminate\\Pipeline\\Pipeline->Illuminate\\Pipeline\\{closure}()
#59 /var/www/gpdsgame/vendor/laravel/framework/src/Illuminate/Pipeline/Pipeline.php(209): App\\Http\\Middleware\\CheckBanned->handle()
#60 /var/www/gpdsgame/app/Http/Middleware/CheckBannedIp.php(24): Illuminate\\Pipeline\\Pipeline->Illuminate\\Pipeline\\{closure}()
#61 /var/www/gpdsgame/vendor/laravel/framework/src/Illuminate/Pipeline/Pipeline.php(209): App\\Http\\Middleware\\CheckBannedIp->handle()
#62 /var/www/gpdsgame/vendor/laravel/framework/src/Illuminate/Pipeline/Pipeline.php(127): Illuminate\\Pipeline\\Pipeline->Illuminate\\Pipeline\\{closure}()
#63 /var/www/gpdsgame/vendor/laravel/framework/src/Illuminate/Foundation/Http/Kernel.php(176): Illuminate\\Pipeline\\Pipeline->then()
#64 /var/www/gpdsgame/vendor/laravel/framework/src/Illuminate/Foundation/Http/Kernel.php(145): Illuminate\\Foundation\\Http\\Kernel->sendRequestThroughRouter()
#65 /var/www/gpdsgame/public/index.php(57): Illuminate\\Foundation\\Http\\Kernel->handle()
#66 {main}
"} 
[2026-01-18 04:11:00] production.WARNING: MPay Callback Received {"amount":"40000","code":200,"createTimeL":1768684034147,"customerBank":"InstaPay","customerEmail":"chanhalzkie@yahoo.com","customerName":"Chanhalzkie","customerPhone":"09772439401","endToEndId":"170070","fee":"600","merchantOrderId":"GPDS260118F14C7","msg":"PAID","orderId":"1101462312356118253568","payType":"110","payUrl":"https://ibanking.phmpay.com/checkout-page/gsafe.html?urlSid=1101462312356118253568&payload=eyJhY3FJbmZvIjoiNzc3MTQ4MDAwMDAwMTM3Iiwic2hvcElkIjoiMzI5NDgxNDE3NzU4NjM3OCIsInRmcmJua2NvZGUiOiJPUERWUEhNMVhYWCIsIm9yZGVyQW1vdW50IjoiNDAwLjAwIiwibWVyY2hhbnROYW1lIjoiR1BEUyBHQU1FIFNIT1AiLCJtZXJjaGFudENpdHkiOiJDaXR5IE9mIE1ha2F0aSIsInRmckFjY3RObyI6IjMyOTQ4MTQxNzc1ODYzNzgiLCJxckNvZGUiOiIwMDAyMDEwMTAyMTIyODc2MDAxMXBoLnBwbWkucDJtMDExMU9QRFZQSE0xWFhYMDMxNTc3NzE0ODAwMDAwMDEzNzA0MTYzMjk0ODE0MTc3NTg2Mzc4MDUwMzAwMTUyMDQ1ODE2NTMwMzYwODU0MDY0MDAuMDA1ODAyUEg1OTE0R1BEUytHQU1FK1NIT1A2MDE0Q2l0eStPZitNYWthdGk2MjQwMDAxMHBoLmFsbGJhbmswNTIyMTEwMTQ2MjMxMjM1NjExODI1MzU2ODg4MzEwMDEycGgucHBtaS5xcnBoMDExMU9QRFZQSE0xWFhYNjMwNEM4NEMiLCJtZXJjaGFudElkIjoiMjE3MDIwMDAwMTE5MTk5MjUxOTk4IiwiYml6Tm8iOiJudWxsIiwicXJDb2RlRm9ybWF0IjoiRU1WQ08iLCJjbGllbnRJZCI6IjIwMjMwNjI5MTYwNjU1MDUzOTQyMDgiLCJzdWIiOiJwMm1wYXkiLCJsdWNreSI6ImZhbHNlIiwicGFyYW0zIjoiOTk5NjAwMDUlN0VwaC5wcG1pLnAybSU3RSU3RSU3RTAwMSIsInBhcmFtNSI6Ijc3NzE0ODAwMDAwMDEzNyU3RSU3RSU3RTExMDE0NjIzMTIzNTYxMTgyNTM1NjgifQ","realPayAmount":"40000","sign":"2086291bffe93265fed1ce8d3e45696a","status":"01","traceId":"i100,i100118974086928fae47b3b6d4d358ce67d96a"} 
[2026-01-18 04:11:00] production.ERROR: App\Data\LapakGaming\OrderRequestPayload::__construct(): Argument #8 ($country_code) must be of type string, null given, called in /var/www/gpdsgame/app/Jobs/LapakGamingOrderHandler.php on line 66 {"exception":"[object] (TypeError(code: 0): App\\Data\\LapakGaming\\OrderRequestPayload::__construct(): Argument #8 ($country_code) must be of type string, null given, called in /var/www/gpdsgame/app/Jobs/LapakGamingOrderHandler.php on line 66 at /var/www/gpdsgame/app/Data/LapakGaming/OrderRequestPayload.php:9)
[stacktrace]
#0 /var/www/gpdsgame/app/Jobs/LapakGamingOrderHandler.php(66): App\\Data\\LapakGaming\\OrderRequestPayload->__construct()
#1 /var/www/gpdsgame/vendor/laravel/framework/src/Illuminate/Container/BoundMethod.php(36): App\\Jobs\\LapakGamingOrderHandler->handle()
#2 /var/www/gpdsgame/vendor/laravel/framework/src/Illuminate/Container/Util.php(43): Illuminate\\Container\\BoundMethod::Illuminate\\Container\\{closure}()
#3 /var/www/gpdsgame/vendor/laravel/framework/src/Illuminate/Container/BoundMethod.php(95): Illuminate\\Container\\Util::unwrapIfClosure()
#4 /var/www/gpdsgame/vendor/laravel/framework/src/Illuminate/Container/BoundMethod.php(35): Illuminate\\Container\\BoundMethod::callBoundMethod()
#5 /var/www/gpdsgame/vendor/laravel/framework/src/Illuminate/Container/Container.php(696): Illuminate\\Container\\BoundMethod::call()
#6 /var/www/gpdsgame/vendor/laravel/framework/src/Illuminate/Bus/Dispatcher.php(126): Illuminate\\Container\\Container->call()
#7 /var/www/gpdsgame/vendor/laravel/framework/src/Illuminate/Pipeline/Pipeline.php(170): Illuminate\\Bus\\Dispatcher->Illuminate\\Bus\\{closure}()
#8 /var/www/gpdsgame/vendor/laravel/framework/src/Illuminate/Pipeline/Pipeline.php(127): Illuminate\\Pipeline\\Pipeline->Illuminate\\Pipeline\\{closure}()
#9 /var/www/gpdsgame/vendor/laravel/framework/src/Illuminate/Bus/Dispatcher.php(130): Illuminate\\Pipeline\\Pipeline->then()
#10 /var/www/gpdsgame/vendor/laravel/framework/src/Illuminate/Queue/CallQueuedHandler.php(126): Illuminate\\Bus\\Dispatcher->dispatchNow()
#11 /var/www/gpdsgame/vendor/laravel/framework/src/Illuminate/Pipeline/Pipeline.php(170): Illuminate\\Queue\\CallQueuedHandler->Illuminate\\Queue\\{closure}()
#12 /var/www/gpdsgame/vendor/laravel/framework/src/Illuminate/Pipeline/Pipeline.php(127): Illuminate\\Pipeline\\Pipeline->Illuminate\\Pipeline\\{closure}()
#13 /var/www/gpdsgame/vendor/laravel/framework/src/Illuminate/Queue/CallQueuedHandler.php(121): Illuminate\\Pipeline\\Pipeline->then()
#14 /var/www/gpdsgame/vendor/laravel/framework/src/Illuminate/Queue/CallQueuedHandler.php(69): Illuminate\\Queue\\CallQueuedHandler->dispatchThroughMiddleware()
#15 /var/www/gpdsgame/vendor/laravel/framework/src/Illuminate/Queue/Jobs/Job.php(102): Illuminate\\Queue\\CallQueuedHandler->call()
#16 /var/www/gpdsgame/vendor/laravel/framework/src/Illuminate/Queue/SyncQueue.php(76): Illuminate\\Queue\\Jobs\\Job->fire()
#17 /var/www/gpdsgame/vendor/laravel/framework/src/Illuminate/Queue/SyncQueue.php(56): Illuminate\\Queue\\SyncQueue->executeJob()
#18 /var/www/gpdsgame/vendor/laravel/framework/src/Illuminate/Bus/Dispatcher.php(244): Illuminate\\Queue\\SyncQueue->push()
#19 /var/www/gpdsgame/vendor/laravel/framework/src/Illuminate/Bus/Dispatcher.php(228): Illuminate\\Bus\\Dispatcher->pushCommandToQueue()
#20 /var/www/gpdsgame/vendor/laravel/framework/src/Illuminate/Bus/Dispatcher.php(77): Illuminate\\Bus\\Dispatcher->dispatchToQueue()
#21 /var/www/gpdsgame/vendor/laravel/framework/src/Illuminate/Foundation/Bus/PendingDispatch.php(222): Illuminate\\Bus\\Dispatcher->dispatch()
#22 /var/www/gpdsgame/vendor/laravel/framework/src/Illuminate/Foundation/Bus/Dispatchable.php(19): Illuminate\\Foundation\\Bus\\PendingDispatch->__destruct()
#23 /var/www/gpdsgame/app/Services/OrderService.php(307): App\\Jobs\\LapakGamingOrderHandler::dispatch()
#24 /var/www/gpdsgame/app/Http/Controllers/Api/OrderController.php(398): App\\Services\\OrderService->processOrder()
#25 /var/www/gpdsgame/vendor/laravel/framework/src/Illuminate/Routing/Controller.php(54): App\\Http\\Controllers\\Api\\OrderController->mpayCallback()
#26 /var/www/gpdsgame/vendor/laravel/framework/src/Illuminate/Routing/ControllerDispatcher.php(44): Illuminate\\Routing\\Controller->callAction()
#27 /var/www/gpdsgame/vendor/laravel/framework/src/Illuminate/Routing/Route.php(266): Illuminate\\Routing\\ControllerDispatcher->dispatch()
#28 /var/www/gpdsgame/vendor/laravel/framework/src/Illuminate/Routing/Route.php(212): Illuminate\\Routing\\Route->runController()
#29 /var/www/gpdsgame/vendor/laravel/framework/src/Illuminate/Routing/Router.php(808): Illuminate\\Routing\\Route->run()
#30 /var/www/gpdsgame/vendor/laravel/framework/src/Illuminate/Pipeline/Pipeline.php(170): Illuminate\\Routing\\Router->Illuminate\\Routing\\{closure}()
#31 /var/www/gpdsgame/app/Http/Controllers/Api/OrderController.php(38): Illuminate\\Pipeline\\Pipeline->Illuminate\\Pipeline\\{closure}()
#32 /var/www/gpdsgame/vendor/laravel/framework/src/Illuminate/Pipeline/Pipeline.php(191): App\\Http\\Controllers\\Api\\OrderController->App\\Http\\Controllers\\Api\\{closure}()
#33 /var/www/gpdsgame/vendor/laravel/framework/src/Illuminate/Routing/Middleware/SubstituteBindings.php(51): Illuminate\\Pipeline\\Pipeline->Illuminate\\Pipeline\\{closure}()
#34 /var/www/gpdsgame/vendor/laravel/framework/src/Illuminate/Pipeline/Pipeline.php(209): Illuminate\\Routing\\Middleware\\SubstituteBindings->handle()
#35 /var/www/gpdsgame/vendor/laravel/framework/src/Illuminate/Pipeline/Pipeline.php(127): Illuminate\\Pipeline\\Pipeline->Illuminate\\Pipeline\\{closure}()
#36 /var/www/gpdsgame/vendor/laravel/framework/src/Illuminate/Routing/Router.php(807): Illuminate\\Pipeline\\Pipeline->then()
#37 /var/www/gpdsgame/vendor/laravel/framework/src/Illuminate/Routing/Router.php(786): Illuminate\\Routing\\Router->runRouteWithinStack()
#38 /var/www/gpdsgame/vendor/laravel/framework/src/Illuminate/Routing/Router.php(750): Illuminate\\Routing\\Router->runRoute()
#39 /var/www/gpdsgame/vendor/laravel/framework/src/Illuminate/Routing/Router.php(739): Illuminate\\Routing\\Router->dispatchToRoute()
#40 /var/www/gpdsgame/vendor/laravel/framework/src/Illuminate/Foundation/Http/Kernel.php(201): Illuminate\\Routing\\Router->dispatch()
#41 /var/www/gpdsgame/vendor/laravel/framework/src/Illuminate/Pipeline/Pipeline.php(170): Illuminate\\Foundation\\Http\\Kernel->Illuminate\\Foundation\\Http\\{closure}()
#42 /var/www/gpdsgame/vendor/laravel/framework/src/Illuminate/Foundation/Http/Middleware/TransformsRequest.php(21): Illuminate\\Pipeline\\Pipeline->Illuminate\\Pipeline\\{closure}()
#43 /var/www/gpdsgame/vendor/laravel/framework/src/Illuminate/Foundation/Http/Middleware/ConvertEmptyStringsToNull.php(31): Illuminate\\Foundation\\Http\\Middleware\\TransformsRequest->handle()
#44 /var/www/gpdsgame/vendor/laravel/framework/src/Illuminate/Pipeline/Pipeline.php(209): Illuminate\\Foundation\\Http\\Middleware\\ConvertEmptyStringsToNull->handle()
#45 /var/www/gpdsgame/vendor/laravel/framework/src/Illuminate/Foundation/Http/Middleware/TransformsRequest.php(21): Illuminate\\Pipeline\\Pipeline->Illuminate\\Pipeline\\{closure}()
#46 /var/www/gpdsgame/vendor/laravel/framework/src/Illuminate/Foundation/Http/Middleware/TrimStrings.php(51): Illuminate\\Foundation\\Http\\Middleware\\TransformsRequest->handle()
#47 /var/www/gpdsgame/vendor/laravel/framework/src/Illuminate/Pipeline/Pipeline.php(209): Illuminate\\Foundation\\Http\\Middleware\\TrimStrings->handle()
#48 /var/www/gpdsgame/vendor/laravel/framework/src/Illuminate/Http/Middleware/ValidatePostSize.php(27): Illuminate\\Pipeline\\Pipeline->Illuminate\\Pipeline\\{closure}()
#49 /var/www/gpdsgame/vendor/laravel/framework/src/Illuminate/Pipeline/Pipeline.php(209): Illuminate\\Http\\Middleware\\ValidatePostSize->handle()
#50 /var/www/gpdsgame/vendor/laravel/framework/src/Illuminate/Foundation/Http/Middleware/PreventRequestsDuringMaintenance.php(110): Illuminate\\Pipeline\\Pipeline->Illuminate\\Pipeline\\{closure}()
#51 /var/www/gpdsgame/vendor/laravel/framework/src/Illuminate/Pipeline/Pipeline.php(209): Illuminate\\Foundation\\Http\\Middleware\\PreventRequestsDuringMaintenance->handle()
#52 /var/www/gpdsgame/vendor/laravel/framework/src/Illuminate/Http/Middleware/HandleCors.php(62): Illuminate\\Pipeline\\Pipeline->Illuminate\\Pipeline\\{closure}()
#53 /var/www/gpdsgame/vendor/laravel/framework/src/Illuminate/Pipeline/Pipeline.php(209): Illuminate\\Http\\Middleware\\HandleCors->handle()
#54 /var/www/gpdsgame/vendor/laravel/framework/src/Illuminate/Http/Middleware/TrustProxies.php(58): Illuminate\\Pipeline\\Pipeline->Illuminate\\Pipeline\\{closure}()
#55 /var/www/gpdsgame/vendor/laravel/framework/src/Illuminate/Pipeline/Pipeline.php(209): Illuminate\\Http\\Middleware\\TrustProxies->handle()
#56 /var/www/gpdsgame/vendor/laravel/framework/src/Illuminate/Foundation/Http/Middleware/InvokeDeferredCallbacks.php(22): Illuminate\\Pipeline\\Pipeline->Illuminate\\Pipeline\\{closure}()
#57 /var/www/gpdsgame/vendor/laravel/framework/src/Illuminate/Pipeline/Pipeline.php(209): Illuminate\\Foundation\\Http\\Middleware\\InvokeDeferredCallbacks->handle()
#58 /var/www/gpdsgame/app/Http/Middleware/CheckBanned.php(23): Illuminate\\Pipeline\\Pipeline->Illuminate\\Pipeline\\{closure}()
#59 /var/www/gpdsgame/vendor/laravel/framework/src/Illuminate/Pipeline/Pipeline.php(209): App\\Http\\Middleware\\CheckBanned->handle()
#60 /var/www/gpdsgame/app/Http/Middleware/CheckBannedIp.php(24): Illuminate\\Pipeline\\Pipeline->Illuminate\\Pipeline\\{closure}()
#61 /var/www/gpdsgame/vendor/laravel/framework/src/Illuminate/Pipeline/Pipeline.php(209): App\\Http\\Middleware\\CheckBannedIp->handle()
#62 /var/www/gpdsgame/vendor/laravel/framework/src/Illuminate/Pipeline/Pipeline.php(127): Illuminate\\Pipeline\\Pipeline->Illuminate\\Pipeline\\{closure}()
#63 /var/www/gpdsgame/vendor/laravel/framework/src/Illuminate/Foundation/Http/Kernel.php(176): Illuminate\\Pipeline\\Pipeline->then()
#64 /var/www/gpdsgame/vendor/laravel/framework/src/Illuminate/Foundation/Http/Kernel.php(145): Illuminate\\Foundation\\Http\\Kernel->sendRequestThroughRouter()
#65 /var/www/gpdsgame/public/index.php(57): Illuminate\\Foundation\\Http\\Kernel->handle()
#66 {main}
"} 
[2026-01-18 04:12:00] production.WARNING: MPay Callback Received {"amount":"40000","code":200,"createTimeL":1768684034147,"customerBank":"InstaPay","customerEmail":"chanhalzkie@yahoo.com","customerName":"Chanhalzkie","customerPhone":"09772439401","endToEndId":"170070","fee":"600","merchantOrderId":"GPDS260118F14C7","msg":"PAID","orderId":"1101462312356118253568","payType":"110","payUrl":"https://ibanking.phmpay.com/checkout-page/gsafe.html?urlSid=1101462312356118253568&payload=eyJhY3FJbmZvIjoiNzc3MTQ4MDAwMDAwMTM3Iiwic2hvcElkIjoiMzI5NDgxNDE3NzU4NjM3OCIsInRmcmJua2NvZGUiOiJPUERWUEhNMVhYWCIsIm9yZGVyQW1vdW50IjoiNDAwLjAwIiwibWVyY2hhbnROYW1lIjoiR1BEUyBHQU1FIFNIT1AiLCJtZXJjaGFudENpdHkiOiJDaXR5IE9mIE1ha2F0aSIsInRmckFjY3RObyI6IjMyOTQ4MTQxNzc1ODYzNzgiLCJxckNvZGUiOiIwMDAyMDEwMTAyMTIyODc2MDAxMXBoLnBwbWkucDJtMDExMU9QRFZQSE0xWFhYMDMxNTc3NzE0ODAwMDAwMDEzNzA0MTYzMjk0ODE0MTc3NTg2Mzc4MDUwMzAwMTUyMDQ1ODE2NTMwMzYwODU0MDY0MDAuMDA1ODAyUEg1OTE0R1BEUytHQU1FK1NIT1A2MDE0Q2l0eStPZitNYWthdGk2MjQwMDAxMHBoLmFsbGJhbmswNTIyMTEwMTQ2MjMxMjM1NjExODI1MzU2ODg4MzEwMDEycGgucHBtaS5xcnBoMDExMU9QRFZQSE0xWFhYNjMwNEM4NEMiLCJtZXJjaGFudElkIjoiMjE3MDIwMDAwMTE5MTk5MjUxOTk4IiwiYml6Tm8iOiJudWxsIiwicXJDb2RlRm9ybWF0IjoiRU1WQ08iLCJjbGllbnRJZCI6IjIwMjMwNjI5MTYwNjU1MDUzOTQyMDgiLCJzdWIiOiJwMm1wYXkiLCJsdWNreSI6ImZhbHNlIiwicGFyYW0zIjoiOTk5NjAwMDUlN0VwaC5wcG1pLnAybSU3RSU3RSU3RTAwMSIsInBhcmFtNSI6Ijc3NzE0ODAwMDAwMDEzNyU3RSU3RSU3RTExMDE0NjIzMTIzNTYxMTgyNTM1NjgifQ","realPayAmount":"40000","sign":"2a1ad4f9098db30d6fd6fd77897acd85","status":"01","traceId":"i100,i1001186c1d4ab3daf941d68f76a67221941578"} 
[2026-01-18 04:12:00] production.ERROR: App\Data\LapakGaming\OrderRequestPayload::__construct(): Argument #8 ($country_code) must be of type string, null given, called in /var/www/gpdsgame/app/Jobs/LapakGamingOrderHandler.php on line 66 {"exception":"[object] (TypeError(code: 0): App\\Data\\LapakGaming\\OrderRequestPayload::__construct(): Argument #8 ($country_code) must be of type string, null given, called in /var/www/gpdsgame/app/Jobs/LapakGamingOrderHandler.php on line 66 at /var/www/gpdsgame/app/Data/LapakGaming/OrderRequestPayload.php:9)
[stacktrace]
#0 /var/www/gpdsgame/app/Jobs/LapakGamingOrderHandler.php(66): App\\Data\\LapakGaming\\OrderRequestPayload->__construct()
#1 /var/www/gpdsgame/vendor/laravel/framework/src/Illuminate/Container/BoundMethod.php(36): App\\Jobs\\LapakGamingOrderHandler->handle()
#2 /var/www/gpdsgame/vendor/laravel/framework/src/Illuminate/Container/Util.php(43): Illuminate\\Container\\BoundMethod::Illuminate\\Container\\{closure}()
#3 /var/www/gpdsgame/vendor/laravel/framework/src/Illuminate/Container/BoundMethod.php(95): Illuminate\\Container\\Util::unwrapIfClosure()
#4 /var/www/gpdsgame/vendor/laravel/framework/src/Illuminate/Container/BoundMethod.php(35): Illuminate\\Container\\BoundMethod::callBoundMethod()
#5 /var/www/gpdsgame/vendor/laravel/framework/src/Illuminate/Container/Container.php(696): Illuminate\\Container\\BoundMethod::call()
#6 /var/www/gpdsgame/vendor/laravel/framework/src/Illuminate/Bus/Dispatcher.php(126): Illuminate\\Container\\Container->call()
#7 /var/www/gpdsgame/vendor/laravel/framework/src/Illuminate/Pipeline/Pipeline.php(170): Illuminate\\Bus\\Dispatcher->Illuminate\\Bus\\{closure}()
#8 /var/www/gpdsgame/vendor/laravel/framework/src/Illuminate/Pipeline/Pipeline.php(127): Illuminate\\Pipeline\\Pipeline->Illuminate\\Pipeline\\{closure}()
#9 /var/www/gpdsgame/vendor/laravel/framework/src/Illuminate/Bus/Dispatcher.php(130): Illuminate\\Pipeline\\Pipeline->then()
#10 /var/www/gpdsgame/vendor/laravel/framework/src/Illuminate/Queue/CallQueuedHandler.php(126): Illuminate\\Bus\\Dispatcher->dispatchNow()
#11 /var/www/gpdsgame/vendor/laravel/framework/src/Illuminate/Pipeline/Pipeline.php(170): Illuminate\\Queue\\CallQueuedHandler->Illuminate\\Queue\\{closure}()
#12 /var/www/gpdsgame/vendor/laravel/framework/src/Illuminate/Pipeline/Pipeline.php(127): Illuminate\\Pipeline\\Pipeline->Illuminate\\Pipeline\\{closure}()
#13 /var/www/gpdsgame/vendor/laravel/framework/src/Illuminate/Queue/CallQueuedHandler.php(121): Illuminate\\Pipeline\\Pipeline->then()
#14 /var/www/gpdsgame/vendor/laravel/framework/src/Illuminate/Queue/CallQueuedHandler.php(69): Illuminate\\Queue\\CallQueuedHandler->dispatchThroughMiddleware()
#15 /var/www/gpdsgame/vendor/laravel/framework/src/Illuminate/Queue/Jobs/Job.php(102): Illuminate\\Queue\\CallQueuedHandler->call()
#16 /var/www/gpdsgame/vendor/laravel/framework/src/Illuminate/Queue/SyncQueue.php(76): Illuminate\\Queue\\Jobs\\Job->fire()
#17 /var/www/gpdsgame/vendor/laravel/framework/src/Illuminate/Queue/SyncQueue.php(56): Illuminate\\Queue\\SyncQueue->executeJob()
#18 /var/www/gpdsgame/vendor/laravel/framework/src/Illuminate/Bus/Dispatcher.php(244): Illuminate\\Queue\\SyncQueue->push()
#19 /var/www/gpdsgame/vendor/laravel/framework/src/Illuminate/Bus/Dispatcher.php(228): Illuminate\\Bus\\Dispatcher->pushCommandToQueue()
#20 /var/www/gpdsgame/vendor/laravel/framework/src/Illuminate/Bus/Dispatcher.php(77): Illuminate\\Bus\\Dispatcher->dispatchToQueue()
#21 /var/www/gpdsgame/vendor/laravel/framework/src/Illuminate/Foundation/Bus/PendingDispatch.php(222): Illuminate\\Bus\\Dispatcher->dispatch()
#22 /var/www/gpdsgame/vendor/laravel/framework/src/Illuminate/Foundation/Bus/Dispatchable.php(19): Illuminate\\Foundation\\Bus\\PendingDispatch->__destruct()
#23 /var/www/gpdsgame/app/Services/OrderService.php(307): App\\Jobs\\LapakGamingOrderHandler::dispatch()
#24 /var/www/gpdsgame/app/Http/Controllers/Api/OrderController.php(398): App\\Services\\OrderService->processOrder()
#25 /var/www/gpdsgame/vendor/laravel/framework/src/Illuminate/Routing/Controller.php(54): App\\Http\\Controllers\\Api\\OrderController->mpayCallback()
#26 /var/www/gpdsgame/vendor/laravel/framework/src/Illuminate/Routing/ControllerDispatcher.php(44): Illuminate\\Routing\\Controller->callAction()
#27 /var/www/gpdsgame/vendor/laravel/framework/src/Illuminate/Routing/Route.php(266): Illuminate\\Routing\\ControllerDispatcher->dispatch()
#28 /var/www/gpdsgame/vendor/laravel/framework/src/Illuminate/Routing/Route.php(212): Illuminate\\Routing\\Route->runController()
#29 /var/www/gpdsgame/vendor/laravel/framework/src/Illuminate/Routing/Router.php(808): Illuminate\\Routing\\Route->run()
#30 /var/www/gpdsgame/vendor/laravel/framework/src/Illuminate/Pipeline/Pipeline.php(170): Illuminate\\Routing\\Router->Illuminate\\Routing\\{closure}()
#31 /var/www/gpdsgame/app/Http/Controllers/Api/OrderController.php(38): Illuminate\\Pipeline\\Pipeline->Illuminate\\Pipeline\\{closure}()
#32 /var/www/gpdsgame/vendor/laravel/framework/src/Illuminate/Pipeline/Pipeline.php(191): App\\Http\\Controllers\\Api\\OrderController->App\\Http\\Controllers\\Api\\{closure}()
#33 /var/www/gpdsgame/vendor/laravel/framework/src/Illuminate/Routing/Middleware/SubstituteBindings.php(51): Illuminate\\Pipeline\\Pipeline->Illuminate\\Pipeline\\{closure}()
#34 /var/www/gpdsgame/vendor/laravel/framework/src/Illuminate/Pipeline/Pipeline.php(209): Illuminate\\Routing\\Middleware\\SubstituteBindings->handle()
#35 /var/www/gpdsgame/vendor/laravel/framework/src/Illuminate/Pipeline/Pipeline.php(127): Illuminate\\Pipeline\\Pipeline->Illuminate\\Pipeline\\{closure}()
#36 /var/www/gpdsgame/vendor/laravel/framework/src/Illuminate/Routing/Router.php(807): Illuminate\\Pipeline\\Pipeline->then()
#37 /var/www/gpdsgame/vendor/laravel/framework/src/Illuminate/Routing/Router.php(786): Illuminate\\Routing\\Router->runRouteWithinStack()
#38 /var/www/gpdsgame/vendor/laravel/framework/src/Illuminate/Routing/Router.php(750): Illuminate\\Routing\\Router->runRoute()
#39 /var/www/gpdsgame/vendor/laravel/framework/src/Illuminate/Routing/Router.php(739): Illuminate\\Routing\\Router->dispatchToRoute()
#40 /var/www/gpdsgame/vendor/laravel/framework/src/Illuminate/Foundation/Http/Kernel.php(201): Illuminate\\Routing\\Router->dispatch()
#41 /var/www/gpdsgame/vendor/laravel/framework/src/Illuminate/Pipeline/Pipeline.php(170): Illuminate\\Foundation\\Http\\Kernel->Illuminate\\Foundation\\Http\\{closure}()
#42 /var/www/gpdsgame/vendor/laravel/framework/src/Illuminate/Foundation/Http/Middleware/TransformsRequest.php(21): Illuminate\\Pipeline\\Pipeline->Illuminate\\Pipeline\\{closure}()
#43 /var/www/gpdsgame/vendor/laravel/framework/src/Illuminate/Foundation/Http/Middleware/ConvertEmptyStringsToNull.php(31): Illuminate\\Foundation\\Http\\Middleware\\TransformsRequest->handle()
#44 /var/www/gpdsgame/vendor/laravel/framework/src/Illuminate/Pipeline/Pipeline.php(209): Illuminate\\Foundation\\Http\\Middleware\\ConvertEmptyStringsToNull->handle()
#45 /var/www/gpdsgame/vendor/laravel/framework/src/Illuminate/Foundation/Http/Middleware/TransformsRequest.php(21): Illuminate\\Pipeline\\Pipeline->Illuminate\\Pipeline\\{closure}()
#46 /var/www/gpdsgame/vendor/laravel/framework/src/Illuminate/Foundation/Http/Middleware/TrimStrings.php(51): Illuminate\\Foundation\\Http\\Middleware\\TransformsRequest->handle()
#47 /var/www/gpdsgame/vendor/laravel/framework/src/Illuminate/Pipeline/Pipeline.php(209): Illuminate\\Foundation\\Http\\Middleware\\TrimStrings->handle()
#48 /var/www/gpdsgame/vendor/laravel/framework/src/Illuminate/Http/Middleware/ValidatePostSize.php(27): Illuminate\\Pipeline\\Pipeline->Illuminate\\Pipeline\\{closure}()
#49 /var/www/gpdsgame/vendor/laravel/framework/src/Illuminate/Pipeline/Pipeline.php(209): Illuminate\\Http\\Middleware\\ValidatePostSize->handle()
#50 /var/www/gpdsgame/vendor/laravel/framework/src/Illuminate/Foundation/Http/Middleware/PreventRequestsDuringMaintenance.php(110): Illuminate\\Pipeline\\Pipeline->Illuminate\\Pipeline\\{closure}()
#51 /var/www/gpdsgame/vendor/laravel/framework/src/Illuminate/Pipeline/Pipeline.php(209): Illuminate\\Foundation\\Http\\Middleware\\PreventRequestsDuringMaintenance->handle()
#52 /var/www/gpdsgame/vendor/laravel/framework/src/Illuminate/Http/Middleware/HandleCors.php(62): Illuminate\\Pipeline\\Pipeline->Illuminate\\Pipeline\\{closure}()
#53 /var/www/gpdsgame/vendor/laravel/framework/src/Illuminate/Pipeline/Pipeline.php(209): Illuminate\\Http\\Middleware\\HandleCors->handle()
#54 /var/www/gpdsgame/vendor/laravel/framework/src/Illuminate/Http/Middleware/TrustProxies.php(58): Illuminate\\Pipeline\\Pipeline->Illuminate\\Pipeline\\{closure}()
#55 /var/www/gpdsgame/vendor/laravel/framework/src/Illuminate/Pipeline/Pipeline.php(209): Illuminate\\Http\\Middleware\\TrustProxies->handle()
#56 /var/www/gpdsgame/vendor/laravel/framework/src/Illuminate/Foundation/Http/Middleware/InvokeDeferredCallbacks.php(22): Illuminate\\Pipeline\\Pipeline->Illuminate\\Pipeline\\{closure}()
#57 /var/www/gpdsgame/vendor/laravel/framework/src/Illuminate/Pipeline/Pipeline.php(209): Illuminate\\Foundation\\Http\\Middleware\\InvokeDeferredCallbacks->handle()
#58 /var/www/gpdsgame/app/Http/Middleware/CheckBanned.php(23): Illuminate\\Pipeline\\Pipeline->Illuminate\\Pipeline\\{closure}()
#59 /var/www/gpdsgame/vendor/laravel/framework/src/Illuminate/Pipeline/Pipeline.php(209): App\\Http\\Middleware\\CheckBanned->handle()
#60 /var/www/gpdsgame/app/Http/Middleware/CheckBannedIp.php(24): Illuminate\\Pipeline\\Pipeline->Illuminate\\Pipeline\\{closure}()
#61 /var/www/gpdsgame/vendor/laravel/framework/src/Illuminate/Pipeline/Pipeline.php(209): App\\Http\\Middleware\\CheckBannedIp->handle()
#62 /var/www/gpdsgame/vendor/laravel/framework/src/Illuminate/Pipeline/Pipeline.php(127): Illuminate\\Pipeline\\Pipeline->Illuminate\\Pipeline\\{closure}()
#63 /var/www/gpdsgame/vendor/laravel/framework/src/Illuminate/Foundation/Http/Kernel.php(176): Illuminate\\Pipeline\\Pipeline->then()
#64 /var/www/gpdsgame/vendor/laravel/framework/src/Illuminate/Foundation/Http/Kernel.php(145): Illuminate\\Foundation\\Http\\Kernel->sendRequestThroughRouter()
#65 /var/www/gpdsgame/public/index.php(57): Illuminate\\Foundation\\Http\\Kernel->handle()
#66 {main}
"} 
[2026-01-18 04:15:00] production.WARNING: MPay Callback Received {"amount":"40000","code":200,"createTimeL":1768684034147,"customerBank":"InstaPay","customerEmail":"chanhalzkie@yahoo.com","customerName":"Chanhalzkie","customerPhone":"09772439401","endToEndId":"170070","fee":"600","merchantOrderId":"GPDS260118F14C7","msg":"PAID","orderId":"1101462312356118253568","payType":"110","payUrl":"https://ibanking.phmpay.com/checkout-page/gsafe.html?urlSid=1101462312356118253568&payload=eyJhY3FJbmZvIjoiNzc3MTQ4MDAwMDAwMTM3Iiwic2hvcElkIjoiMzI5NDgxNDE3NzU4NjM3OCIsInRmcmJua2NvZGUiOiJPUERWUEhNMVhYWCIsIm9yZGVyQW1vdW50IjoiNDAwLjAwIiwibWVyY2hhbnROYW1lIjoiR1BEUyBHQU1FIFNIT1AiLCJtZXJjaGFudENpdHkiOiJDaXR5IE9mIE1ha2F0aSIsInRmckFjY3RObyI6IjMyOTQ4MTQxNzc1ODYzNzgiLCJxckNvZGUiOiIwMDAyMDEwMTAyMTIyODc2MDAxMXBoLnBwbWkucDJtMDExMU9QRFZQSE0xWFhYMDMxNTc3NzE0ODAwMDAwMDEzNzA0MTYzMjk0ODE0MTc3NTg2Mzc4MDUwMzAwMTUyMDQ1ODE2NTMwMzYwODU0MDY0MDAuMDA1ODAyUEg1OTE0R1BEUytHQU1FK1NIT1A2MDE0Q2l0eStPZitNYWthdGk2MjQwMDAxMHBoLmFsbGJhbmswNTIyMTEwMTQ2MjMxMjM1NjExODI1MzU2ODg4MzEwMDEycGgucHBtaS5xcnBoMDExMU9QRFZQSE0xWFhYNjMwNEM4NEMiLCJtZXJjaGFudElkIjoiMjE3MDIwMDAwMTE5MTk5MjUxOTk4IiwiYml6Tm8iOiJudWxsIiwicXJDb2RlRm9ybWF0IjoiRU1WQ08iLCJjbGllbnRJZCI6IjIwMjMwNjI5MTYwNjU1MDUzOTQyMDgiLCJzdWIiOiJwMm1wYXkiLCJsdWNreSI6ImZhbHNlIiwicGFyYW0zIjoiOTk5NjAwMDUlN0VwaC5wcG1pLnAybSU3RSU3RSU3RTAwMSIsInBhcmFtNSI6Ijc3NzE0ODAwMDAwMDEzNyU3RSU3RSU3RTExMDE0NjIzMTIzNTYxMTgyNTM1NjgifQ","realPayAmount":"40000","sign":"4d485054bd58ca6a99effb97215aa908","status":"01","traceId":"i100,i100118eee89ff2f984464ea8a7f18501974e24"} 
[2026-01-18 04:15:00] production.ERROR: App\Data\LapakGaming\OrderRequestPayload::__construct(): Argument #8 ($country_code) must be of type string, null given, called in /var/www/gpdsgame/app/Jobs/LapakGamingOrderHandler.php on line 66 {"exception":"[object] (TypeError(code: 0): App\\Data\\LapakGaming\\OrderRequestPayload::__construct(): Argument #8 ($country_code) must be of type string, null given, called in /var/www/gpdsgame/app/Jobs/LapakGamingOrderHandler.php on line 66 at /var/www/gpdsgame/app/Data/LapakGaming/OrderRequestPayload.php:9)
[stacktrace]
#0 /var/www/gpdsgame/app/Jobs/LapakGamingOrderHandler.php(66): App\\Data\\LapakGaming\\OrderRequestPayload->__construct()
#1 /var/www/gpdsgame/vendor/laravel/framework/src/Illuminate/Container/BoundMethod.php(36): App\\Jobs\\LapakGamingOrderHandler->handle()
#2 /var/www/gpdsgame/vendor/laravel/framework/src/Illuminate/Container/Util.php(43): Illuminate\\Container\\BoundMethod::Illuminate\\Container\\{closure}()
#3 /var/www/gpdsgame/vendor/laravel/framework/src/Illuminate/Container/BoundMethod.php(95): Illuminate\\Container\\Util::unwrapIfClosure()
#4 /var/www/gpdsgame/vendor/laravel/framework/src/Illuminate/Container/BoundMethod.php(35): Illuminate\\Container\\BoundMethod::callBoundMethod()
#5 /var/www/gpdsgame/vendor/laravel/framework/src/Illuminate/Container/Container.php(696): Illuminate\\Container\\BoundMethod::call()
#6 /var/www/gpdsgame/vendor/laravel/framework/src/Illuminate/Bus/Dispatcher.php(126): Illuminate\\Container\\Container->call()
#7 /var/www/gpdsgame/vendor/laravel/framework/src/Illuminate/Pipeline/Pipeline.php(170): Illuminate\\Bus\\Dispatcher->Illuminate\\Bus\\{closure}()
#8 /var/www/gpdsgame/vendor/laravel/framework/src/Illuminate/Pipeline/Pipeline.php(127): Illuminate\\Pipeline\\Pipeline->Illuminate\\Pipeline\\{closure}()
#9 /var/www/gpdsgame/vendor/laravel/framework/src/Illuminate/Bus/Dispatcher.php(130): Illuminate\\Pipeline\\Pipeline->then()
#10 /var/www/gpdsgame/vendor/laravel/framework/src/Illuminate/Queue/CallQueuedHandler.php(126): Illuminate\\Bus\\Dispatcher->dispatchNow()
#11 /var/www/gpdsgame/vendor/laravel/framework/src/Illuminate/Pipeline/Pipeline.php(170): Illuminate\\Queue\\CallQueuedHandler->Illuminate\\Queue\\{closure}()
#12 /var/www/gpdsgame/vendor/laravel/framework/src/Illuminate/Pipeline/Pipeline.php(127): Illuminate\\Pipeline\\Pipeline->Illuminate\\Pipeline\\{closure}()
#13 /var/www/gpdsgame/vendor/laravel/framework/src/Illuminate/Queue/CallQueuedHandler.php(121): Illuminate\\Pipeline\\Pipeline->then()
#14 /var/www/gpdsgame/vendor/laravel/framework/src/Illuminate/Queue/CallQueuedHandler.php(69): Illuminate\\Queue\\CallQueuedHandler->dispatchThroughMiddleware()
#15 /var/www/gpdsgame/vendor/laravel/framework/src/Illuminate/Queue/Jobs/Job.php(102): Illuminate\\Queue\\CallQueuedHandler->call()
#16 /var/www/gpdsgame/vendor/laravel/framework/src/Illuminate/Queue/SyncQueue.php(76): Illuminate\\Queue\\Jobs\\Job->fire()
#17 /var/www/gpdsgame/vendor/laravel/framework/src/Illuminate/Queue/SyncQueue.php(56): Illuminate\\Queue\\SyncQueue->executeJob()
#18 /var/www/gpdsgame/vendor/laravel/framework/src/Illuminate/Bus/Dispatcher.php(244): Illuminate\\Queue\\SyncQueue->push()
#19 /var/www/gpdsgame/vendor/laravel/framework/src/Illuminate/Bus/Dispatcher.php(228): Illuminate\\Bus\\Dispatcher->pushCommandToQueue()
#20 /var/www/gpdsgame/vendor/laravel/framework/src/Illuminate/Bus/Dispatcher.php(77): Illuminate\\Bus\\Dispatcher->dispatchToQueue()
#21 /var/www/gpdsgame/vendor/laravel/framework/src/Illuminate/Foundation/Bus/PendingDispatch.php(222): Illuminate\\Bus\\Dispatcher->dispatch()
#22 /var/www/gpdsgame/vendor/laravel/framework/src/Illuminate/Foundation/Bus/Dispatchable.php(19): Illuminate\\Foundation\\Bus\\PendingDispatch->__destruct()
#23 /var/www/gpdsgame/app/Services/OrderService.php(307): App\\Jobs\\LapakGamingOrderHandler::dispatch()
#24 /var/www/gpdsgame/app/Http/Controllers/Api/OrderController.php(398): App\\Services\\OrderService->processOrder()
#25 /var/www/gpdsgame/vendor/laravel/framework/src/Illuminate/Routing/Controller.php(54): App\\Http\\Controllers\\Api\\OrderController->mpayCallback()
#26 /var/www/gpdsgame/vendor/laravel/framework/src/Illuminate/Routing/ControllerDispatcher.php(44): Illuminate\\Routing\\Controller->callAction()
#27 /var/www/gpdsgame/vendor/laravel/framework/src/Illuminate/Routing/Route.php(266): Illuminate\\Routing\\ControllerDispatcher->dispatch()
#28 /var/www/gpdsgame/vendor/laravel/framework/src/Illuminate/Routing/Route.php(212): Illuminate\\Routing\\Route->runController()
#29 /var/www/gpdsgame/vendor/laravel/framework/src/Illuminate/Routing/Router.php(808): Illuminate\\Routing\\Route->run()
#30 /var/www/gpdsgame/vendor/laravel/framework/src/Illuminate/Pipeline/Pipeline.php(170): Illuminate\\Routing\\Router->Illuminate\\Routing\\{closure}()
#31 /var/www/gpdsgame/app/Http/Controllers/Api/OrderController.php(38): Illuminate\\Pipeline\\Pipeline->Illuminate\\Pipeline\\{closure}()
#32 /var/www/gpdsgame/vendor/laravel/framework/src/Illuminate/Pipeline/Pipeline.php(191): App\\Http\\Controllers\\Api\\OrderController->App\\Http\\Controllers\\Api\\{closure}()
#33 /var/www/gpdsgame/vendor/laravel/framework/src/Illuminate/Routing/Middleware/SubstituteBindings.php(51): Illuminate\\Pipeline\\Pipeline->Illuminate\\Pipeline\\{closure}()
#34 /var/www/gpdsgame/vendor/laravel/framework/src/Illuminate/Pipeline/Pipeline.php(209): Illuminate\\Routing\\Middleware\\SubstituteBindings->handle()
#35 /var/www/gpdsgame/vendor/laravel/framework/src/Illuminate/Pipeline/Pipeline.php(127): Illuminate\\Pipeline\\Pipeline->Illuminate\\Pipeline\\{closure}()
#36 /var/www/gpdsgame/vendor/laravel/framework/src/Illuminate/Routing/Router.php(807): Illuminate\\Pipeline\\Pipeline->then()
#37 /var/www/gpdsgame/vendor/laravel/framework/src/Illuminate/Routing/Router.php(786): Illuminate\\Routing\\Router->runRouteWithinStack()
#38 /var/www/gpdsgame/vendor/laravel/framework/src/Illuminate/Routing/Router.php(750): Illuminate\\Routing\\Router->runRoute()
#39 /var/www/gpdsgame/vendor/laravel/framework/src/Illuminate/Routing/Router.php(739): Illuminate\\Routing\\Router->dispatchToRoute()
#40 /var/www/gpdsgame/vendor/laravel/framework/src/Illuminate/Foundation/Http/Kernel.php(201): Illuminate\\Routing\\Router->dispatch()
#41 /var/www/gpdsgame/vendor/laravel/framework/src/Illuminate/Pipeline/Pipeline.php(170): Illuminate\\Foundation\\Http\\Kernel->Illuminate\\Foundation\\Http\\{closure}()
#42 /var/www/gpdsgame/vendor/laravel/framework/src/Illuminate/Foundation/Http/Middleware/TransformsRequest.php(21): Illuminate\\Pipeline\\Pipeline->Illuminate\\Pipeline\\{closure}()
#43 /var/www/gpdsgame/vendor/laravel/framework/src/Illuminate/Foundation/Http/Middleware/ConvertEmptyStringsToNull.php(31): Illuminate\\Foundation\\Http\\Middleware\\TransformsRequest->handle()
#44 /var/www/gpdsgame/vendor/laravel/framework/src/Illuminate/Pipeline/Pipeline.php(209): Illuminate\\Foundation\\Http\\Middleware\\ConvertEmptyStringsToNull->handle()
#45 /var/www/gpdsgame/vendor/laravel/framework/src/Illuminate/Foundation/Http/Middleware/TransformsRequest.php(21): Illuminate\\Pipeline\\Pipeline->Illuminate\\Pipeline\\{closure}()
#46 /var/www/gpdsgame/vendor/laravel/framework/src/Illuminate/Foundation/Http/Middleware/TrimStrings.php(51): Illuminate\\Foundation\\Http\\Middleware\\TransformsRequest->handle()
#47 /var/www/gpdsgame/vendor/laravel/framework/src/Illuminate/Pipeline/Pipeline.php(209): Illuminate\\Foundation\\Http\\Middleware\\TrimStrings->handle()
#48 /var/www/gpdsgame/vendor/laravel/framework/src/Illuminate/Http/Middleware/ValidatePostSize.php(27): Illuminate\\Pipeline\\Pipeline->Illuminate\\Pipeline\\{closure}()
#49 /var/www/gpdsgame/vendor/laravel/framework/src/Illuminate/Pipeline/Pipeline.php(209): Illuminate\\Http\\Middleware\\ValidatePostSize->handle()
#50 /var/www/gpdsgame/vendor/laravel/framework/src/Illuminate/Foundation/Http/Middleware/PreventRequestsDuringMaintenance.php(110): Illuminate\\Pipeline\\Pipeline->Illuminate\\Pipeline\\{closure}()
#51 /var/www/gpdsgame/vendor/laravel/framework/src/Illuminate/Pipeline/Pipeline.php(209): Illuminate\\Foundation\\Http\\Middleware\\PreventRequestsDuringMaintenance->handle()
#52 /var/www/gpdsgame/vendor/laravel/framework/src/Illuminate/Http/Middleware/HandleCors.php(62): Illuminate\\Pipeline\\Pipeline->Illuminate\\Pipeline\\{closure}()
#53 /var/www/gpdsgame/vendor/laravel/framework/src/Illuminate/Pipeline/Pipeline.php(209): Illuminate\\Http\\Middleware\\HandleCors->handle()
#54 /var/www/gpdsgame/vendor/laravel/framework/src/Illuminate/Http/Middleware/TrustProxies.php(58): Illuminate\\Pipeline\\Pipeline->Illuminate\\Pipeline\\{closure}()
#55 /var/www/gpdsgame/vendor/laravel/framework/src/Illuminate/Pipeline/Pipeline.php(209): Illuminate\\Http\\Middleware\\TrustProxies->handle()
#56 /var/www/gpdsgame/vendor/laravel/framework/src/Illuminate/Foundation/Http/Middleware/InvokeDeferredCallbacks.php(22): Illuminate\\Pipeline\\Pipeline->Illuminate\\Pipeline\\{closure}()
#57 /var/www/gpdsgame/vendor/laravel/framework/src/Illuminate/Pipeline/Pipeline.php(209): Illuminate\\Foundation\\Http\\Middleware\\InvokeDeferredCallbacks->handle()
#58 /var/www/gpdsgame/app/Http/Middleware/CheckBanned.php(23): Illuminate\\Pipeline\\Pipeline->Illuminate\\Pipeline\\{closure}()
#59 /var/www/gpdsgame/vendor/laravel/framework/src/Illuminate/Pipeline/Pipeline.php(209): App\\Http\\Middleware\\CheckBanned->handle()
#60 /var/www/gpdsgame/app/Http/Middleware/CheckBannedIp.php(24): Illuminate\\Pipeline\\Pipeline->Illuminate\\Pipeline\\{closure}()
#61 /var/www/gpdsgame/vendor/laravel/framework/src/Illuminate/Pipeline/Pipeline.php(209): App\\Http\\Middleware\\CheckBannedIp->handle()
#62 /var/www/gpdsgame/vendor/laravel/framework/src/Illuminate/Pipeline/Pipeline.php(127): Illuminate\\Pipeline\\Pipeline->Illuminate\\Pipeline\\{closure}()
#63 /var/www/gpdsgame/vendor/laravel/framework/src/Illuminate/Foundation/Http/Kernel.php(176): Illuminate\\Pipeline\\Pipeline->then()
#64 /var/www/gpdsgame/vendor/laravel/framework/src/Illuminate/Foundation/Http/Kernel.php(145): Illuminate\\Foundation\\Http\\Kernel->sendRequestThroughRouter()
#65 /var/www/gpdsgame/public/index.php(57): Illuminate\\Foundation\\Http\\Kernel->handle()
#66 {main}
"} 
[2026-01-18 04:20:00] production.WARNING: MPay Callback Received {"amount":"40000","code":200,"createTimeL":1768684034147,"customerBank":"InstaPay","customerEmail":"chanhalzkie@yahoo.com","customerName":"Chanhalzkie","customerPhone":"09772439401","endToEndId":"170070","fee":"600","merchantOrderId":"GPDS260118F14C7","msg":"PAID","orderId":"1101462312356118253568","payType":"110","payUrl":"https://ibanking.phmpay.com/checkout-page/gsafe.html?urlSid=1101462312356118253568&payload=eyJhY3FJbmZvIjoiNzc3MTQ4MDAwMDAwMTM3Iiwic2hvcElkIjoiMzI5NDgxNDE3NzU4NjM3OCIsInRmcmJua2NvZGUiOiJPUERWUEhNMVhYWCIsIm9yZGVyQW1vdW50IjoiNDAwLjAwIiwibWVyY2hhbnROYW1lIjoiR1BEUyBHQU1FIFNIT1AiLCJtZXJjaGFudENpdHkiOiJDaXR5IE9mIE1ha2F0aSIsInRmckFjY3RObyI6IjMyOTQ4MTQxNzc1ODYzNzgiLCJxckNvZGUiOiIwMDAyMDEwMTAyMTIyODc2MDAxMXBoLnBwbWkucDJtMDExMU9QRFZQSE0xWFhYMDMxNTc3NzE0ODAwMDAwMDEzNzA0MTYzMjk0ODE0MTc3NTg2Mzc4MDUwMzAwMTUyMDQ1ODE2NTMwMzYwODU0MDY0MDAuMDA1ODAyUEg1OTE0R1BEUytHQU1FK1NIT1A2MDE0Q2l0eStPZitNYWthdGk2MjQwMDAxMHBoLmFsbGJhbmswNTIyMTEwMTQ2MjMxMjM1NjExODI1MzU2ODg4MzEwMDEycGgucHBtaS5xcnBoMDExMU9QRFZQSE0xWFhYNjMwNEM4NEMiLCJtZXJjaGFudElkIjoiMjE3MDIwMDAwMTE5MTk5MjUxOTk4IiwiYml6Tm8iOiJudWxsIiwicXJDb2RlRm9ybWF0IjoiRU1WQ08iLCJjbGllbnRJZCI6IjIwMjMwNjI5MTYwNjU1MDUzOTQyMDgiLCJzdWIiOiJwMm1wYXkiLCJsdWNreSI6ImZhbHNlIiwicGFyYW0zIjoiOTk5NjAwMDUlN0VwaC5wcG1pLnAybSU3RSU3RSU3RTAwMSIsInBhcmFtNSI6Ijc3NzE0ODAwMDAwMDEzNyU3RSU3RSU3RTExMDE0NjIzMTIzNTYxMTgyNTM1NjgifQ","realPayAmount":"40000","sign":"e656958ab0fd245f93a22c57b099be97","status":"01","traceId":"i100,i10011872d2a7a97f5547a197f85d4853616227"} 
[2026-01-18 04:22:49] production.ERROR: Array to string conversion (View: /var/www/gpdsgame/resources/views/orders/show.blade.php) {"userId":3364,"exception":"[object] (Illuminate\\View\\ViewException(code: 0): Array to string conversion (View: /var/www/gpdsgame/resources/views/orders/show.blade.php) at /var/www/gpdsgame/app/Models/Order.php:194)
[stacktrace]
#0 /var/www/gpdsgame/vendor/laravel/framework/src/Illuminate/View/Engines/PhpEngine.php(60): Illuminate\\View\\Engines\\CompilerEngine->handleViewException()
#1 /var/www/gpdsgame/vendor/laravel/framework/src/Illuminate/View/Engines/CompilerEngine.php(75): Illuminate\\View\\Engines\\PhpEngine->evaluatePath()
#2 /var/www/gpdsgame/vendor/laravel/framework/src/Illuminate/View/View.php(209): Illuminate\\View\\Engines\\CompilerEngine->get()
#3 /var/www/gpdsgame/vendor/laravel/framework/src/Illuminate/View/View.php(192): Illuminate\\View\\View->getContents()
#4 /var/www/gpdsgame/vendor/laravel/framework/src/Illuminate/View/View.php(161): Illuminate\\View\\View->renderContents()
#5 /var/www/gpdsgame/vendor/laravel/framework/src/Illuminate/Http/Response.php(79): Illuminate\\View\\View->render()
#6 /var/www/gpdsgame/vendor/laravel/framework/src/Illuminate/Http/Response.php(35): Illuminate\\Http\\Response->setContent()
#7 /var/www/gpdsgame/vendor/laravel/framework/src/Illuminate/Routing/Router.php(920): Illuminate\\Http\\Response->__construct()
#8 /var/www/gpdsgame/vendor/laravel/framework/src/Illuminate/Routing/Router.php(887): Illuminate\\Routing\\Router::toResponse()
#9 /var/www/gpdsgame/vendor/laravel/framework/src/Illuminate/Routing/Router.php(807): Illuminate\\Routing\\Router->prepareResponse()
#10 /var/www/gpdsgame/vendor/laravel/framework/src/Illuminate/Pipeline/Pipeline.php(170): Illuminate\\Routing\\Router->Illuminate\\Routing\\{closure}()
#11 /var/www/gpdsgame/vendor/spatie/laravel-permission/src/Middleware/PermissionMiddleware.php(37): Illuminate\\Pipeline\\Pipeline->Illuminate\\Pipeline\\{closure}()
#12 /var/www/gpdsgame/vendor/laravel/framework/src/Illuminate/Pipeline/Pipeline.php(209): Spatie\\Permission\\Middleware\\PermissionMiddleware->handle()
#13 /var/www/gpdsgame/app/Http/Middleware/EnsureNotCustomer.php(32): Illuminate\\Pipeline\\Pipeline->Illuminate\\Pipeline\\{closure}()
#14 /var/www/gpdsgame/vendor/laravel/framework/src/Illuminate/Pipeline/Pipeline.php(209): App\\Http\\Middleware\\EnsureNotCustomer->handle()
#15 /var/www/gpdsgame/vendor/laravel/framework/src/Illuminate/Routing/Middleware/SubstituteBindings.php(51): Illuminate\\Pipeline\\Pipeline->Illuminate\\Pipeline\\{closure}()
#16 /var/www/gpdsgame/vendor/laravel/framework/src/Illuminate/Pipeline/Pipeline.php(209): Illuminate\\Routing\\Middleware\\SubstituteBindings->handle()
#17 /var/www/gpdsgame/vendor/laravel/framework/src/Illuminate/Auth/Middleware/Authenticate.php(64): Illuminate\\Pipeline\\Pipeline->Illuminate\\Pipeline\\{closure}()
#18 /var/www/gpdsgame/vendor/laravel/framework/src/Illuminate/Pipeline/Pipeline.php(209): Illuminate\\Auth\\Middleware\\Authenticate->handle()
#19 /var/www/gpdsgame/vendor/laravel/framework/src/Illuminate/Foundation/Http/Middleware/VerifyCsrfToken.php(88): Illuminate\\Pipeline\\Pipeline->Illuminate\\Pipeline\\{closure}()
#20 /var/www/gpdsgame/vendor/laravel/framework/src/Illuminate/Pipeline/Pipeline.php(209): Illuminate\\Foundation\\Http\\Middleware\\VerifyCsrfToken->handle()
#21 /var/www/gpdsgame/vendor/laravel/framework/src/Illuminate/View/Middleware/ShareErrorsFromSession.php(49): Illuminate\\Pipeline\\Pipeline->Illuminate\\Pipeline\\{closure}()
#22 /var/www/gpdsgame/vendor/laravel/framework/src/Illuminate/Pipeline/Pipeline.php(209): Illuminate\\View\\Middleware\\ShareErrorsFromSession->handle()
#23 /var/www/gpdsgame/vendor/laravel/framework/src/Illuminate/Session/Middleware/StartSession.php(121): Illuminate\\Pipeline\\Pipeline->Illuminate\\Pipeline\\{closure}()
#24 /var/www/gpdsgame/vendor/laravel/framework/src/Illuminate/Session/Middleware/StartSession.php(64): Illuminate\\Session\\Middleware\\StartSession->handleStatefulRequest()
#25 /var/www/gpdsgame/vendor/laravel/framework/src/Illuminate/Pipeline/Pipeline.php(209): Illuminate\\Session\\Middleware\\StartSession->handle()
#26 /var/www/gpdsgame/vendor/laravel/framework/src/Illuminate/Cookie/Middleware/AddQueuedCookiesToResponse.php(37): Illuminate\\Pipeline\\Pipeline->Illuminate\\Pipeline\\{closure}()
#27 /var/www/gpdsgame/vendor/laravel/framework/src/Illuminate/Pipeline/Pipeline.php(209): Illuminate\\Cookie\\Middleware\\AddQueuedCookiesToResponse->handle()
#28 /var/www/gpdsgame/vendor/laravel/framework/src/Illuminate/Cookie/Middleware/EncryptCookies.php(75): Illuminate\\Pipeline\\Pipeline->Illuminate\\Pipeline\\{closure}()
#29 /var/www/gpdsgame/vendor/laravel/framework/src/Illuminate/Pipeline/Pipeline.php(209): Illuminate\\Cookie\\Middleware\\EncryptCookies->handle()
#30 /var/www/gpdsgame/vendor/laravel/framework/src/Illuminate/Pipeline/Pipeline.php(127): Illuminate\\Pipeline\\Pipeline->Illuminate\\Pipeline\\{closure}()
#31 /var/www/gpdsgame/vendor/laravel/framework/src/Illuminate/Routing/Router.php(807): Illuminate\\Pipeline\\Pipeline->then()
#32 /var/www/gpdsgame/vendor/laravel/framework/src/Illuminate/Routing/Router.php(786): Illuminate\\Routing\\Router->runRouteWithinStack()
#33 /var/www/gpdsgame/vendor/laravel/framework/src/Illuminate/Routing/Router.php(750): Illuminate\\Routing\\Router->runRoute()
#34 /var/www/gpdsgame/vendor/laravel/framework/src/Illuminate/Routing/Router.php(739): Illuminate\\Routing\\Router->dispatchToRoute()
#35 /var/www/gpdsgame/vendor/laravel/framework/src/Illuminate/Foundation/Http/Kernel.php(201): Illuminate\\Routing\\Router->dispatch()
#36 /var/www/gpdsgame/vendor/laravel/framework/src/Illuminate/Pipeline/Pipeline.php(170): Illuminate\\Foundation\\Http\\Kernel->Illuminate\\Foundation\\Http\\{closure}()
#37 /var/www/gpdsgame/vendor/laravel/framework/src/Illuminate/Foundation/Http/Middleware/TransformsRequest.php(21): Illuminate\\Pipeline\\Pipeline->Illuminate\\Pipeline\\{closure}()
#38 /var/www/gpdsgame/vendor/laravel/framework/src/Illuminate/Foundation/Http/Middleware/ConvertEmptyStringsToNull.php(31): Illuminate\\Foundation\\Http\\Middleware\\TransformsRequest->handle()
#39 /var/www/gpdsgame/vendor/laravel/framework/src/Illuminate/Pipeline/Pipeline.php(209): Illuminate\\Foundation\\Http\\Middleware\\ConvertEmptyStringsToNull->handle()
#40 /var/www/gpdsgame/vendor/laravel/framework/src/Illuminate/Foundation/Http/Middleware/TransformsRequest.php(21): Illuminate\\Pipeline\\Pipeline->Illuminate\\Pipeline\\{closure}()
#41 /var/www/gpdsgame/vendor/laravel/framework/src/Illuminate/Foundation/Http/Middleware/TrimStrings.php(51): Illuminate\\Foundation\\Http\\Middleware\\TransformsRequest->handle()
#42 /var/www/gpdsgame/vendor/laravel/framework/src/Illuminate/Pipeline/Pipeline.php(209): Illuminate\\Foundation\\Http\\Middleware\\TrimStrings->handle()
#43 /var/www/gpdsgame/vendor/laravel/framework/src/Illuminate/Http/Middleware/ValidatePostSize.php(27): Illuminate\\Pipeline\\Pipeline->Illuminate\\Pipeline\\{closure}()
#44 /var/www/gpdsgame/vendor/laravel/framework/src/Illuminate/Pipeline/Pipeline.php(209): Illuminate\\Http\\Middleware\\ValidatePostSize->handle()
#45 /var/www/gpdsgame/vendor/laravel/framework/src/Illuminate/Foundation/Http/Middleware/PreventRequestsDuringMaintenance.php(110): Illuminate\\Pipeline\\Pipeline->Illuminate\\Pipeline\\{closure}()
#46 /var/www/gpdsgame/vendor/laravel/framework/src/Illuminate/Pipeline/Pipeline.php(209): Illuminate\\Foundation\\Http\\Middleware\\PreventRequestsDuringMaintenance->handle()
#47 /var/www/gpdsgame/vendor/laravel/framework/src/Illuminate/Http/Middleware/HandleCors.php(49): Illuminate\\Pipeline\\Pipeline->Illuminate\\Pipeline\\{closure}()
#48 /var/www/gpdsgame/vendor/laravel/framework/src/Illuminate/Pipeline/Pipeline.php(209): Illuminate\\Http\\Middleware\\HandleCors->handle()
#49 /var/www/gpdsgame/vendor/laravel/framework/src/Illuminate/Http/Middleware/TrustProxies.php(58): Illuminate\\Pipeline\\Pipeline->Illuminate\\Pipeline\\{closure}()
#50 /var/www/gpdsgame/vendor/laravel/framework/src/Illuminate/Pipeline/Pipeline.php(209): Illuminate\\Http\\Middleware\\TrustProxies->handle()
#51 /var/www/gpdsgame/vendor/laravel/framework/src/Illuminate/Foundation/Http/Middleware/InvokeDeferredCallbacks.php(22): Illuminate\\Pipeline\\Pipeline->Illuminate\\Pipeline\\{closure}()
#52 /var/www/gpdsgame/vendor/laravel/framework/src/Illuminate/Pipeline/Pipeline.php(209): Illuminate\\Foundation\\Http\\Middleware\\InvokeDeferredCallbacks->handle()
#53 /var/www/gpdsgame/app/Http/Middleware/CheckBanned.php(23): Illuminate\\Pipeline\\Pipeline->Illuminate\\Pipeline\\{closure}()
#54 /var/www/gpdsgame/vendor/laravel/framework/src/Illuminate/Pipeline/Pipeline.php(209): App\\Http\\Middleware\\CheckBanned->handle()
#55 /var/www/gpdsgame/app/Http/Middleware/CheckBannedIp.php(24): Illuminate\\Pipeline\\Pipeline->Illuminate\\Pipeline\\{closure}()
#56 /var/www/gpdsgame/vendor/laravel/framework/src/Illuminate/Pipeline/Pipeline.php(209): App\\Http\\Middleware\\CheckBannedIp->handle()
#57 /var/www/gpdsgame/vendor/laravel/framework/src/Illuminate/Pipeline/Pipeline.php(127): Illuminate\\Pipeline\\Pipeline->Illuminate\\Pipeline\\{closure}()
#58 /var/www/gpdsgame/vendor/laravel/framework/src/Illuminate/Foundation/Http/Kernel.php(176): Illuminate\\Pipeline\\Pipeline->then()
#59 /var/www/gpdsgame/vendor/laravel/framework/src/Illuminate/Foundation/Http/Kernel.php(145): Illuminate\\Foundation\\Http\\Kernel->sendRequestThroughRouter()
#60 /var/www/gpdsgame/public/index.php(57): Illuminate\\Foundation\\Http\\Kernel->handle()
#61 {main}

[previous exception] [object] (ErrorException(code: 0): Array to string conversion at /var/www/gpdsgame/app/Models/Order.php:194)
[stacktrace]
#0 /var/www/gpdsgame/vendor/laravel/framework/src/Illuminate/Foundation/Bootstrap/HandleExceptions.php(258): Illuminate\\Foundation\\Bootstrap\\HandleExceptions->handleError()
#1 /var/www/gpdsgame/app/Models/Order.php(194): Illuminate\\Foundation\\Bootstrap\\HandleExceptions->Illuminate\\Foundation\\Bootstrap\\{closure}()
#2 /var/www/gpdsgame/vendor/laravel/framework/src/Illuminate/Database/Eloquent/Concerns/HasAttributes.php(700): App\\Models\\Order->getAdditionalInformationHtmlAttribute()
#3 /var/www/gpdsgame/vendor/laravel/framework/src/Illuminate/Database/Eloquent/Concerns/HasAttributes.php(2224): Illuminate\\Database\\Eloquent\\Model->mutateAttribute()
#4 /var/www/gpdsgame/vendor/laravel/framework/src/Illuminate/Database/Eloquent/Concerns/HasAttributes.php(520): Illuminate\\Database\\Eloquent\\Model->transformModelValue()
#5 /var/www/gpdsgame/vendor/laravel/framework/src/Illuminate/Database/Eloquent/Concerns/HasAttributes.php(474): Illuminate\\Database\\Eloquent\\Model->getAttributeValue()
#6 /var/www/gpdsgame/vendor/laravel/framework/src/Illuminate/Database/Eloquent/Model.php(2260): Illuminate\\Database\\Eloquent\\Model->getAttribute()
#7 /var/www/gpdsgame/storage/framework/views/4f671148a5697ba1ed62ef7d9da24176.php(117): Illuminate\\Database\\Eloquent\\Model->__get()
#8 /var/www/gpdsgame/vendor/laravel/framework/src/Illuminate/Filesystem/Filesystem.php(123): require('...')
#9 /var/www/gpdsgame/vendor/laravel/framework/src/Illuminate/Filesystem/Filesystem.php(124): Illuminate\\Filesystem\\Filesystem::Illuminate\\Filesystem\\{closure}()
#10 /var/www/gpdsgame/vendor/laravel/framework/src/Illuminate/View/Engines/PhpEngine.php(58): Illuminate\\Filesystem\\Filesystem->getRequire()
#11 /var/www/gpdsgame/vendor/laravel/framework/src/Illuminate/View/Engines/CompilerEngine.php(75): Illuminate\\View\\Engines\\PhpEngine->evaluatePath()
#12 /var/www/gpdsgame/vendor/laravel/framework/src/Illuminate/View/View.php(209): Illuminate\\View\\Engines\\CompilerEngine->get()
#13 /var/www/gpdsgame/vendor/laravel/framework/src/Illuminate/View/View.php(192): Illuminate\\View\\View->getContents()
#14 /var/www/gpdsgame/vendor/laravel/framework/src/Illuminate/View/View.php(161): Illuminate\\View\\View->renderContents()
#15 /var/www/gpdsgame/vendor/laravel/framework/src/Illuminate/Http/Response.php(79): Illuminate\\View\\View->render()
#16 /var/www/gpdsgame/vendor/laravel/framework/src/Illuminate/Http/Response.php(35): Illuminate\\Http\\Response->setContent()
#17 /var/www/gpdsgame/vendor/laravel/framework/src/Illuminate/Routing/Router.php(920): Illuminate\\Http\\Response->__construct()
#18 /var/www/gpdsgame/vendor/laravel/framework/src/Illuminate/Routing/Router.php(887): Illuminate\\Routing\\Router::toResponse()
#19 /var/www/gpdsgame/vendor/laravel/framework/src/Illuminate/Routing/Router.php(807): Illuminate\\Routing\\Router->prepareResponse()
#20 /var/www/gpdsgame/vendor/laravel/framework/src/Illuminate/Pipeline/Pipeline.php(170): Illuminate\\Routing\\Router->Illuminate\\Routing\\{closure}()
#21 /var/www/gpdsgame/vendor/spatie/laravel-permission/src/Middleware/PermissionMiddleware.php(37): Illuminate\\Pipeline\\Pipeline->Illuminate\\Pipeline\\{closure}()
#22 /var/www/gpdsgame/vendor/laravel/framework/src/Illuminate/Pipeline/Pipeline.php(209): Spatie\\Permission\\Middleware\\PermissionMiddleware->handle()
#23 /var/www/gpdsgame/app/Http/Middleware/EnsureNotCustomer.php(32): Illuminate\\Pipeline\\Pipeline->Illuminate\\Pipeline\\{closure}()
#24 /var/www/gpdsgame/vendor/laravel/framework/src/Illuminate/Pipeline/Pipeline.php(209): App\\Http\\Middleware\\EnsureNotCustomer->handle()
#25 /var/www/gpdsgame/vendor/laravel/framework/src/Illuminate/Routing/Middleware/SubstituteBindings.php(51): Illuminate\\Pipeline\\Pipeline->Illuminate\\Pipeline\\{closure}()
#26 /var/www/gpdsgame/vendor/laravel/framework/src/Illuminate/Pipeline/Pipeline.php(209): Illuminate\\Routing\\Middleware\\SubstituteBindings->handle()
#27 /var/www/gpdsgame/vendor/laravel/framework/src/Illuminate/Auth/Middleware/Authenticate.php(64): Illuminate\\Pipeline\\Pipeline->Illuminate\\Pipeline\\{closure}()
#28 /var/www/gpdsgame/vendor/laravel/framework/src/Illuminate/Pipeline/Pipeline.php(209): Illuminate\\Auth\\Middleware\\Authenticate->handle()
#29 /var/www/gpdsgame/vendor/laravel/framework/src/Illuminate/Foundation/Http/Middleware/VerifyCsrfToken.php(88): Illuminate\\Pipeline\\Pipeline->Illuminate\\Pipeline\\{closure}()
#30 /var/www/gpdsgame/vendor/laravel/framework/src/Illuminate/Pipeline/Pipeline.php(209): Illuminate\\Foundation\\Http\\Middleware\\VerifyCsrfToken->handle()
#31 /var/www/gpdsgame/vendor/laravel/framework/src/Illuminate/View/Middleware/ShareErrorsFromSession.php(49): Illuminate\\Pipeline\\Pipeline->Illuminate\\Pipeline\\{closure}()
#32 /var/www/gpdsgame/vendor/laravel/framework/src/Illuminate/Pipeline/Pipeline.php(209): Illuminate\\View\\Middleware\\ShareErrorsFromSession->handle()
#33 /var/www/gpdsgame/vendor/laravel/framework/src/Illuminate/Session/Middleware/StartSession.php(121): Illuminate\\Pipeline\\Pipeline->Illuminate\\Pipeline\\{closure}()
#34 /var/www/gpdsgame/vendor/laravel/framework/src/Illuminate/Session/Middleware/StartSession.php(64): Illuminate\\Session\\Middleware\\StartSession->handleStatefulRequest()
#35 /var/www/gpdsgame/vendor/laravel/framework/src/Illuminate/Pipeline/Pipeline.php(209): Illuminate\\Session\\Middleware\\StartSession->handle()
#36 /var/www/gpdsgame/vendor/laravel/framework/src/Illuminate/Cookie/Middleware/AddQueuedCookiesToResponse.php(37): Illuminate\\Pipeline\\Pipeline->Illuminate\\Pipeline\\{closure}()
#37 /var/www/gpdsgame/vendor/laravel/framework/src/Illuminate/Pipeline/Pipeline.php(209): Illuminate\\Cookie\\Middleware\\AddQueuedCookiesToResponse->handle()
#38 /var/www/gpdsgame/vendor/laravel/framework/src/Illuminate/Cookie/Middleware/EncryptCookies.php(75): Illuminate\\Pipeline\\Pipeline->Illuminate\\Pipeline\\{closure}()
#39 /var/www/gpdsgame/vendor/laravel/framework/src/Illuminate/Pipeline/Pipeline.php(209): Illuminate\\Cookie\\Middleware\\EncryptCookies->handle()
#40 /var/www/gpdsgame/vendor/laravel/framework/src/Illuminate/Pipeline/Pipeline.php(127): Illuminate\\Pipeline\\Pipeline->Illuminate\\Pipeline\\{closure}()
#41 /var/www/gpdsgame/vendor/laravel/framework/src/Illuminate/Routing/Router.php(807): Illuminate\\Pipeline\\Pipeline->then()
#42 /var/www/gpdsgame/vendor/laravel/framework/src/Illuminate/Routing/Router.php(786): Illuminate\\Routing\\Router->runRouteWithinStack()
#43 /var/www/gpdsgame/vendor/laravel/framework/src/Illuminate/Routing/Router.php(750): Illuminate\\Routing\\Router->runRoute()
#44 /var/www/gpdsgame/vendor/laravel/framework/src/Illuminate/Routing/Router.php(739): Illuminate\\Routing\\Router->dispatchToRoute()
#45 /var/www/gpdsgame/vendor/laravel/framework/src/Illuminate/Foundation/Http/Kernel.php(201): Illuminate\\Routing\\Router->dispatch()
#46 /var/www/gpdsgame/vendor/laravel/framework/src/Illuminate/Pipeline/Pipeline.php(170): Illuminate\\Foundation\\Http\\Kernel->Illuminate\\Foundation\\Http\\{closure}()
#47 /var/www/gpdsgame/vendor/laravel/framework/src/Illuminate/Foundation/Http/Middleware/TransformsRequest.php(21): Illuminate\\Pipeline\\Pipeline->Illuminate\\Pipeline\\{closure}()
#48 /var/www/gpdsgame/vendor/laravel/framework/src/Illuminate/Foundation/Http/Middleware/ConvertEmptyStringsToNull.php(31): Illuminate\\Foundation\\Http\\Middleware\\TransformsRequest->handle()
#49 /var/www/gpdsgame/vendor/laravel/framework/src/Illuminate/Pipeline/Pipeline.php(209): Illuminate\\Foundation\\Http\\Middleware\\ConvertEmptyStringsToNull->handle()
#50 /var/www/gpdsgame/vendor/laravel/framework/src/Illuminate/Foundation/Http/Middleware/TransformsRequest.php(21): Illuminate\\Pipeline\\Pipeline->Illuminate\\Pipeline\\{closure}()
#51 /var/www/gpdsgame/vendor/laravel/framework/src/Illuminate/Foundation/Http/Middleware/TrimStrings.php(51): Illuminate\\Foundation\\Http\\Middleware\\TransformsRequest->handle()
#52 /var/www/gpdsgame/vendor/laravel/framework/src/Illuminate/Pipeline/Pipeline.php(209): Illuminate\\Foundation\\Http\\Middleware\\TrimStrings->handle()
#53 /var/www/gpdsgame/vendor/laravel/framework/src/Illuminate/Http/Middleware/ValidatePostSize.php(27): Illuminate\\Pipeline\\Pipeline->Illuminate\\Pipeline\\{closure}()
#54 /var/www/gpdsgame/vendor/laravel/framework/src/Illuminate/Pipeline/Pipeline.php(209): Illuminate\\Http\\Middleware\\ValidatePostSize->handle()
#55 /var/www/gpdsgame/vendor/laravel/framework/src/Illuminate/Foundation/Http/Middleware/PreventRequestsDuringMaintenance.php(110): Illuminate\\Pipeline\\Pipeline->Illuminate\\Pipeline\\{closure}()
#56 /var/www/gpdsgame/vendor/laravel/framework/src/Illuminate/Pipeline/Pipeline.php(209): Illuminate\\Foundation\\Http\\Middleware\\PreventRequestsDuringMaintenance->handle()
#57 /var/www/gpdsgame/vendor/laravel/framework/src/Illuminate/Http/Middleware/HandleCors.php(49): Illuminate\\Pipeline\\Pipeline->Illuminate\\Pipeline\\{closure}()
#58 /var/www/gpdsgame/vendor/laravel/framework/src/Illuminate/Pipeline/Pipeline.php(209): Illuminate\\Http\\Middleware\\HandleCors->handle()
#59 /var/www/gpdsgame/vendor/laravel/framework/src/Illuminate/Http/Middleware/TrustProxies.php(58): Illuminate\\Pipeline\\Pipeline->Illuminate\\Pipeline\\{closure}()
#60 /var/www/gpdsgame/vendor/laravel/framework/src/Illuminate/Pipeline/Pipeline.php(209): Illuminate\\Http\\Middleware\\TrustProxies->handle()
#61 /var/www/gpdsgame/vendor/laravel/framework/src/Illuminate/Foundation/Http/Middleware/InvokeDeferredCallbacks.php(22): Illuminate\\Pipeline\\Pipeline->Illuminate\\Pipeline\\{closure}()
#62 /var/www/gpdsgame/vendor/laravel/framework/src/Illuminate/Pipeline/Pipeline.php(209): Illuminate\\Foundation\\Http\\Middleware\\InvokeDeferredCallbacks->handle()
#63 /var/www/gpdsgame/app/Http/Middleware/CheckBanned.php(23): Illuminate\\Pipeline\\Pipeline->Illuminate\\Pipeline\\{closure}()
#64 /var/www/gpdsgame/vendor/laravel/framework/src/Illuminate/Pipeline/Pipeline.php(209): App\\Http\\Middleware\\CheckBanned->handle()
#65 /var/www/gpdsgame/app/Http/Middleware/CheckBannedIp.php(24): Illuminate\\Pipeline\\Pipeline->Illuminate\\Pipeline\\{closure}()
#66 /var/www/gpdsgame/vendor/laravel/framework/src/Illuminate/Pipeline/Pipeline.php(209): App\\Http\\Middleware\\CheckBannedIp->handle()
#67 /var/www/gpdsgame/vendor/laravel/framework/src/Illuminate/Pipeline/Pipeline.php(127): Illuminate\\Pipeline\\Pipeline->Illuminate\\Pipeline\\{closure}()
#68 /var/www/gpdsgame/vendor/laravel/framework/src/Illuminate/Foundation/Http/Kernel.php(176): Illuminate\\Pipeline\\Pipeline->then()
#69 /var/www/gpdsgame/vendor/laravel/framework/src/Illuminate/Foundation/Http/Kernel.php(145): Illuminate\\Foundation\\Http\\Kernel->sendRequestThroughRouter()
#70 /var/www/gpdsgame/public/index.php(57): Illuminate\\Foundation\\Http\\Kernel->handle()
#71 {main}
"} 
[2026-01-18 04:22:53] production.ERROR: Array to string conversion (View: /var/www/gpdsgame/resources/views/orders/show.blade.php) {"userId":3364,"exception":"[object] (Illuminate\\View\\ViewException(code: 0): Array to string conversion (View: /var/www/gpdsgame/resources/views/orders/show.blade.php) at /var/www/gpdsgame/app/Models/Order.php:194)
[stacktrace]
#0 /var/www/gpdsgame/vendor/laravel/framework/src/Illuminate/View/Engines/PhpEngine.php(60): Illuminate\\View\\Engines\\CompilerEngine->handleViewException()
#1 /var/www/gpdsgame/vendor/laravel/framework/src/Illuminate/View/Engines/CompilerEngine.php(75): Illuminate\\View\\Engines\\PhpEngine->evaluatePath()
#2 /var/www/gpdsgame/vendor/laravel/framework/src/Illuminate/View/View.php(209): Illuminate\\View\\Engines\\CompilerEngine->get()
#3 /var/www/gpdsgame/vendor/laravel/framework/src/Illuminate/View/View.php(192): Illuminate\\View\\View->getContents()
#4 /var/www/gpdsgame/vendor/laravel/framework/src/Illuminate/View/View.php(161): Illuminate\\View\\View->renderContents()
#5 /var/www/gpdsgame/vendor/laravel/framework/src/Illuminate/Http/Response.php(79): Illuminate\\View\\View->render()
#6 /var/www/gpdsgame/vendor/laravel/framework/src/Illuminate/Http/Response.php(35): Illuminate\\Http\\Response->setContent()
#7 /var/www/gpdsgame/vendor/laravel/framework/src/Illuminate/Routing/Router.php(920): Illuminate\\Http\\Response->__construct()
#8 /var/www/gpdsgame/vendor/laravel/framework/src/Illuminate/Routing/Router.php(887): Illuminate\\Routing\\Router::toResponse()
#9 /var/www/gpdsgame/vendor/laravel/framework/src/Illuminate/Routing/Router.php(807): Illuminate\\Routing\\Router->prepareResponse()
#10 /var/www/gpdsgame/vendor/laravel/framework/src/Illuminate/Pipeline/Pipeline.php(170): Illuminate\\Routing\\Router->Illuminate\\Routing\\{closure}()
#11 /var/www/gpdsgame/vendor/spatie/laravel-permission/src/Middleware/PermissionMiddleware.php(37): Illuminate\\Pipeline\\Pipeline->Illuminate\\Pipeline\\{closure}()
#12 /var/www/gpdsgame/vendor/laravel/framework/src/Illuminate/Pipeline/Pipeline.php(209): Spatie\\Permission\\Middleware\\PermissionMiddleware->handle()
#13 /var/www/gpdsgame/app/Http/Middleware/EnsureNotCustomer.php(32): Illuminate\\Pipeline\\Pipeline->Illuminate\\Pipeline\\{closure}()
#14 /var/www/gpdsgame/vendor/laravel/framework/src/Illuminate/Pipeline/Pipeline.php(209): App\\Http\\Middleware\\EnsureNotCustomer->handle()
#15 /var/www/gpdsgame/vendor/laravel/framework/src/Illuminate/Routing/Middleware/SubstituteBindings.php(51): Illuminate\\Pipeline\\Pipeline->Illuminate\\Pipeline\\{closure}()
#16 /var/www/gpdsgame/vendor/laravel/framework/src/Illuminate/Pipeline/Pipeline.php(209): Illuminate\\Routing\\Middleware\\SubstituteBindings->handle()
#17 /var/www/gpdsgame/vendor/laravel/framework/src/Illuminate/Auth/Middleware/Authenticate.php(64): Illuminate\\Pipeline\\Pipeline->Illuminate\\Pipeline\\{closure}()
#18 /var/www/gpdsgame/vendor/laravel/framework/src/Illuminate/Pipeline/Pipeline.php(209): Illuminate\\Auth\\Middleware\\Authenticate->handle()
#19 /var/www/gpdsgame/vendor/laravel/framework/src/Illuminate/Foundation/Http/Middleware/VerifyCsrfToken.php(88): Illuminate\\Pipeline\\Pipeline->Illuminate\\Pipeline\\{closure}()
#20 /var/www/gpdsgame/vendor/laravel/framework/src/Illuminate/Pipeline/Pipeline.php(209): Illuminate\\Foundation\\Http\\Middleware\\VerifyCsrfToken->handle()
#21 /var/www/gpdsgame/vendor/laravel/framework/src/Illuminate/View/Middleware/ShareErrorsFromSession.php(49): Illuminate\\Pipeline\\Pipeline->Illuminate\\Pipeline\\{closure}()
#22 /var/www/gpdsgame/vendor/laravel/framework/src/Illuminate/Pipeline/Pipeline.php(209): Illuminate\\View\\Middleware\\ShareErrorsFromSession->handle()
#23 /var/www/gpdsgame/vendor/laravel/framework/src/Illuminate/Session/Middleware/StartSession.php(121): Illuminate\\Pipeline\\Pipeline->Illuminate\\Pipeline\\{closure}()
#24 /var/www/gpdsgame/vendor/laravel/framework/src/Illuminate/Session/Middleware/StartSession.php(64): Illuminate\\Session\\Middleware\\StartSession->handleStatefulRequest()
#25 /var/www/gpdsgame/vendor/laravel/framework/src/Illuminate/Pipeline/Pipeline.php(209): Illuminate\\Session\\Middleware\\StartSession->handle()
#26 /var/www/gpdsgame/vendor/laravel/framework/src/Illuminate/Cookie/Middleware/AddQueuedCookiesToResponse.php(37): Illuminate\\Pipeline\\Pipeline->Illuminate\\Pipeline\\{closure}()
#27 /var/www/gpdsgame/vendor/laravel/framework/src/Illuminate/Pipeline/Pipeline.php(209): Illuminate\\Cookie\\Middleware\\AddQueuedCookiesToResponse->handle()
#28 /var/www/gpdsgame/vendor/laravel/framework/src/Illuminate/Cookie/Middleware/EncryptCookies.php(75): Illuminate\\Pipeline\\Pipeline->Illuminate\\Pipeline\\{closure}()
#29 /var/www/gpdsgame/vendor/laravel/framework/src/Illuminate/Pipeline/Pipeline.php(209): Illuminate\\Cookie\\Middleware\\EncryptCookies->handle()
#30 /var/www/gpdsgame/vendor/laravel/framework/src/Illuminate/Pipeline/Pipeline.php(127): Illuminate\\Pipeline\\Pipeline->Illuminate\\Pipeline\\{closure}()
#31 /var/www/gpdsgame/vendor/laravel/framework/src/Illuminate/Routing/Router.php(807): Illuminate\\Pipeline\\Pipeline->then()
#32 /var/www/gpdsgame/vendor/laravel/framework/src/Illuminate/Routing/Router.php(786): Illuminate\\Routing\\Router->runRouteWithinStack()
#33 /var/www/gpdsgame/vendor/laravel/framework/src/Illuminate/Routing/Router.php(750): Illuminate\\Routing\\Router->runRoute()
#34 /var/www/gpdsgame/vendor/laravel/framework/src/Illuminate/Routing/Router.php(739): Illuminate\\Routing\\Router->dispatchToRoute()
#35 /var/www/gpdsgame/vendor/laravel/framework/src/Illuminate/Foundation/Http/Kernel.php(201): Illuminate\\Routing\\Router->dispatch()
#36 /var/www/gpdsgame/vendor/laravel/framework/src/Illuminate/Pipeline/Pipeline.php(170): Illuminate\\Foundation\\Http\\Kernel->Illuminate\\Foundation\\Http\\{closure}()
#37 /var/www/gpdsgame/vendor/laravel/framework/src/Illuminate/Foundation/Http/Middleware/TransformsRequest.php(21): Illuminate\\Pipeline\\Pipeline->Illuminate\\Pipeline\\{closure}()
#38 /var/www/gpdsgame/vendor/laravel/framework/src/Illuminate/Foundation/Http/Middleware/ConvertEmptyStringsToNull.php(31): Illuminate\\Foundation\\Http\\Middleware\\TransformsRequest->handle()
#39 /var/www/gpdsgame/vendor/laravel/framework/src/Illuminate/Pipeline/Pipeline.php(209): Illuminate\\Foundation\\Http\\Middleware\\ConvertEmptyStringsToNull->handle()
#40 /var/www/gpdsgame/vendor/laravel/framework/src/Illuminate/Foundation/Http/Middleware/TransformsRequest.php(21): Illuminate\\Pipeline\\Pipeline->Illuminate\\Pipeline\\{closure}()
#41 /var/www/gpdsgame/vendor/laravel/framework/src/Illuminate/Foundation/Http/Middleware/TrimStrings.php(51): Illuminate\\Foundation\\Http\\Middleware\\TransformsRequest->handle()
#42 /var/www/gpdsgame/vendor/laravel/framework/src/Illuminate/Pipeline/Pipeline.php(209): Illuminate\\Foundation\\Http\\Middleware\\TrimStrings->handle()
#43 /var/www/gpdsgame/vendor/laravel/framework/src/Illuminate/Http/Middleware/ValidatePostSize.php(27): Illuminate\\Pipeline\\Pipeline->Illuminate\\Pipeline\\{closure}()
#44 /var/www/gpdsgame/vendor/laravel/framework/src/Illuminate/Pipeline/Pipeline.php(209): Illuminate\\Http\\Middleware\\ValidatePostSize->handle()
#45 /var/www/gpdsgame/vendor/laravel/framework/src/Illuminate/Foundation/Http/Middleware/PreventRequestsDuringMaintenance.php(110): Illuminate\\Pipeline\\Pipeline->Illuminate\\Pipeline\\{closure}()
#46 /var/www/gpdsgame/vendor/laravel/framework/src/Illuminate/Pipeline/Pipeline.php(209): Illuminate\\Foundation\\Http\\Middleware\\PreventRequestsDuringMaintenance->handle()
#47 /var/www/gpdsgame/vendor/laravel/framework/src/Illuminate/Http/Middleware/HandleCors.php(49): Illuminate\\Pipeline\\Pipeline->Illuminate\\Pipeline\\{closure}()
#48 /var/www/gpdsgame/vendor/laravel/framework/src/Illuminate/Pipeline/Pipeline.php(209): Illuminate\\Http\\Middleware\\HandleCors->handle()
#49 /var/www/gpdsgame/vendor/laravel/framework/src/Illuminate/Http/Middleware/TrustProxies.php(58): Illuminate\\Pipeline\\Pipeline->Illuminate\\Pipeline\\{closure}()
#50 /var/www/gpdsgame/vendor/laravel/framework/src/Illuminate/Pipeline/Pipeline.php(209): Illuminate\\Http\\Middleware\\TrustProxies->handle()
#51 /var/www/gpdsgame/vendor/laravel/framework/src/Illuminate/Foundation/Http/Middleware/InvokeDeferredCallbacks.php(22): Illuminate\\Pipeline\\Pipeline->Illuminate\\Pipeline\\{closure}()
#52 /var/www/gpdsgame/vendor/laravel/framework/src/Illuminate/Pipeline/Pipeline.php(209): Illuminate\\Foundation\\Http\\Middleware\\InvokeDeferredCallbacks->handle()
#53 /var/www/gpdsgame/app/Http/Middleware/CheckBanned.php(23): Illuminate\\Pipeline\\Pipeline->Illuminate\\Pipeline\\{closure}()
#54 /var/www/gpdsgame/vendor/laravel/framework/src/Illuminate/Pipeline/Pipeline.php(209): App\\Http\\Middleware\\CheckBanned->handle()
#55 /var/www/gpdsgame/app/Http/Middleware/CheckBannedIp.php(24): Illuminate\\Pipeline\\Pipeline->Illuminate\\Pipeline\\{closure}()
#56 /var/www/gpdsgame/vendor/laravel/framework/src/Illuminate/Pipeline/Pipeline.php(209): App\\Http\\Middleware\\CheckBannedIp->handle()
#57 /var/www/gpdsgame/vendor/laravel/framework/src/Illuminate/Pipeline/Pipeline.php(127): Illuminate\\Pipeline\\Pipeline->Illuminate\\Pipeline\\{closure}()
#58 /var/www/gpdsgame/vendor/laravel/framework/src/Illuminate/Foundation/Http/Kernel.php(176): Illuminate\\Pipeline\\Pipeline->then()
#59 /var/www/gpdsgame/vendor/laravel/framework/src/Illuminate/Foundation/Http/Kernel.php(145): Illuminate\\Foundation\\Http\\Kernel->sendRequestThroughRouter()
#60 /var/www/gpdsgame/public/index.php(57): Illuminate\\Foundation\\Http\\Kernel->handle()
#61 {main}

[previous exception] [object] (ErrorException(code: 0): Array to string conversion at /var/www/gpdsgame/app/Models/Order.php:194)
[stacktrace]
#0 /var/www/gpdsgame/vendor/laravel/framework/src/Illuminate/Foundation/Bootstrap/HandleExceptions.php(258): Illuminate\\Foundation\\Bootstrap\\HandleExceptions->handleError()
#1 /var/www/gpdsgame/app/Models/Order.php(194): Illuminate\\Foundation\\Bootstrap\\HandleExceptions->Illuminate\\Foundation\\Bootstrap\\{closure}()
#2 /var/www/gpdsgame/vendor/laravel/framework/src/Illuminate/Database/Eloquent/Concerns/HasAttributes.php(700): App\\Models\\Order->getAdditionalInformationHtmlAttribute()
#3 /var/www/gpdsgame/vendor/laravel/framework/src/Illuminate/Database/Eloquent/Concerns/HasAttributes.php(2224): Illuminate\\Database\\Eloquent\\Model->mutateAttribute()
#4 /var/www/gpdsgame/vendor/laravel/framework/src/Illuminate/Database/Eloquent/Concerns/HasAttributes.php(520): Illuminate\\Database\\Eloquent\\Model->transformModelValue()
#5 /var/www/gpdsgame/vendor/laravel/framework/src/Illuminate/Database/Eloquent/Concerns/HasAttributes.php(474): Illuminate\\Database\\Eloquent\\Model->getAttributeValue()
#6 /var/www/gpdsgame/vendor/laravel/framework/src/Illuminate/Database/Eloquent/Model.php(2260): Illuminate\\Database\\Eloquent\\Model->getAttribute()
#7 /var/www/gpdsgame/storage/framework/views/4f671148a5697ba1ed62ef7d9da24176.php(117): Illuminate\\Database\\Eloquent\\Model->__get()
#8 /var/www/gpdsgame/vendor/laravel/framework/src/Illuminate/Filesystem/Filesystem.php(123): require('...')
#9 /var/www/gpdsgame/vendor/laravel/framework/src/Illuminate/Filesystem/Filesystem.php(124): Illuminate\\Filesystem\\Filesystem::Illuminate\\Filesystem\\{closure}()
#10 /var/www/gpdsgame/vendor/laravel/framework/src/Illuminate/View/Engines/PhpEngine.php(58): Illuminate\\Filesystem\\Filesystem->getRequire()
#11 /var/www/gpdsgame/vendor/laravel/framework/src/Illuminate/View/Engines/CompilerEngine.php(75): Illuminate\\View\\Engines\\PhpEngine->evaluatePath()
#12 /var/www/gpdsgame/vendor/laravel/framework/src/Illuminate/View/View.php(209): Illuminate\\View\\Engines\\CompilerEngine->get()
#13 /var/www/gpdsgame/vendor/laravel/framework/src/Illuminate/View/View.php(192): Illuminate\\View\\View->getContents()
#14 /var/www/gpdsgame/vendor/laravel/framework/src/Illuminate/View/View.php(161): Illuminate\\View\\View->renderContents()
#15 /var/www/gpdsgame/vendor/laravel/framework/src/Illuminate/Http/Response.php(79): Illuminate\\View\\View->render()
#16 /var/www/gpdsgame/vendor/laravel/framework/src/Illuminate/Http/Response.php(35): Illuminate\\Http\\Response->setContent()
#17 /var/www/gpdsgame/vendor/laravel/framework/src/Illuminate/Routing/Router.php(920): Illuminate\\Http\\Response->__construct()
#18 /var/www/gpdsgame/vendor/laravel/framework/src/Illuminate/Routing/Router.php(887): Illuminate\\Routing\\Router::toResponse()
#19 /var/www/gpdsgame/vendor/laravel/framework/src/Illuminate/Routing/Router.php(807): Illuminate\\Routing\\Router->prepareResponse()
#20 /var/www/gpdsgame/vendor/laravel/framework/src/Illuminate/Pipeline/Pipeline.php(170): Illuminate\\Routing\\Router->Illuminate\\Routing\\{closure}()
#21 /var/www/gpdsgame/vendor/spatie/laravel-permission/src/Middleware/PermissionMiddleware.php(37): Illuminate\\Pipeline\\Pipeline->Illuminate\\Pipeline\\{closure}()
#22 /var/www/gpdsgame/vendor/laravel/framework/src/Illuminate/Pipeline/Pipeline.php(209): Spatie\\Permission\\Middleware\\PermissionMiddleware->handle()
#23 /var/www/gpdsgame/app/Http/Middleware/EnsureNotCustomer.php(32): Illuminate\\Pipeline\\Pipeline->Illuminate\\Pipeline\\{closure}()
#24 /var/www/gpdsgame/vendor/laravel/framework/src/Illuminate/Pipeline/Pipeline.php(209): App\\Http\\Middleware\\EnsureNotCustomer->handle()
#25 /var/www/gpdsgame/vendor/laravel/framework/src/Illuminate/Routing/Middleware/SubstituteBindings.php(51): Illuminate\\Pipeline\\Pipeline->Illuminate\\Pipeline\\{closure}()
#26 /var/www/gpdsgame/vendor/laravel/framework/src/Illuminate/Pipeline/Pipeline.php(209): Illuminate\\Routing\\Middleware\\SubstituteBindings->handle()
#27 /var/www/gpdsgame/vendor/laravel/framework/src/Illuminate/Auth/Middleware/Authenticate.php(64): Illuminate\\Pipeline\\Pipeline->Illuminate\\Pipeline\\{closure}()
#28 /var/www/gpdsgame/vendor/laravel/framework/src/Illuminate/Pipeline/Pipeline.php(209): Illuminate\\Auth\\Middleware\\Authenticate->handle()
#29 /var/www/gpdsgame/vendor/laravel/framework/src/Illuminate/Foundation/Http/Middleware/VerifyCsrfToken.php(88): Illuminate\\Pipeline\\Pipeline->Illuminate\\Pipeline\\{closure}()
#30 /var/www/gpdsgame/vendor/laravel/framework/src/Illuminate/Pipeline/Pipeline.php(209): Illuminate\\Foundation\\Http\\Middleware\\VerifyCsrfToken->handle()
#31 /var/www/gpdsgame/vendor/laravel/framework/src/Illuminate/View/Middleware/ShareErrorsFromSession.php(49): Illuminate\\Pipeline\\Pipeline->Illuminate\\Pipeline\\{closure}()
#32 /var/www/gpdsgame/vendor/laravel/framework/src/Illuminate/Pipeline/Pipeline.php(209): Illuminate\\View\\Middleware\\ShareErrorsFromSession->handle()
#33 /var/www/gpdsgame/vendor/laravel/framework/src/Illuminate/Session/Middleware/StartSession.php(121): Illuminate\\Pipeline\\Pipeline->Illuminate\\Pipeline\\{closure}()
#34 /var/www/gpdsgame/vendor/laravel/framework/src/Illuminate/Session/Middleware/StartSession.php(64): Illuminate\\Session\\Middleware\\StartSession->handleStatefulRequest()
#35 /var/www/gpdsgame/vendor/laravel/framework/src/Illuminate/Pipeline/Pipeline.php(209): Illuminate\\Session\\Middleware\\StartSession->handle()
#36 /var/www/gpdsgame/vendor/laravel/framework/src/Illuminate/Cookie/Middleware/AddQueuedCookiesToResponse.php(37): Illuminate\\Pipeline\\Pipeline->Illuminate\\Pipeline\\{closure}()
#37 /var/www/gpdsgame/vendor/laravel/framework/src/Illuminate/Pipeline/Pipeline.php(209): Illuminate\\Cookie\\Middleware\\AddQueuedCookiesToResponse->handle()
#38 /var/www/gpdsgame/vendor/laravel/framework/src/Illuminate/Cookie/Middleware/EncryptCookies.php(75): Illuminate\\Pipeline\\Pipeline->Illuminate\\Pipeline\\{closure}()
#39 /var/www/gpdsgame/vendor/laravel/framework/src/Illuminate/Pipeline/Pipeline.php(209): Illuminate\\Cookie\\Middleware\\EncryptCookies->handle()
#40 /var/www/gpdsgame/vendor/laravel/framework/src/Illuminate/Pipeline/Pipeline.php(127): Illuminate\\Pipeline\\Pipeline->Illuminate\\Pipeline\\{closure}()
#41 /var/www/gpdsgame/vendor/laravel/framework/src/Illuminate/Routing/Router.php(807): Illuminate\\Pipeline\\Pipeline->then()
#42 /var/www/gpdsgame/vendor/laravel/framework/src/Illuminate/Routing/Router.php(786): Illuminate\\Routing\\Router->runRouteWithinStack()
#43 /var/www/gpdsgame/vendor/laravel/framework/src/Illuminate/Routing/Router.php(750): Illuminate\\Routing\\Router->runRoute()
#44 /var/www/gpdsgame/vendor/laravel/framework/src/Illuminate/Routing/Router.php(739): Illuminate\\Routing\\Router->dispatchToRoute()
#45 /var/www/gpdsgame/vendor/laravel/framework/src/Illuminate/Foundation/Http/Kernel.php(201): Illuminate\\Routing\\Router->dispatch()
#46 /var/www/gpdsgame/vendor/laravel/framework/src/Illuminate/Pipeline/Pipeline.php(170): Illuminate\\Foundation\\Http\\Kernel->Illuminate\\Foundation\\Http\\{closure}()
#47 /var/www/gpdsgame/vendor/laravel/framework/src/Illuminate/Foundation/Http/Middleware/TransformsRequest.php(21): Illuminate\\Pipeline\\Pipeline->Illuminate\\Pipeline\\{closure}()
#48 /var/www/gpdsgame/vendor/laravel/framework/src/Illuminate/Foundation/Http/Middleware/ConvertEmptyStringsToNull.php(31): Illuminate\\Foundation\\Http\\Middleware\\TransformsRequest->handle()
#49 /var/www/gpdsgame/vendor/laravel/framework/src/Illuminate/Pipeline/Pipeline.php(209): Illuminate\\Foundation\\Http\\Middleware\\ConvertEmptyStringsToNull->handle()
#50 /var/www/gpdsgame/vendor/laravel/framework/src/Illuminate/Foundation/Http/Middleware/TransformsRequest.php(21): Illuminate\\Pipeline\\Pipeline->Illuminate\\Pipeline\\{closure}()
#51 /var/www/gpdsgame/vendor/laravel/framework/src/Illuminate/Foundation/Http/Middleware/TrimStrings.php(51): Illuminate\\Foundation\\Http\\Middleware\\TransformsRequest->handle()
#52 /var/www/gpdsgame/vendor/laravel/framework/src/Illuminate/Pipeline/Pipeline.php(209): Illuminate\\Foundation\\Http\\Middleware\\TrimStrings->handle()
#53 /var/www/gpdsgame/vendor/laravel/framework/src/Illuminate/Http/Middleware/ValidatePostSize.php(27): Illuminate\\Pipeline\\Pipeline->Illuminate\\Pipeline\\{closure}()
#54 /var/www/gpdsgame/vendor/laravel/framework/src/Illuminate/Pipeline/Pipeline.php(209): Illuminate\\Http\\Middleware\\ValidatePostSize->handle()
#55 /var/www/gpdsgame/vendor/laravel/framework/src/Illuminate/Foundation/Http/Middleware/PreventRequestsDuringMaintenance.php(110): Illuminate\\Pipeline\\Pipeline->Illuminate\\Pipeline\\{closure}()
#56 /var/www/gpdsgame/vendor/laravel/framework/src/Illuminate/Pipeline/Pipeline.php(209): Illuminate\\Foundation\\Http\\Middleware\\PreventRequestsDuringMaintenance->handle()
#57 /var/www/gpdsgame/vendor/laravel/framework/src/Illuminate/Http/Middleware/HandleCors.php(49): Illuminate\\Pipeline\\Pipeline->Illuminate\\Pipeline\\{closure}()
#58 /var/www/gpdsgame/vendor/laravel/framework/src/Illuminate/Pipeline/Pipeline.php(209): Illuminate\\Http\\Middleware\\HandleCors->handle()
#59 /var/www/gpdsgame/vendor/laravel/framework/src/Illuminate/Http/Middleware/TrustProxies.php(58): Illuminate\\Pipeline\\Pipeline->Illuminate\\Pipeline\\{closure}()
#60 /var/www/gpdsgame/vendor/laravel/framework/src/Illuminate/Pipeline/Pipeline.php(209): Illuminate\\Http\\Middleware\\TrustProxies->handle()
#61 /var/www/gpdsgame/vendor/laravel/framework/src/Illuminate/Foundation/Http/Middleware/InvokeDeferredCallbacks.php(22): Illuminate\\Pipeline\\Pipeline->Illuminate\\Pipeline\\{closure}()
#62 /var/www/gpdsgame/vendor/laravel/framework/src/Illuminate/Pipeline/Pipeline.php(209): Illuminate\\Foundation\\Http\\Middleware\\InvokeDeferredCallbacks->handle()
#63 /var/www/gpdsgame/app/Http/Middleware/CheckBanned.php(23): Illuminate\\Pipeline\\Pipeline->Illuminate\\Pipeline\\{closure}()
#64 /var/www/gpdsgame/vendor/laravel/framework/src/Illuminate/Pipeline/Pipeline.php(209): App\\Http\\Middleware\\CheckBanned->handle()
#65 /var/www/gpdsgame/app/Http/Middleware/CheckBannedIp.php(24): Illuminate\\Pipeline\\Pipeline->Illuminate\\Pipeline\\{closure}()
#66 /var/www/gpdsgame/vendor/laravel/framework/src/Illuminate/Pipeline/Pipeline.php(209): App\\Http\\Middleware\\CheckBannedIp->handle()
#67 /var/www/gpdsgame/vendor/laravel/framework/src/Illuminate/Pipeline/Pipeline.php(127): Illuminate\\Pipeline\\Pipeline->Illuminate\\Pipeline\\{closure}()
#68 /var/www/gpdsgame/vendor/laravel/framework/src/Illuminate/Foundation/Http/Kernel.php(176): Illuminate\\Pipeline\\Pipeline->then()
#69 /var/www/gpdsgame/vendor/laravel/framework/src/Illuminate/Foundation/Http/Kernel.php(145): Illuminate\\Foundation\\Http\\Kernel->sendRequestThroughRouter()
#70 /var/www/gpdsgame/public/index.php(57): Illuminate\\Foundation\\Http\\Kernel->handle()
#71 {main}
"} 
[2026-01-18 04:27:58] production.WARNING: MPay Callback Received {"amount":"10100","code":200,"createTimeL":1768685246745,"customerBank":"InstaPay","customerEmail":"chanhalzkie@yahoo.com","customerName":"Chanhalzkie","customerPhone":"09772439401","endToEndId":"253930","fee":"151.5","merchantOrderId":"GPDS260118938FC","msg":"PAID","orderId":"1101462317442118791168","payType":"110","payUrl":"https://ibanking.phmpay.com/checkout-page/gsafe.html?urlSid=1101462317442118791168&payload=eyJhY3FJbmZvIjoiNzc3MTQ4MDAwMDAwMTM3Iiwic2hvcElkIjoiMzI5NDgxNDE3NzU5MjIwNCIsInRmcmJua2NvZGUiOiJPUERWUEhNMVhYWCIsIm9yZGVyQW1vdW50IjoiMTAxLjAwIiwibWVyY2hhbnROYW1lIjoiR1BEUyBHQU1FIFNIT1AiLCJtZXJjaGFudENpdHkiOiJDaXR5IE9mIE1ha2F0aSIsInRmckFjY3RObyI6IjMyOTQ4MTQxNzc1OTIyMDQiLCJxckNvZGUiOiIwMDAyMDEwMTAyMTIyODc2MDAxMXBoLnBwbWkucDJtMDExMU9QRFZQSE0xWFhYMDMxNTc3NzE0ODAwMDAwMDEzNzA0MTYzMjk0ODE0MTc3NTkyMjA0MDUwMzAwMTUyMDQ1ODE2NTMwMzYwODU0MDYxMDEuMDA1ODAyUEg1OTE0R1BEUytHQU1FK1NIT1A2MDE0Q2l0eStPZitNYWthdGk2MjQwMDAxMHBoLmFsbGJhbmswNTIyMTEwMTQ2MjMxNzQ0MjExODc5MTE2ODg4MzEwMDEycGgucHBtaS5xcnBoMDExMU9QRFZQSE0xWFhYNjMwNDZFOUQiLCJtZXJjaGFudElkIjoiMjE3MDIwMDAwMTE5MTk5MjUxOTk4IiwiYml6Tm8iOiJudWxsIiwicXJDb2RlRm9ybWF0IjoiRU1WQ08iLCJjbGllbnRJZCI6IjIwMjMwNjI5MTYwNjU1MDUzOTQyMDgiLCJzdWIiOiJwMm1wYXkiLCJsdWNreSI6ImZhbHNlIiwicGFyYW0zIjoiOTk5NjAwMDUlN0VwaC5wcG1pLnAybSU3RSU3RSU3RTAwMSIsInBhcmFtNSI6Ijc3NzE0ODAwMDAwMDEzNyU3RSU3RSU3RTExMDE0NjIzMTc0NDIxMTg3OTExNjgifQ","realPayAmount":"10100","sign":"2530b5d4a0915aa8f3554b70da8f1b52","status":"01","traceId":"i121,i12011854a84231ed3b4826a163e0cc36ceccc4"} 
[2026-01-18 04:31:10] production.ERROR: Array to string conversion (View: /var/www/gpdsgame/resources/views/orders/show.blade.php) {"userId":3364,"exception":"[object] (Illuminate\\View\\ViewException(code: 0): Array to string conversion (View: /var/www/gpdsgame/resources/views/orders/show.blade.php) at /var/www/gpdsgame/app/Models/Order.php:194)
[stacktrace]
#0 /var/www/gpdsgame/vendor/laravel/framework/src/Illuminate/View/Engines/PhpEngine.php(60): Illuminate\\View\\Engines\\CompilerEngine->handleViewException()
#1 /var/www/gpdsgame/vendor/laravel/framework/src/Illuminate/View/Engines/CompilerEngine.php(75): Illuminate\\View\\Engines\\PhpEngine->evaluatePath()
#2 /var/www/gpdsgame/vendor/laravel/framework/src/Illuminate/View/View.php(209): Illuminate\\View\\Engines\\CompilerEngine->get()
#3 /var/www/gpdsgame/vendor/laravel/framework/src/Illuminate/View/View.php(192): Illuminate\\View\\View->getContents()
#4 /var/www/gpdsgame/vendor/laravel/framework/src/Illuminate/View/View.php(161): Illuminate\\View\\View->renderContents()
#5 /var/www/gpdsgame/vendor/laravel/framework/src/Illuminate/Http/Response.php(79): Illuminate\\View\\View->render()
#6 /var/www/gpdsgame/vendor/laravel/framework/src/Illuminate/Http/Response.php(35): Illuminate\\Http\\Response->setContent()
#7 /var/www/gpdsgame/vendor/laravel/framework/src/Illuminate/Routing/Router.php(920): Illuminate\\Http\\Response->__construct()
#8 /var/www/gpdsgame/vendor/laravel/framework/src/Illuminate/Routing/Router.php(887): Illuminate\\Routing\\Router::toResponse()
#9 /var/www/gpdsgame/vendor/laravel/framework/src/Illuminate/Routing/Router.php(807): Illuminate\\Routing\\Router->prepareResponse()
#10 /var/www/gpdsgame/vendor/laravel/framework/src/Illuminate/Pipeline/Pipeline.php(170): Illuminate\\Routing\\Router->Illuminate\\Routing\\{closure}()
#11 /var/www/gpdsgame/vendor/spatie/laravel-permission/src/Middleware/PermissionMiddleware.php(37): Illuminate\\Pipeline\\Pipeline->Illuminate\\Pipeline\\{closure}()
#12 /var/www/gpdsgame/vendor/laravel/framework/src/Illuminate/Pipeline/Pipeline.php(209): Spatie\\Permission\\Middleware\\PermissionMiddleware->handle()
#13 /var/www/gpdsgame/app/Http/Middleware/EnsureNotCustomer.php(32): Illuminate\\Pipeline\\Pipeline->Illuminate\\Pipeline\\{closure}()
#14 /var/www/gpdsgame/vendor/laravel/framework/src/Illuminate/Pipeline/Pipeline.php(209): App\\Http\\Middleware\\EnsureNotCustomer->handle()
#15 /var/www/gpdsgame/vendor/laravel/framework/src/Illuminate/Routing/Middleware/SubstituteBindings.php(51): Illuminate\\Pipeline\\Pipeline->Illuminate\\Pipeline\\{closure}()
#16 /var/www/gpdsgame/vendor/laravel/framework/src/Illuminate/Pipeline/Pipeline.php(209): Illuminate\\Routing\\Middleware\\SubstituteBindings->handle()
#17 /var/www/gpdsgame/vendor/laravel/framework/src/Illuminate/Auth/Middleware/Authenticate.php(64): Illuminate\\Pipeline\\Pipeline->Illuminate\\Pipeline\\{closure}()
#18 /var/www/gpdsgame/vendor/laravel/framework/src/Illuminate/Pipeline/Pipeline.php(209): Illuminate\\Auth\\Middleware\\Authenticate->handle()
#19 /var/www/gpdsgame/vendor/laravel/framework/src/Illuminate/Foundation/Http/Middleware/VerifyCsrfToken.php(88): Illuminate\\Pipeline\\Pipeline->Illuminate\\Pipeline\\{closure}()
#20 /var/www/gpdsgame/vendor/laravel/framework/src/Illuminate/Pipeline/Pipeline.php(209): Illuminate\\Foundation\\Http\\Middleware\\VerifyCsrfToken->handle()
#21 /var/www/gpdsgame/vendor/laravel/framework/src/Illuminate/View/Middleware/ShareErrorsFromSession.php(49): Illuminate\\Pipeline\\Pipeline->Illuminate\\Pipeline\\{closure}()
#22 /var/www/gpdsgame/vendor/laravel/framework/src/Illuminate/Pipeline/Pipeline.php(209): Illuminate\\View\\Middleware\\ShareErrorsFromSession->handle()
#23 /var/www/gpdsgame/vendor/laravel/framework/src/Illuminate/Session/Middleware/StartSession.php(121): Illuminate\\Pipeline\\Pipeline->Illuminate\\Pipeline\\{closure}()
#24 /var/www/gpdsgame/vendor/laravel/framework/src/Illuminate/Session/Middleware/StartSession.php(64): Illuminate\\Session\\Middleware\\StartSession->handleStatefulRequest()
#25 /var/www/gpdsgame/vendor/laravel/framework/src/Illuminate/Pipeline/Pipeline.php(209): Illuminate\\Session\\Middleware\\StartSession->handle()
#26 /var/www/gpdsgame/vendor/laravel/framework/src/Illuminate/Cookie/Middleware/AddQueuedCookiesToResponse.php(37): Illuminate\\Pipeline\\Pipeline->Illuminate\\Pipeline\\{closure}()
#27 /var/www/gpdsgame/vendor/laravel/framework/src/Illuminate/Pipeline/Pipeline.php(209): Illuminate\\Cookie\\Middleware\\AddQueuedCookiesToResponse->handle()
#28 /var/www/gpdsgame/vendor/laravel/framework/src/Illuminate/Cookie/Middleware/EncryptCookies.php(75): Illuminate\\Pipeline\\Pipeline->Illuminate\\Pipeline\\{closure}()
#29 /var/www/gpdsgame/vendor/laravel/framework/src/Illuminate/Pipeline/Pipeline.php(209): Illuminate\\Cookie\\Middleware\\EncryptCookies->handle()
#30 /var/www/gpdsgame/vendor/laravel/framework/src/Illuminate/Pipeline/Pipeline.php(127): Illuminate\\Pipeline\\Pipeline->Illuminate\\Pipeline\\{closure}()
#31 /var/www/gpdsgame/vendor/laravel/framework/src/Illuminate/Routing/Router.php(807): Illuminate\\Pipeline\\Pipeline->then()
#32 /var/www/gpdsgame/vendor/laravel/framework/src/Illuminate/Routing/Router.php(786): Illuminate\\Routing\\Router->runRouteWithinStack()
#33 /var/www/gpdsgame/vendor/laravel/framework/src/Illuminate/Routing/Router.php(750): Illuminate\\Routing\\Router->runRoute()
#34 /var/www/gpdsgame/vendor/laravel/framework/src/Illuminate/Routing/Router.php(739): Illuminate\\Routing\\Router->dispatchToRoute()
#35 /var/www/gpdsgame/vendor/laravel/framework/src/Illuminate/Foundation/Http/Kernel.php(201): Illuminate\\Routing\\Router->dispatch()
#36 /var/www/gpdsgame/vendor/laravel/framework/src/Illuminate/Pipeline/Pipeline.php(170): Illuminate\\Foundation\\Http\\Kernel->Illuminate\\Foundation\\Http\\{closure}()
#37 /var/www/gpdsgame/vendor/laravel/framework/src/Illuminate/Foundation/Http/Middleware/TransformsRequest.php(21): Illuminate\\Pipeline\\Pipeline->Illuminate\\Pipeline\\{closure}()
#38 /var/www/gpdsgame/vendor/laravel/framework/src/Illuminate/Foundation/Http/Middleware/ConvertEmptyStringsToNull.php(31): Illuminate\\Foundation\\Http\\Middleware\\TransformsRequest->handle()
#39 /var/www/gpdsgame/vendor/laravel/framework/src/Illuminate/Pipeline/Pipeline.php(209): Illuminate\\Foundation\\Http\\Middleware\\ConvertEmptyStringsToNull->handle()
#40 /var/www/gpdsgame/vendor/laravel/framework/src/Illuminate/Foundation/Http/Middleware/TransformsRequest.php(21): Illuminate\\Pipeline\\Pipeline->Illuminate\\Pipeline\\{closure}()
#41 /var/www/gpdsgame/vendor/laravel/framework/src/Illuminate/Foundation/Http/Middleware/TrimStrings.php(51): Illuminate\\Foundation\\Http\\Middleware\\TransformsRequest->handle()
#42 /var/www/gpdsgame/vendor/laravel/framework/src/Illuminate/Pipeline/Pipeline.php(209): Illuminate\\Foundation\\Http\\Middleware\\TrimStrings->handle()
#43 /var/www/gpdsgame/vendor/laravel/framework/src/Illuminate/Http/Middleware/ValidatePostSize.php(27): Illuminate\\Pipeline\\Pipeline->Illuminate\\Pipeline\\{closure}()
#44 /var/www/gpdsgame/vendor/laravel/framework/src/Illuminate/Pipeline/Pipeline.php(209): Illuminate\\Http\\Middleware\\ValidatePostSize->handle()
#45 /var/www/gpdsgame/vendor/laravel/framework/src/Illuminate/Foundation/Http/Middleware/PreventRequestsDuringMaintenance.php(110): Illuminate\\Pipeline\\Pipeline->Illuminate\\Pipeline\\{closure}()
#46 /var/www/gpdsgame/vendor/laravel/framework/src/Illuminate/Pipeline/Pipeline.php(209): Illuminate\\Foundation\\Http\\Middleware\\PreventRequestsDuringMaintenance->handle()
#47 /var/www/gpdsgame/vendor/laravel/framework/src/Illuminate/Http/Middleware/HandleCors.php(49): Illuminate\\Pipeline\\Pipeline->Illuminate\\Pipeline\\{closure}()
#48 /var/www/gpdsgame/vendor/laravel/framework/src/Illuminate/Pipeline/Pipeline.php(209): Illuminate\\Http\\Middleware\\HandleCors->handle()
#49 /var/www/gpdsgame/vendor/laravel/framework/src/Illuminate/Http/Middleware/TrustProxies.php(58): Illuminate\\Pipeline\\Pipeline->Illuminate\\Pipeline\\{closure}()
#50 /var/www/gpdsgame/vendor/laravel/framework/src/Illuminate/Pipeline/Pipeline.php(209): Illuminate\\Http\\Middleware\\TrustProxies->handle()
#51 /var/www/gpdsgame/vendor/laravel/framework/src/Illuminate/Foundation/Http/Middleware/InvokeDeferredCallbacks.php(22): Illuminate\\Pipeline\\Pipeline->Illuminate\\Pipeline\\{closure}()
#52 /var/www/gpdsgame/vendor/laravel/framework/src/Illuminate/Pipeline/Pipeline.php(209): Illuminate\\Foundation\\Http\\Middleware\\InvokeDeferredCallbacks->handle()
#53 /var/www/gpdsgame/app/Http/Middleware/CheckBanned.php(23): Illuminate\\Pipeline\\Pipeline->Illuminate\\Pipeline\\{closure}()
#54 /var/www/gpdsgame/vendor/laravel/framework/src/Illuminate/Pipeline/Pipeline.php(209): App\\Http\\Middleware\\CheckBanned->handle()
#55 /var/www/gpdsgame/app/Http/Middleware/CheckBannedIp.php(24): Illuminate\\Pipeline\\Pipeline->Illuminate\\Pipeline\\{closure}()
#56 /var/www/gpdsgame/vendor/laravel/framework/src/Illuminate/Pipeline/Pipeline.php(209): App\\Http\\Middleware\\CheckBannedIp->handle()
#57 /var/www/gpdsgame/vendor/laravel/framework/src/Illuminate/Pipeline/Pipeline.php(127): Illuminate\\Pipeline\\Pipeline->Illuminate\\Pipeline\\{closure}()
#58 /var/www/gpdsgame/vendor/laravel/framework/src/Illuminate/Foundation/Http/Kernel.php(176): Illuminate\\Pipeline\\Pipeline->then()
#59 /var/www/gpdsgame/vendor/laravel/framework/src/Illuminate/Foundation/Http/Kernel.php(145): Illuminate\\Foundation\\Http\\Kernel->sendRequestThroughRouter()
#60 /var/www/gpdsgame/public/index.php(57): Illuminate\\Foundation\\Http\\Kernel->handle()
#61 {main}

[previous exception] [object] (ErrorException(code: 0): Array to string conversion at /var/www/gpdsgame/app/Models/Order.php:194)
[stacktrace]
#0 /var/www/gpdsgame/vendor/laravel/framework/src/Illuminate/Foundation/Bootstrap/HandleExceptions.php(258): Illuminate\\Foundation\\Bootstrap\\HandleExceptions->handleError()
#1 /var/www/gpdsgame/app/Models/Order.php(194): Illuminate\\Foundation\\Bootstrap\\HandleExceptions->Illuminate\\Foundation\\Bootstrap\\{closure}()
#2 /var/www/gpdsgame/vendor/laravel/framework/src/Illuminate/Database/Eloquent/Concerns/HasAttributes.php(700): App\\Models\\Order->getAdditionalInformationHtmlAttribute()
#3 /var/www/gpdsgame/vendor/laravel/framework/src/Illuminate/Database/Eloquent/Concerns/HasAttributes.php(2224): Illuminate\\Database\\Eloquent\\Model->mutateAttribute()
#4 /var/www/gpdsgame/vendor/laravel/framework/src/Illuminate/Database/Eloquent/Concerns/HasAttributes.php(520): Illuminate\\Database\\Eloquent\\Model->transformModelValue()
#5 /var/www/gpdsgame/vendor/laravel/framework/src/Illuminate/Database/Eloquent/Concerns/HasAttributes.php(474): Illuminate\\Database\\Eloquent\\Model->getAttributeValue()
#6 /var/www/gpdsgame/vendor/laravel/framework/src/Illuminate/Database/Eloquent/Model.php(2260): Illuminate\\Database\\Eloquent\\Model->getAttribute()
#7 /var/www/gpdsgame/storage/framework/views/4f671148a5697ba1ed62ef7d9da24176.php(117): Illuminate\\Database\\Eloquent\\Model->__get()
#8 /var/www/gpdsgame/vendor/laravel/framework/src/Illuminate/Filesystem/Filesystem.php(123): require('...')
#9 /var/www/gpdsgame/vendor/laravel/framework/src/Illuminate/Filesystem/Filesystem.php(124): Illuminate\\Filesystem\\Filesystem::Illuminate\\Filesystem\\{closure}()
#10 /var/www/gpdsgame/vendor/laravel/framework/src/Illuminate/View/Engines/PhpEngine.php(58): Illuminate\\Filesystem\\Filesystem->getRequire()
#11 /var/www/gpdsgame/vendor/laravel/framework/src/Illuminate/View/Engines/CompilerEngine.php(75): Illuminate\\View\\Engines\\PhpEngine->evaluatePath()
#12 /var/www/gpdsgame/vendor/laravel/framework/src/Illuminate/View/View.php(209): Illuminate\\View\\Engines\\CompilerEngine->get()
#13 /var/www/gpdsgame/vendor/laravel/framework/src/Illuminate/View/View.php(192): Illuminate\\View\\View->getContents()
#14 /var/www/gpdsgame/vendor/laravel/framework/src/Illuminate/View/View.php(161): Illuminate\\View\\View->renderContents()
#15 /var/www/gpdsgame/vendor/laravel/framework/src/Illuminate/Http/Response.php(79): Illuminate\\View\\View->render()
#16 /var/www/gpdsgame/vendor/laravel/framework/src/Illuminate/Http/Response.php(35): Illuminate\\Http\\Response->setContent()
#17 /var/www/gpdsgame/vendor/laravel/framework/src/Illuminate/Routing/Router.php(920): Illuminate\\Http\\Response->__construct()
#18 /var/www/gpdsgame/vendor/laravel/framework/src/Illuminate/Routing/Router.php(887): Illuminate\\Routing\\Router::toResponse()
#19 /var/www/gpdsgame/vendor/laravel/framework/src/Illuminate/Routing/Router.php(807): Illuminate\\Routing\\Router->prepareResponse()
#20 /var/www/gpdsgame/vendor/laravel/framework/src/Illuminate/Pipeline/Pipeline.php(170): Illuminate\\Routing\\Router->Illuminate\\Routing\\{closure}()
#21 /var/www/gpdsgame/vendor/spatie/laravel-permission/src/Middleware/PermissionMiddleware.php(37): Illuminate\\Pipeline\\Pipeline->Illuminate\\Pipeline\\{closure}()
#22 /var/www/gpdsgame/vendor/laravel/framework/src/Illuminate/Pipeline/Pipeline.php(209): Spatie\\Permission\\Middleware\\PermissionMiddleware->handle()
#23 /var/www/gpdsgame/app/Http/Middleware/EnsureNotCustomer.php(32): Illuminate\\Pipeline\\Pipeline->Illuminate\\Pipeline\\{closure}()
#24 /var/www/gpdsgame/vendor/laravel/framework/src/Illuminate/Pipeline/Pipeline.php(209): App\\Http\\Middleware\\EnsureNotCustomer->handle()
#25 /var/www/gpdsgame/vendor/laravel/framework/src/Illuminate/Routing/Middleware/SubstituteBindings.php(51): Illuminate\\Pipeline\\Pipeline->Illuminate\\Pipeline\\{closure}()
#26 /var/www/gpdsgame/vendor/laravel/framework/src/Illuminate/Pipeline/Pipeline.php(209): Illuminate\\Routing\\Middleware\\SubstituteBindings->handle()
#27 /var/www/gpdsgame/vendor/laravel/framework/src/Illuminate/Auth/Middleware/Authenticate.php(64): Illuminate\\Pipeline\\Pipeline->Illuminate\\Pipeline\\{closure}()
#28 /var/www/gpdsgame/vendor/laravel/framework/src/Illuminate/Pipeline/Pipeline.php(209): Illuminate\\Auth\\Middleware\\Authenticate->handle()
#29 /var/www/gpdsgame/vendor/laravel/framework/src/Illuminate/Foundation/Http/Middleware/VerifyCsrfToken.php(88): Illuminate\\Pipeline\\Pipeline->Illuminate\\Pipeline\\{closure}()
#30 /var/www/gpdsgame/vendor/laravel/framework/src/Illuminate/Pipeline/Pipeline.php(209): Illuminate\\Foundation\\Http\\Middleware\\VerifyCsrfToken->handle()
#31 /var/www/gpdsgame/vendor/laravel/framework/src/Illuminate/View/Middleware/ShareErrorsFromSession.php(49): Illuminate\\Pipeline\\Pipeline->Illuminate\\Pipeline\\{closure}()
#32 /var/www/gpdsgame/vendor/laravel/framework/src/Illuminate/Pipeline/Pipeline.php(209): Illuminate\\View\\Middleware\\ShareErrorsFromSession->handle()
#33 /var/www/gpdsgame/vendor/laravel/framework/src/Illuminate/Session/Middleware/StartSession.php(121): Illuminate\\Pipeline\\Pipeline->Illuminate\\Pipeline\\{closure}()
#34 /var/www/gpdsgame/vendor/laravel/framework/src/Illuminate/Session/Middleware/StartSession.php(64): Illuminate\\Session\\Middleware\\StartSession->handleStatefulRequest()
#35 /var/www/gpdsgame/vendor/laravel/framework/src/Illuminate/Pipeline/Pipeline.php(209): Illuminate\\Session\\Middleware\\StartSession->handle()
#36 /var/www/gpdsgame/vendor/laravel/framework/src/Illuminate/Cookie/Middleware/AddQueuedCookiesToResponse.php(37): Illuminate\\Pipeline\\Pipeline->Illuminate\\Pipeline\\{closure}()
#37 /var/www/gpdsgame/vendor/laravel/framework/src/Illuminate/Pipeline/Pipeline.php(209): Illuminate\\Cookie\\Middleware\\AddQueuedCookiesToResponse->handle()
#38 /var/www/gpdsgame/vendor/laravel/framework/src/Illuminate/Cookie/Middleware/EncryptCookies.php(75): Illuminate\\Pipeline\\Pipeline->Illuminate\\Pipeline\\{closure}()
#39 /var/www/gpdsgame/vendor/laravel/framework/src/Illuminate/Pipeline/Pipeline.php(209): Illuminate\\Cookie\\Middleware\\EncryptCookies->handle()
#40 /var/www/gpdsgame/vendor/laravel/framework/src/Illuminate/Pipeline/Pipeline.php(127): Illuminate\\Pipeline\\Pipeline->Illuminate\\Pipeline\\{closure}()
#41 /var/www/gpdsgame/vendor/laravel/framework/src/Illuminate/Routing/Router.php(807): Illuminate\\Pipeline\\Pipeline->then()
#42 /var/www/gpdsgame/vendor/laravel/framework/src/Illuminate/Routing/Router.php(786): Illuminate\\Routing\\Router->runRouteWithinStack()
#43 /var/www/gpdsgame/vendor/laravel/framework/src/Illuminate/Routing/Router.php(750): Illuminate\\Routing\\Router->runRoute()
#44 /var/www/gpdsgame/vendor/laravel/framework/src/Illuminate/Routing/Router.php(739): Illuminate\\Routing\\Router->dispatchToRoute()
#45 /var/www/gpdsgame/vendor/laravel/framework/src/Illuminate/Foundation/Http/Kernel.php(201): Illuminate\\Routing\\Router->dispatch()
#46 /var/www/gpdsgame/vendor/laravel/framework/src/Illuminate/Pipeline/Pipeline.php(170): Illuminate\\Foundation\\Http\\Kernel->Illuminate\\Foundation\\Http\\{closure}()
#47 /var/www/gpdsgame/vendor/laravel/framework/src/Illuminate/Foundation/Http/Middleware/TransformsRequest.php(21): Illuminate\\Pipeline\\Pipeline->Illuminate\\Pipeline\\{closure}()
#48 /var/www/gpdsgame/vendor/laravel/framework/src/Illuminate/Foundation/Http/Middleware/ConvertEmptyStringsToNull.php(31): Illuminate\\Foundation\\Http\\Middleware\\TransformsRequest->handle()
#49 /var/www/gpdsgame/vendor/laravel/framework/src/Illuminate/Pipeline/Pipeline.php(209): Illuminate\\Foundation\\Http\\Middleware\\ConvertEmptyStringsToNull->handle()
#50 /var/www/gpdsgame/vendor/laravel/framework/src/Illuminate/Foundation/Http/Middleware/TransformsRequest.php(21): Illuminate\\Pipeline\\Pipeline->Illuminate\\Pipeline\\{closure}()
#51 /var/www/gpdsgame/vendor/laravel/framework/src/Illuminate/Foundation/Http/Middleware/TrimStrings.php(51): Illuminate\\Foundation\\Http\\Middleware\\TransformsRequest->handle()
#52 /var/www/gpdsgame/vendor/laravel/framework/src/Illuminate/Pipeline/Pipeline.php(209): Illuminate\\Foundation\\Http\\Middleware\\TrimStrings->handle()
#53 /var/www/gpdsgame/vendor/laravel/framework/src/Illuminate/Http/Middleware/ValidatePostSize.php(27): Illuminate\\Pipeline\\Pipeline->Illuminate\\Pipeline\\{closure}()
#54 /var/www/gpdsgame/vendor/laravel/framework/src/Illuminate/Pipeline/Pipeline.php(209): Illuminate\\Http\\Middleware\\ValidatePostSize->handle()
#55 /var/www/gpdsgame/vendor/laravel/framework/src/Illuminate/Foundation/Http/Middleware/PreventRequestsDuringMaintenance.php(110): Illuminate\\Pipeline\\Pipeline->Illuminate\\Pipeline\\{closure}()
#56 /var/www/gpdsgame/vendor/laravel/framework/src/Illuminate/Pipeline/Pipeline.php(209): Illuminate\\Foundation\\Http\\Middleware\\PreventRequestsDuringMaintenance->handle()
#57 /var/www/gpdsgame/vendor/laravel/framework/src/Illuminate/Http/Middleware/HandleCors.php(49): Illuminate\\Pipeline\\Pipeline->Illuminate\\Pipeline\\{closure}()
#58 /var/www/gpdsgame/vendor/laravel/framework/src/Illuminate/Pipeline/Pipeline.php(209): Illuminate\\Http\\Middleware\\HandleCors->handle()
#59 /var/www/gpdsgame/vendor/laravel/framework/src/Illuminate/Http/Middleware/TrustProxies.php(58): Illuminate\\Pipeline\\Pipeline->Illuminate\\Pipeline\\{closure}()
#60 /var/www/gpdsgame/vendor/laravel/framework/src/Illuminate/Pipeline/Pipeline.php(209): Illuminate\\Http\\Middleware\\TrustProxies->handle()
#61 /var/www/gpdsgame/vendor/laravel/framework/src/Illuminate/Foundation/Http/Middleware/InvokeDeferredCallbacks.php(22): Illuminate\\Pipeline\\Pipeline->Illuminate\\Pipeline\\{closure}()
#62 /var/www/gpdsgame/vendor/laravel/framework/src/Illuminate/Pipeline/Pipeline.php(209): Illuminate\\Foundation\\Http\\Middleware\\InvokeDeferredCallbacks->handle()
#63 /var/www/gpdsgame/app/Http/Middleware/CheckBanned.php(23): Illuminate\\Pipeline\\Pipeline->Illuminate\\Pipeline\\{closure}()
#64 /var/www/gpdsgame/vendor/laravel/framework/src/Illuminate/Pipeline/Pipeline.php(209): App\\Http\\Middleware\\CheckBanned->handle()
#65 /var/www/gpdsgame/app/Http/Middleware/CheckBannedIp.php(24): Illuminate\\Pipeline\\Pipeline->Illuminate\\Pipeline\\{closure}()
#66 /var/www/gpdsgame/vendor/laravel/framework/src/Illuminate/Pipeline/Pipeline.php(209): App\\Http\\Middleware\\CheckBannedIp->handle()
#67 /var/www/gpdsgame/vendor/laravel/framework/src/Illuminate/Pipeline/Pipeline.php(127): Illuminate\\Pipeline\\Pipeline->Illuminate\\Pipeline\\{closure}()
#68 /var/www/gpdsgame/vendor/laravel/framework/src/Illuminate/Foundation/Http/Kernel.php(176): Illuminate\\Pipeline\\Pipeline->then()
#69 /var/www/gpdsgame/vendor/laravel/framework/src/Illuminate/Foundation/Http/Kernel.php(145): Illuminate\\Foundation\\Http\\Kernel->sendRequestThroughRouter()
#70 /var/www/gpdsgame/public/index.php(57): Illuminate\\Foundation\\Http\\Kernel->handle()
#71 {main}
"} 
[2026-01-18 08:48:56] production.WARNING: MPay Callback Received {"amount":"10100","code":200,"createTimeL":1768700883576,"customerBank":"InstaPay","customerEmail":"chanhalzkie@yahoo.com","customerName":"Chanhalzkie","customerPhone":"09772439401","endToEndId":"047469","fee":"151.5","merchantOrderId":"GPDS260118657C5","msg":"PAID","orderId":"1101462383027741511680","payType":"110","payUrl":"https://ibanking.phmpay.com/checkout-page/gsafe.html?urlSid=1101462383027741511680&payload=eyJhY3FJbmZvIjoiNzc3MTQ4MDAwMDAwMTM3Iiwic2hvcElkIjoiMzI5NDgxNDE3NzcyNDg1OCIsInRmcmJua2NvZGUiOiJPUERWUEhNMVhYWCIsIm9yZGVyQW1vdW50IjoiMTAxLjAwIiwibWVyY2hhbnROYW1lIjoiR1BEUyBHQU1FIFNIT1AiLCJtZXJjaGFudENpdHkiOiJDaXR5IE9mIE1ha2F0aSIsInRmckFjY3RObyI6IjMyOTQ4MTQxNzc3MjQ4NTgiLCJxckNvZGUiOiIwMDAyMDEwMTAyMTIyODc2MDAxMXBoLnBwbWkucDJtMDExMU9QRFZQSE0xWFhYMDMxNTc3NzE0ODAwMDAwMDEzNzA0MTYzMjk0ODE0MTc3NzI0ODU4MDUwMzAwMTUyMDQ1ODE2NTMwMzYwODU0MDYxMDEuMDA1ODAyUEg1OTE0R1BEUytHQU1FK1NIT1A2MDE0Q2l0eStPZitNYWthdGk2MjQwMDAxMHBoLmFsbGJhbmswNTIyMTEwMTQ2MjM4MzAyNzc0MTUxMTY4MDg4MzEwMDEycGgucHBtaS5xcnBoMDExMU9QRFZQSE0xWFhYNjMwNDk5QkEiLCJtZXJjaGFudElkIjoiMjE3MDIwMDAwMTE5MTk5MjUxOTk4IiwiYml6Tm8iOiJudWxsIiwicXJDb2RlRm9ybWF0IjoiRU1WQ08iLCJjbGllbnRJZCI6IjIwMjMwNjI5MTYwNjU1MDUzOTQyMDgiLCJzdWIiOiJwMm1wYXkiLCJsdWNreSI6ImZhbHNlIiwicGFyYW0zIjoiOTk5NjAwMDUlN0VwaC5wcG1pLnAybSU3RSU3RSU3RTAwMSIsInBhcmFtNSI6Ijc3NzE0ODAwMDAwMDEzNyU3RSU3RSU3RTExMDE0NjIzODMwMjc3NDE1MTE2ODAifQ","realPayAmount":"10100","sign":"c996b146f5c27106d66931952b970df7","status":"01","traceId":"i111,i120118e7a4990ca795438fb7b385df69409184"} 
[2026-01-18 09:14:10] production.ERROR: SQLSTATE[42S22]: Column not found: 1054 Unknown column 'tracking_number' in 'field list' (Connection: mysql, SQL: update `ecommerce_orders` set `status` = cancelled, `tracking_number` = ?, `ecommerce_orders`.`updated_at` = 2026-01-18 09:14:10 where `id` = 17) {"userId":3364,"exception":"[object] (Illuminate\\Database\\QueryException(code: 42S22): SQLSTATE[42S22]: Column not found: 1054 Unknown column 'tracking_number' in 'field list' (Connection: mysql, SQL: update `ecommerce_orders` set `status` = cancelled, `tracking_number` = ?, `ecommerce_orders`.`updated_at` = 2026-01-18 09:14:10 where `id` = 17) at /var/www/gpdsgame/vendor/laravel/framework/src/Illuminate/Database/Connection.php:825)
[stacktrace]
#0 /var/www/gpdsgame/vendor/laravel/framework/src/Illuminate/Database/Connection.php(779): Illuminate\\Database\\Connection->runQueryCallback()
#1 /var/www/gpdsgame/vendor/laravel/framework/src/Illuminate/Database/Connection.php(584): Illuminate\\Database\\Connection->run()
#2 /var/www/gpdsgame/vendor/laravel/framework/src/Illuminate/Database/Connection.php(536): Illuminate\\Database\\Connection->affectingStatement()
#3 /var/www/gpdsgame/vendor/laravel/framework/src/Illuminate/Database/Query/Builder.php(3830): Illuminate\\Database\\Connection->update()
#4 /var/www/gpdsgame/vendor/laravel/framework/src/Illuminate/Database/Eloquent/Builder.php(1175): Illuminate\\Database\\Query\\Builder->update()
#5 /var/www/gpdsgame/vendor/laravel/framework/src/Illuminate/Database/Eloquent/Model.php(1239): Illuminate\\Database\\Eloquent\\Builder->update()
#6 /var/www/gpdsgame/vendor/laravel/framework/src/Illuminate/Database/Eloquent/Model.php(1156): Illuminate\\Database\\Eloquent\\Model->performUpdate()
#7 /var/www/gpdsgame/vendor/laravel/framework/src/Illuminate/Database/Eloquent/Model.php(1014): Illuminate\\Database\\Eloquent\\Model->save()
#8 /var/www/gpdsgame/app/Http/Controllers/EcommerceOrderController.php(67): Illuminate\\Database\\Eloquent\\Model->update()
#9 /var/www/gpdsgame/vendor/laravel/framework/src/Illuminate/Routing/Controller.php(54): App\\Http\\Controllers\\EcommerceOrderController->update()
#10 /var/www/gpdsgame/vendor/laravel/framework/src/Illuminate/Routing/ControllerDispatcher.php(44): Illuminate\\Routing\\Controller->callAction()
#11 /var/www/gpdsgame/vendor/laravel/framework/src/Illuminate/Routing/Route.php(266): Illuminate\\Routing\\ControllerDispatcher->dispatch()
#12 /var/www/gpdsgame/vendor/laravel/framework/src/Illuminate/Routing/Route.php(212): Illuminate\\Routing\\Route->runController()
#13 /var/www/gpdsgame/vendor/laravel/framework/src/Illuminate/Routing/Router.php(808): Illuminate\\Routing\\Route->run()
#14 /var/www/gpdsgame/vendor/laravel/framework/src/Illuminate/Pipeline/Pipeline.php(170): Illuminate\\Routing\\Router->Illuminate\\Routing\\{closure}()
#15 /var/www/gpdsgame/vendor/spatie/laravel-permission/src/Middleware/PermissionMiddleware.php(37): Illuminate\\Pipeline\\Pipeline->Illuminate\\Pipeline\\{closure}()
#16 /var/www/gpdsgame/vendor/laravel/framework/src/Illuminate/Pipeline/Pipeline.php(209): Spatie\\Permission\\Middleware\\PermissionMiddleware->handle()
#17 /var/www/gpdsgame/app/Http/Middleware/EnsureNotCustomer.php(32): Illuminate\\Pipeline\\Pipeline->Illuminate\\Pipeline\\{closure}()
#18 /var/www/gpdsgame/vendor/laravel/framework/src/Illuminate/Pipeline/Pipeline.php(209): App\\Http\\Middleware\\EnsureNotCustomer->handle()
#19 /var/www/gpdsgame/vendor/laravel/framework/src/Illuminate/Routing/Middleware/SubstituteBindings.php(51): Illuminate\\Pipeline\\Pipeline->Illuminate\\Pipeline\\{closure}()
#20 /var/www/gpdsgame/vendor/laravel/framework/src/Illuminate/Pipeline/Pipeline.php(209): Illuminate\\Routing\\Middleware\\SubstituteBindings->handle()
#21 /var/www/gpdsgame/vendor/laravel/framework/src/Illuminate/Auth/Middleware/Authenticate.php(64): Illuminate\\Pipeline\\Pipeline->Illuminate\\Pipeline\\{closure}()
#22 /var/www/gpdsgame/vendor/laravel/framework/src/Illuminate/Pipeline/Pipeline.php(209): Illuminate\\Auth\\Middleware\\Authenticate->handle()
#23 /var/www/gpdsgame/vendor/laravel/framework/src/Illuminate/Foundation/Http/Middleware/VerifyCsrfToken.php(88): Illuminate\\Pipeline\\Pipeline->Illuminate\\Pipeline\\{closure}()
#24 /var/www/gpdsgame/vendor/laravel/framework/src/Illuminate/Pipeline/Pipeline.php(209): Illuminate\\Foundation\\Http\\Middleware\\VerifyCsrfToken->handle()
#25 /var/www/gpdsgame/vendor/laravel/framework/src/Illuminate/View/Middleware/ShareErrorsFromSession.php(49): Illuminate\\Pipeline\\Pipeline->Illuminate\\Pipeline\\{closure}()
#26 /var/www/gpdsgame/vendor/laravel/framework/src/Illuminate/Pipeline/Pipeline.php(209): Illuminate\\View\\Middleware\\ShareErrorsFromSession->handle()
#27 /var/www/gpdsgame/vendor/laravel/framework/src/Illuminate/Session/Middleware/StartSession.php(121): Illuminate\\Pipeline\\Pipeline->Illuminate\\Pipeline\\{closure}()
#28 /var/www/gpdsgame/vendor/laravel/framework/src/Illuminate/Session/Middleware/StartSession.php(64): Illuminate\\Session\\Middleware\\StartSession->handleStatefulRequest()
#29 /var/www/gpdsgame/vendor/laravel/framework/src/Illuminate/Pipeline/Pipeline.php(209): Illuminate\\Session\\Middleware\\StartSession->handle()
#30 /var/www/gpdsgame/vendor/laravel/framework/src/Illuminate/Cookie/Middleware/AddQueuedCookiesToResponse.php(37): Illuminate\\Pipeline\\Pipeline->Illuminate\\Pipeline\\{closure}()
#31 /var/www/gpdsgame/vendor/laravel/framework/src/Illuminate/Pipeline/Pipeline.php(209): Illuminate\\Cookie\\Middleware\\AddQueuedCookiesToResponse->handle()
#32 /var/www/gpdsgame/vendor/laravel/framework/src/Illuminate/Cookie/Middleware/EncryptCookies.php(75): Illuminate\\Pipeline\\Pipeline->Illuminate\\Pipeline\\{closure}()
#33 /var/www/gpdsgame/vendor/laravel/framework/src/Illuminate/Pipeline/Pipeline.php(209): Illuminate\\Cookie\\Middleware\\EncryptCookies->handle()
#34 /var/www/gpdsgame/vendor/laravel/framework/src/Illuminate/Pipeline/Pipeline.php(127): Illuminate\\Pipeline\\Pipeline->Illuminate\\Pipeline\\{closure}()
#35 /var/www/gpdsgame/vendor/laravel/framework/src/Illuminate/Routing/Router.php(807): Illuminate\\Pipeline\\Pipeline->then()
#36 /var/www/gpdsgame/vendor/laravel/framework/src/Illuminate/Routing/Router.php(786): Illuminate\\Routing\\Router->runRouteWithinStack()
#37 /var/www/gpdsgame/vendor/laravel/framework/src/Illuminate/Routing/Router.php(750): Illuminate\\Routing\\Router->runRoute()
#38 /var/www/gpdsgame/vendor/laravel/framework/src/Illuminate/Routing/Router.php(739): Illuminate\\Routing\\Router->dispatchToRoute()
#39 /var/www/gpdsgame/vendor/laravel/framework/src/Illuminate/Foundation/Http/Kernel.php(201): Illuminate\\Routing\\Router->dispatch()
#40 /var/www/gpdsgame/vendor/laravel/framework/src/Illuminate/Pipeline/Pipeline.php(170): Illuminate\\Foundation\\Http\\Kernel->Illuminate\\Foundation\\Http\\{closure}()
#41 /var/www/gpdsgame/vendor/laravel/framework/src/Illuminate/Foundation/Http/Middleware/TransformsRequest.php(21): Illuminate\\Pipeline\\Pipeline->Illuminate\\Pipeline\\{closure}()
#42 /var/www/gpdsgame/vendor/laravel/framework/src/Illuminate/Foundation/Http/Middleware/ConvertEmptyStringsToNull.php(31): Illuminate\\Foundation\\Http\\Middleware\\TransformsRequest->handle()
#43 /var/www/gpdsgame/vendor/laravel/framework/src/Illuminate/Pipeline/Pipeline.php(209): Illuminate\\Foundation\\Http\\Middleware\\ConvertEmptyStringsToNull->handle()
#44 /var/www/gpdsgame/vendor/laravel/framework/src/Illuminate/Foundation/Http/Middleware/TransformsRequest.php(21): Illuminate\\Pipeline\\Pipeline->Illuminate\\Pipeline\\{closure}()
#45 /var/www/gpdsgame/vendor/laravel/framework/src/Illuminate/Foundation/Http/Middleware/TrimStrings.php(51): Illuminate\\Foundation\\Http\\Middleware\\TransformsRequest->handle()
#46 /var/www/gpdsgame/vendor/laravel/framework/src/Illuminate/Pipeline/Pipeline.php(209): Illuminate\\Foundation\\Http\\Middleware\\TrimStrings->handle()
#47 /var/www/gpdsgame/vendor/laravel/framework/src/Illuminate/Http/Middleware/ValidatePostSize.php(27): Illuminate\\Pipeline\\Pipeline->Illuminate\\Pipeline\\{closure}()
#48 /var/www/gpdsgame/vendor/laravel/framework/src/Illuminate/Pipeline/Pipeline.php(209): Illuminate\\Http\\Middleware\\ValidatePostSize->handle()
#49 /var/www/gpdsgame/vendor/laravel/framework/src/Illuminate/Foundation/Http/Middleware/PreventRequestsDuringMaintenance.php(110): Illuminate\\Pipeline\\Pipeline->Illuminate\\Pipeline\\{closure}()
#50 /var/www/gpdsgame/vendor/laravel/framework/src/Illuminate/Pipeline/Pipeline.php(209): Illuminate\\Foundation\\Http\\Middleware\\PreventRequestsDuringMaintenance->handle()
#51 /var/www/gpdsgame/vendor/laravel/framework/src/Illuminate/Http/Middleware/HandleCors.php(49): Illuminate\\Pipeline\\Pipeline->Illuminate\\Pipeline\\{closure}()
#52 /var/www/gpdsgame/vendor/laravel/framework/src/Illuminate/Pipeline/Pipeline.php(209): Illuminate\\Http\\Middleware\\HandleCors->handle()
#53 /var/www/gpdsgame/vendor/laravel/framework/src/Illuminate/Http/Middleware/TrustProxies.php(58): Illuminate\\Pipeline\\Pipeline->Illuminate\\Pipeline\\{closure}()
#54 /var/www/gpdsgame/vendor/laravel/framework/src/Illuminate/Pipeline/Pipeline.php(209): Illuminate\\Http\\Middleware\\TrustProxies->handle()
#55 /var/www/gpdsgame/vendor/laravel/framework/src/Illuminate/Foundation/Http/Middleware/InvokeDeferredCallbacks.php(22): Illuminate\\Pipeline\\Pipeline->Illuminate\\Pipeline\\{closure}()
#56 /var/www/gpdsgame/vendor/laravel/framework/src/Illuminate/Pipeline/Pipeline.php(209): Illuminate\\Foundation\\Http\\Middleware\\InvokeDeferredCallbacks->handle()
#57 /var/www/gpdsgame/app/Http/Middleware/CheckBanned.php(23): Illuminate\\Pipeline\\Pipeline->Illuminate\\Pipeline\\{closure}()
#58 /var/www/gpdsgame/vendor/laravel/framework/src/Illuminate/Pipeline/Pipeline.php(209): App\\Http\\Middleware\\CheckBanned->handle()
#59 /var/www/gpdsgame/app/Http/Middleware/CheckBannedIp.php(24): Illuminate\\Pipeline\\Pipeline->Illuminate\\Pipeline\\{closure}()
#60 /var/www/gpdsgame/vendor/laravel/framework/src/Illuminate/Pipeline/Pipeline.php(209): App\\Http\\Middleware\\CheckBannedIp->handle()
#61 /var/www/gpdsgame/vendor/laravel/framework/src/Illuminate/Pipeline/Pipeline.php(127): Illuminate\\Pipeline\\Pipeline->Illuminate\\Pipeline\\{closure}()
#62 /var/www/gpdsgame/vendor/laravel/framework/src/Illuminate/Foundation/Http/Kernel.php(176): Illuminate\\Pipeline\\Pipeline->then()
#63 /var/www/gpdsgame/vendor/laravel/framework/src/Illuminate/Foundation/Http/Kernel.php(145): Illuminate\\Foundation\\Http\\Kernel->sendRequestThroughRouter()
#64 /var/www/gpdsgame/public/index.php(57): Illuminate\\Foundation\\Http\\Kernel->handle()
#65 {main}

[previous exception] [object] (PDOException(code: 42S22): SQLSTATE[42S22]: Column not found: 1054 Unknown column 'tracking_number' in 'field list' at /var/www/gpdsgame/vendor/laravel/framework/src/Illuminate/Database/Connection.php:592)
[stacktrace]
#0 /var/www/gpdsgame/vendor/laravel/framework/src/Illuminate/Database/Connection.php(592): PDO->prepare()
#1 /var/www/gpdsgame/vendor/laravel/framework/src/Illuminate/Database/Connection.php(812): Illuminate\\Database\\Connection->Illuminate\\Database\\{closure}()
#2 /var/www/gpdsgame/vendor/laravel/framework/src/Illuminate/Database/Connection.php(779): Illuminate\\Database\\Connection->runQueryCallback()
#3 /var/www/gpdsgame/vendor/laravel/framework/src/Illuminate/Database/Connection.php(584): Illuminate\\Database\\Connection->run()
#4 /var/www/gpdsgame/vendor/laravel/framework/src/Illuminate/Database/Connection.php(536): Illuminate\\Database\\Connection->affectingStatement()
#5 /var/www/gpdsgame/vendor/laravel/framework/src/Illuminate/Database/Query/Builder.php(3830): Illuminate\\Database\\Connection->update()
#6 /var/www/gpdsgame/vendor/laravel/framework/src/Illuminate/Database/Eloquent/Builder.php(1175): Illuminate\\Database\\Query\\Builder->update()
#7 /var/www/gpdsgame/vendor/laravel/framework/src/Illuminate/Database/Eloquent/Model.php(1239): Illuminate\\Database\\Eloquent\\Builder->update()
#8 /var/www/gpdsgame/vendor/laravel/framework/src/Illuminate/Database/Eloquent/Model.php(1156): Illuminate\\Database\\Eloquent\\Model->performUpdate()
#9 /var/www/gpdsgame/vendor/laravel/framework/src/Illuminate/Database/Eloquent/Model.php(1014): Illuminate\\Database\\Eloquent\\Model->save()
#10 /var/www/gpdsgame/app/Http/Controllers/EcommerceOrderController.php(67): Illuminate\\Database\\Eloquent\\Model->update()
#11 /var/www/gpdsgame/vendor/laravel/framework/src/Illuminate/Routing/Controller.php(54): App\\Http\\Controllers\\EcommerceOrderController->update()
#12 /var/www/gpdsgame/vendor/laravel/framework/src/Illuminate/Routing/ControllerDispatcher.php(44): Illuminate\\Routing\\Controller->callAction()
#13 /var/www/gpdsgame/vendor/laravel/framework/src/Illuminate/Routing/Route.php(266): Illuminate\\Routing\\ControllerDispatcher->dispatch()
#14 /var/www/gpdsgame/vendor/laravel/framework/src/Illuminate/Routing/Route.php(212): Illuminate\\Routing\\Route->runController()
#15 /var/www/gpdsgame/vendor/laravel/framework/src/Illuminate/Routing/Router.php(808): Illuminate\\Routing\\Route->run()
#16 /var/www/gpdsgame/vendor/laravel/framework/src/Illuminate/Pipeline/Pipeline.php(170): Illuminate\\Routing\\Router->Illuminate\\Routing\\{closure}()
#17 /var/www/gpdsgame/vendor/spatie/laravel-permission/src/Middleware/PermissionMiddleware.php(37): Illuminate\\Pipeline\\Pipeline->Illuminate\\Pipeline\\{closure}()
#18 /var/www/gpdsgame/vendor/laravel/framework/src/Illuminate/Pipeline/Pipeline.php(209): Spatie\\Permission\\Middleware\\PermissionMiddleware->handle()
#19 /var/www/gpdsgame/app/Http/Middleware/EnsureNotCustomer.php(32): Illuminate\\Pipeline\\Pipeline->Illuminate\\Pipeline\\{closure}()
#20 /var/www/gpdsgame/vendor/laravel/framework/src/Illuminate/Pipeline/Pipeline.php(209): App\\Http\\Middleware\\EnsureNotCustomer->handle()
#21 /var/www/gpdsgame/vendor/laravel/framework/src/Illuminate/Routing/Middleware/SubstituteBindings.php(51): Illuminate\\Pipeline\\Pipeline->Illuminate\\Pipeline\\{closure}()
#22 /var/www/gpdsgame/vendor/laravel/framework/src/Illuminate/Pipeline/Pipeline.php(209): Illuminate\\Routing\\Middleware\\SubstituteBindings->handle()
#23 /var/www/gpdsgame/vendor/laravel/framework/src/Illuminate/Auth/Middleware/Authenticate.php(64): Illuminate\\Pipeline\\Pipeline->Illuminate\\Pipeline\\{closure}()
#24 /var/www/gpdsgame/vendor/laravel/framework/src/Illuminate/Pipeline/Pipeline.php(209): Illuminate\\Auth\\Middleware\\Authenticate->handle()
#25 /var/www/gpdsgame/vendor/laravel/framework/src/Illuminate/Foundation/Http/Middleware/VerifyCsrfToken.php(88): Illuminate\\Pipeline\\Pipeline->Illuminate\\Pipeline\\{closure}()
#26 /var/www/gpdsgame/vendor/laravel/framework/src/Illuminate/Pipeline/Pipeline.php(209): Illuminate\\Foundation\\Http\\Middleware\\VerifyCsrfToken->handle()
#27 /var/www/gpdsgame/vendor/laravel/framework/src/Illuminate/View/Middleware/ShareErrorsFromSession.php(49): Illuminate\\Pipeline\\Pipeline->Illuminate\\Pipeline\\{closure}()
#28 /var/www/gpdsgame/vendor/laravel/framework/src/Illuminate/Pipeline/Pipeline.php(209): Illuminate\\View\\Middleware\\ShareErrorsFromSession->handle()
#29 /var/www/gpdsgame/vendor/laravel/framework/src/Illuminate/Session/Middleware/StartSession.php(121): Illuminate\\Pipeline\\Pipeline->Illuminate\\Pipeline\\{closure}()
#30 /var/www/gpdsgame/vendor/laravel/framework/src/Illuminate/Session/Middleware/StartSession.php(64): Illuminate\\Session\\Middleware\\StartSession->handleStatefulRequest()
#31 /var/www/gpdsgame/vendor/laravel/framework/src/Illuminate/Pipeline/Pipeline.php(209): Illuminate\\Session\\Middleware\\StartSession->handle()
#32 /var/www/gpdsgame/vendor/laravel/framework/src/Illuminate/Cookie/Middleware/AddQueuedCookiesToResponse.php(37): Illuminate\\Pipeline\\Pipeline->Illuminate\\Pipeline\\{closure}()
#33 /var/www/gpdsgame/vendor/laravel/framework/src/Illuminate/Pipeline/Pipeline.php(209): Illuminate\\Cookie\\Middleware\\AddQueuedCookiesToResponse->handle()
#34 /var/www/gpdsgame/vendor/laravel/framework/src/Illuminate/Cookie/Middleware/EncryptCookies.php(75): Illuminate\\Pipeline\\Pipeline->Illuminate\\Pipeline\\{closure}()
#35 /var/www/gpdsgame/vendor/laravel/framework/src/Illuminate/Pipeline/Pipeline.php(209): Illuminate\\Cookie\\Middleware\\EncryptCookies->handle()
#36 /var/www/gpdsgame/vendor/laravel/framework/src/Illuminate/Pipeline/Pipeline.php(127): Illuminate\\Pipeline\\Pipeline->Illuminate\\Pipeline\\{closure}()
#37 /var/www/gpdsgame/vendor/laravel/framework/src/Illuminate/Routing/Router.php(807): Illuminate\\Pipeline\\Pipeline->then()
#38 /var/www/gpdsgame/vendor/laravel/framework/src/Illuminate/Routing/Router.php(786): Illuminate\\Routing\\Router->runRouteWithinStack()
#39 /var/www/gpdsgame/vendor/laravel/framework/src/Illuminate/Routing/Router.php(750): Illuminate\\Routing\\Router->runRoute()
#40 /var/www/gpdsgame/vendor/laravel/framework/src/Illuminate/Routing/Router.php(739): Illuminate\\Routing\\Router->dispatchToRoute()
#41 /var/www/gpdsgame/vendor/laravel/framework/src/Illuminate/Foundation/Http/Kernel.php(201): Illuminate\\Routing\\Router->dispatch()
#42 /var/www/gpdsgame/vendor/laravel/framework/src/Illuminate/Pipeline/Pipeline.php(170): Illuminate\\Foundation\\Http\\Kernel->Illuminate\\Foundation\\Http\\{closure}()
#43 /var/www/gpdsgame/vendor/laravel/framework/src/Illuminate/Foundation/Http/Middleware/TransformsRequest.php(21): Illuminate\\Pipeline\\Pipeline->Illuminate\\Pipeline\\{closure}()
#44 /var/www/gpdsgame/vendor/laravel/framework/src/Illuminate/Foundation/Http/Middleware/ConvertEmptyStringsToNull.php(31): Illuminate\\Foundation\\Http\\Middleware\\TransformsRequest->handle()
#45 /var/www/gpdsgame/vendor/laravel/framework/src/Illuminate/Pipeline/Pipeline.php(209): Illuminate\\Foundation\\Http\\Middleware\\ConvertEmptyStringsToNull->handle()
#46 /var/www/gpdsgame/vendor/laravel/framework/src/Illuminate/Foundation/Http/Middleware/TransformsRequest.php(21): Illuminate\\Pipeline\\Pipeline->Illuminate\\Pipeline\\{closure}()
#47 /var/www/gpdsgame/vendor/laravel/framework/src/Illuminate/Foundation/Http/Middleware/TrimStrings.php(51): Illuminate\\Foundation\\Http\\Middleware\\TransformsRequest->handle()
#48 /var/www/gpdsgame/vendor/laravel/framework/src/Illuminate/Pipeline/Pipeline.php(209): Illuminate\\Foundation\\Http\\Middleware\\TrimStrings->handle()
#49 /var/www/gpdsgame/vendor/laravel/framework/src/Illuminate/Http/Middleware/ValidatePostSize.php(27): Illuminate\\Pipeline\\Pipeline->Illuminate\\Pipeline\\{closure}()
#50 /var/www/gpdsgame/vendor/laravel/framework/src/Illuminate/Pipeline/Pipeline.php(209): Illuminate\\Http\\Middleware\\ValidatePostSize->handle()
#51 /var/www/gpdsgame/vendor/laravel/framework/src/Illuminate/Foundation/Http/Middleware/PreventRequestsDuringMaintenance.php(110): Illuminate\\Pipeline\\Pipeline->Illuminate\\Pipeline\\{closure}()
#52 /var/www/gpdsgame/vendor/laravel/framework/src/Illuminate/Pipeline/Pipeline.php(209): Illuminate\\Foundation\\Http\\Middleware\\PreventRequestsDuringMaintenance->handle()
#53 /var/www/gpdsgame/vendor/laravel/framework/src/Illuminate/Http/Middleware/HandleCors.php(49): Illuminate\\Pipeline\\Pipeline->Illuminate\\Pipeline\\{closure}()
#54 /var/www/gpdsgame/vendor/laravel/framework/src/Illuminate/Pipeline/Pipeline.php(209): Illuminate\\Http\\Middleware\\HandleCors->handle()
#55 /var/www/gpdsgame/vendor/laravel/framework/src/Illuminate/Http/Middleware/TrustProxies.php(58): Illuminate\\Pipeline\\Pipeline->Illuminate\\Pipeline\\{closure}()
#56 /var/www/gpdsgame/vendor/laravel/framework/src/Illuminate/Pipeline/Pipeline.php(209): Illuminate\\Http\\Middleware\\TrustProxies->handle()
#57 /var/www/gpdsgame/vendor/laravel/framework/src/Illuminate/Foundation/Http/Middleware/InvokeDeferredCallbacks.php(22): Illuminate\\Pipeline\\Pipeline->Illuminate\\Pipeline\\{closure}()
#58 /var/www/gpdsgame/vendor/laravel/framework/src/Illuminate/Pipeline/Pipeline.php(209): Illuminate\\Foundation\\Http\\Middleware\\InvokeDeferredCallbacks->handle()
#59 /var/www/gpdsgame/app/Http/Middleware/CheckBanned.php(23): Illuminate\\Pipeline\\Pipeline->Illuminate\\Pipeline\\{closure}()
#60 /var/www/gpdsgame/vendor/laravel/framework/src/Illuminate/Pipeline/Pipeline.php(209): App\\Http\\Middleware\\CheckBanned->handle()
#61 /var/www/gpdsgame/app/Http/Middleware/CheckBannedIp.php(24): Illuminate\\Pipeline\\Pipeline->Illuminate\\Pipeline\\{closure}()
#62 /var/www/gpdsgame/vendor/laravel/framework/src/Illuminate/Pipeline/Pipeline.php(209): App\\Http\\Middleware\\CheckBannedIp->handle()
#63 /var/www/gpdsgame/vendor/laravel/framework/src/Illuminate/Pipeline/Pipeline.php(127): Illuminate\\Pipeline\\Pipeline->Illuminate\\Pipeline\\{closure}()
#64 /var/www/gpdsgame/vendor/laravel/framework/src/Illuminate/Foundation/Http/Kernel.php(176): Illuminate\\Pipeline\\Pipeline->then()
#65 /var/www/gpdsgame/vendor/laravel/framework/src/Illuminate/Foundation/Http/Kernel.php(145): Illuminate\\Foundation\\Http\\Kernel->sendRequestThroughRouter()
#66 /var/www/gpdsgame/public/index.php(57): Illuminate\\Foundation\\Http\\Kernel->handle()
#67 {main}
"} 
[2026-01-18 09:14:29] production.ERROR: SQLSTATE[42S22]: Column not found: 1054 Unknown column 'tracking_number' in 'field list' (Connection: mysql, SQL: update `ecommerce_orders` set `status` = cancelled, `tracking_number` = ?, `ecommerce_orders`.`updated_at` = 2026-01-18 09:14:29 where `id` = 12) {"userId":3364,"exception":"[object] (Illuminate\\Database\\QueryException(code: 42S22): SQLSTATE[42S22]: Column not found: 1054 Unknown column 'tracking_number' in 'field list' (Connection: mysql, SQL: update `ecommerce_orders` set `status` = cancelled, `tracking_number` = ?, `ecommerce_orders`.`updated_at` = 2026-01-18 09:14:29 where `id` = 12) at /var/www/gpdsgame/vendor/laravel/framework/src/Illuminate/Database/Connection.php:825)
[stacktrace]
#0 /var/www/gpdsgame/vendor/laravel/framework/src/Illuminate/Database/Connection.php(779): Illuminate\\Database\\Connection->runQueryCallback()
#1 /var/www/gpdsgame/vendor/laravel/framework/src/Illuminate/Database/Connection.php(584): Illuminate\\Database\\Connection->run()
#2 /var/www/gpdsgame/vendor/laravel/framework/src/Illuminate/Database/Connection.php(536): Illuminate\\Database\\Connection->affectingStatement()
#3 /var/www/gpdsgame/vendor/laravel/framework/src/Illuminate/Database/Query/Builder.php(3830): Illuminate\\Database\\Connection->update()
#4 /var/www/gpdsgame/vendor/laravel/framework/src/Illuminate/Database/Eloquent/Builder.php(1175): Illuminate\\Database\\Query\\Builder->update()
#5 /var/www/gpdsgame/vendor/laravel/framework/src/Illuminate/Database/Eloquent/Model.php(1239): Illuminate\\Database\\Eloquent\\Builder->update()
#6 /var/www/gpdsgame/vendor/laravel/framework/src/Illuminate/Database/Eloquent/Model.php(1156): Illuminate\\Database\\Eloquent\\Model->performUpdate()
#7 /var/www/gpdsgame/vendor/laravel/framework/src/Illuminate/Database/Eloquent/Model.php(1014): Illuminate\\Database\\Eloquent\\Model->save()
#8 /var/www/gpdsgame/app/Http/Controllers/EcommerceOrderController.php(67): Illuminate\\Database\\Eloquent\\Model->update()
#9 /var/www/gpdsgame/vendor/laravel/framework/src/Illuminate/Routing/Controller.php(54): App\\Http\\Controllers\\EcommerceOrderController->update()
#10 /var/www/gpdsgame/vendor/laravel/framework/src/Illuminate/Routing/ControllerDispatcher.php(44): Illuminate\\Routing\\Controller->callAction()
#11 /var/www/gpdsgame/vendor/laravel/framework/src/Illuminate/Routing/Route.php(266): Illuminate\\Routing\\ControllerDispatcher->dispatch()
#12 /var/www/gpdsgame/vendor/laravel/framework/src/Illuminate/Routing/Route.php(212): Illuminate\\Routing\\Route->runController()
#13 /var/www/gpdsgame/vendor/laravel/framework/src/Illuminate/Routing/Router.php(808): Illuminate\\Routing\\Route->run()
#14 /var/www/gpdsgame/vendor/laravel/framework/src/Illuminate/Pipeline/Pipeline.php(170): Illuminate\\Routing\\Router->Illuminate\\Routing\\{closure}()
#15 /var/www/gpdsgame/vendor/spatie/laravel-permission/src/Middleware/PermissionMiddleware.php(37): Illuminate\\Pipeline\\Pipeline->Illuminate\\Pipeline\\{closure}()
#16 /var/www/gpdsgame/vendor/laravel/framework/src/Illuminate/Pipeline/Pipeline.php(209): Spatie\\Permission\\Middleware\\PermissionMiddleware->handle()
#17 /var/www/gpdsgame/app/Http/Middleware/EnsureNotCustomer.php(32): Illuminate\\Pipeline\\Pipeline->Illuminate\\Pipeline\\{closure}()
#18 /var/www/gpdsgame/vendor/laravel/framework/src/Illuminate/Pipeline/Pipeline.php(209): App\\Http\\Middleware\\EnsureNotCustomer->handle()
#19 /var/www/gpdsgame/vendor/laravel/framework/src/Illuminate/Routing/Middleware/SubstituteBindings.php(51): Illuminate\\Pipeline\\Pipeline->Illuminate\\Pipeline\\{closure}()
#20 /var/www/gpdsgame/vendor/laravel/framework/src/Illuminate/Pipeline/Pipeline.php(209): Illuminate\\Routing\\Middleware\\SubstituteBindings->handle()
#21 /var/www/gpdsgame/vendor/laravel/framework/src/Illuminate/Auth/Middleware/Authenticate.php(64): Illuminate\\Pipeline\\Pipeline->Illuminate\\Pipeline\\{closure}()
#22 /var/www/gpdsgame/vendor/laravel/framework/src/Illuminate/Pipeline/Pipeline.php(209): Illuminate\\Auth\\Middleware\\Authenticate->handle()
#23 /var/www/gpdsgame/vendor/laravel/framework/src/Illuminate/Foundation/Http/Middleware/VerifyCsrfToken.php(88): Illuminate\\Pipeline\\Pipeline->Illuminate\\Pipeline\\{closure}()
#24 /var/www/gpdsgame/vendor/laravel/framework/src/Illuminate/Pipeline/Pipeline.php(209): Illuminate\\Foundation\\Http\\Middleware\\VerifyCsrfToken->handle()
#25 /var/www/gpdsgame/vendor/laravel/framework/src/Illuminate/View/Middleware/ShareErrorsFromSession.php(49): Illuminate\\Pipeline\\Pipeline->Illuminate\\Pipeline\\{closure}()
#26 /var/www/gpdsgame/vendor/laravel/framework/src/Illuminate/Pipeline/Pipeline.php(209): Illuminate\\View\\Middleware\\ShareErrorsFromSession->handle()
#27 /var/www/gpdsgame/vendor/laravel/framework/src/Illuminate/Session/Middleware/StartSession.php(121): Illuminate\\Pipeline\\Pipeline->Illuminate\\Pipeline\\{closure}()
#28 /var/www/gpdsgame/vendor/laravel/framework/src/Illuminate/Session/Middleware/StartSession.php(64): Illuminate\\Session\\Middleware\\StartSession->handleStatefulRequest()
#29 /var/www/gpdsgame/vendor/laravel/framework/src/Illuminate/Pipeline/Pipeline.php(209): Illuminate\\Session\\Middleware\\StartSession->handle()
#30 /var/www/gpdsgame/vendor/laravel/framework/src/Illuminate/Cookie/Middleware/AddQueuedCookiesToResponse.php(37): Illuminate\\Pipeline\\Pipeline->Illuminate\\Pipeline\\{closure}()
#31 /var/www/gpdsgame/vendor/laravel/framework/src/Illuminate/Pipeline/Pipeline.php(209): Illuminate\\Cookie\\Middleware\\AddQueuedCookiesToResponse->handle()
#32 /var/www/gpdsgame/vendor/laravel/framework/src/Illuminate/Cookie/Middleware/EncryptCookies.php(75): Illuminate\\Pipeline\\Pipeline->Illuminate\\Pipeline\\{closure}()
#33 /var/www/gpdsgame/vendor/laravel/framework/src/Illuminate/Pipeline/Pipeline.php(209): Illuminate\\Cookie\\Middleware\\EncryptCookies->handle()
#34 /var/www/gpdsgame/vendor/laravel/framework/src/Illuminate/Pipeline/Pipeline.php(127): Illuminate\\Pipeline\\Pipeline->Illuminate\\Pipeline\\{closure}()
#35 /var/www/gpdsgame/vendor/laravel/framework/src/Illuminate/Routing/Router.php(807): Illuminate\\Pipeline\\Pipeline->then()
#36 /var/www/gpdsgame/vendor/laravel/framework/src/Illuminate/Routing/Router.php(786): Illuminate\\Routing\\Router->runRouteWithinStack()
#37 /var/www/gpdsgame/vendor/laravel/framework/src/Illuminate/Routing/Router.php(750): Illuminate\\Routing\\Router->runRoute()
#38 /var/www/gpdsgame/vendor/laravel/framework/src/Illuminate/Routing/Router.php(739): Illuminate\\Routing\\Router->dispatchToRoute()
#39 /var/www/gpdsgame/vendor/laravel/framework/src/Illuminate/Foundation/Http/Kernel.php(201): Illuminate\\Routing\\Router->dispatch()
#40 /var/www/gpdsgame/vendor/laravel/framework/src/Illuminate/Pipeline/Pipeline.php(170): Illuminate\\Foundation\\Http\\Kernel->Illuminate\\Foundation\\Http\\{closure}()
#41 /var/www/gpdsgame/vendor/laravel/framework/src/Illuminate/Foundation/Http/Middleware/TransformsRequest.php(21): Illuminate\\Pipeline\\Pipeline->Illuminate\\Pipeline\\{closure}()
#42 /var/www/gpdsgame/vendor/laravel/framework/src/Illuminate/Foundation/Http/Middleware/ConvertEmptyStringsToNull.php(31): Illuminate\\Foundation\\Http\\Middleware\\TransformsRequest->handle()
#43 /var/www/gpdsgame/vendor/laravel/framework/src/Illuminate/Pipeline/Pipeline.php(209): Illuminate\\Foundation\\Http\\Middleware\\ConvertEmptyStringsToNull->handle()
#44 /var/www/gpdsgame/vendor/laravel/framework/src/Illuminate/Foundation/Http/Middleware/TransformsRequest.php(21): Illuminate\\Pipeline\\Pipeline->Illuminate\\Pipeline\\{closure}()
#45 /var/www/gpdsgame/vendor/laravel/framework/src/Illuminate/Foundation/Http/Middleware/TrimStrings.php(51): Illuminate\\Foundation\\Http\\Middleware\\TransformsRequest->handle()
#46 /var/www/gpdsgame/vendor/laravel/framework/src/Illuminate/Pipeline/Pipeline.php(209): Illuminate\\Foundation\\Http\\Middleware\\TrimStrings->handle()
#47 /var/www/gpdsgame/vendor/laravel/framework/src/Illuminate/Http/Middleware/ValidatePostSize.php(27): Illuminate\\Pipeline\\Pipeline->Illuminate\\Pipeline\\{closure}()
#48 /var/www/gpdsgame/vendor/laravel/framework/src/Illuminate/Pipeline/Pipeline.php(209): Illuminate\\Http\\Middleware\\ValidatePostSize->handle()
#49 /var/www/gpdsgame/vendor/laravel/framework/src/Illuminate/Foundation/Http/Middleware/PreventRequestsDuringMaintenance.php(110): Illuminate\\Pipeline\\Pipeline->Illuminate\\Pipeline\\{closure}()
#50 /var/www/gpdsgame/vendor/laravel/framework/src/Illuminate/Pipeline/Pipeline.php(209): Illuminate\\Foundation\\Http\\Middleware\\PreventRequestsDuringMaintenance->handle()
#51 /var/www/gpdsgame/vendor/laravel/framework/src/Illuminate/Http/Middleware/HandleCors.php(49): Illuminate\\Pipeline\\Pipeline->Illuminate\\Pipeline\\{closure}()
#52 /var/www/gpdsgame/vendor/laravel/framework/src/Illuminate/Pipeline/Pipeline.php(209): Illuminate\\Http\\Middleware\\HandleCors->handle()
#53 /var/www/gpdsgame/vendor/laravel/framework/src/Illuminate/Http/Middleware/TrustProxies.php(58): Illuminate\\Pipeline\\Pipeline->Illuminate\\Pipeline\\{closure}()
#54 /var/www/gpdsgame/vendor/laravel/framework/src/Illuminate/Pipeline/Pipeline.php(209): Illuminate\\Http\\Middleware\\TrustProxies->handle()
#55 /var/www/gpdsgame/vendor/laravel/framework/src/Illuminate/Foundation/Http/Middleware/InvokeDeferredCallbacks.php(22): Illuminate\\Pipeline\\Pipeline->Illuminate\\Pipeline\\{closure}()
#56 /var/www/gpdsgame/vendor/laravel/framework/src/Illuminate/Pipeline/Pipeline.php(209): Illuminate\\Foundation\\Http\\Middleware\\InvokeDeferredCallbacks->handle()
#57 /var/www/gpdsgame/app/Http/Middleware/CheckBanned.php(23): Illuminate\\Pipeline\\Pipeline->Illuminate\\Pipeline\\{closure}()
#58 /var/www/gpdsgame/vendor/laravel/framework/src/Illuminate/Pipeline/Pipeline.php(209): App\\Http\\Middleware\\CheckBanned->handle()
#59 /var/www/gpdsgame/app/Http/Middleware/CheckBannedIp.php(24): Illuminate\\Pipeline\\Pipeline->Illuminate\\Pipeline\\{closure}()
#60 /var/www/gpdsgame/vendor/laravel/framework/src/Illuminate/Pipeline/Pipeline.php(209): App\\Http\\Middleware\\CheckBannedIp->handle()
#61 /var/www/gpdsgame/vendor/laravel/framework/src/Illuminate/Pipeline/Pipeline.php(127): Illuminate\\Pipeline\\Pipeline->Illuminate\\Pipeline\\{closure}()
#62 /var/www/gpdsgame/vendor/laravel/framework/src/Illuminate/Foundation/Http/Kernel.php(176): Illuminate\\Pipeline\\Pipeline->then()
#63 /var/www/gpdsgame/vendor/laravel/framework/src/Illuminate/Foundation/Http/Kernel.php(145): Illuminate\\Foundation\\Http\\Kernel->sendRequestThroughRouter()
#64 /var/www/gpdsgame/public/index.php(57): Illuminate\\Foundation\\Http\\Kernel->handle()
#65 {main}

[previous exception] [object] (PDOException(code: 42S22): SQLSTATE[42S22]: Column not found: 1054 Unknown column 'tracking_number' in 'field list' at /var/www/gpdsgame/vendor/laravel/framework/src/Illuminate/Database/Connection.php:592)
[stacktrace]
#0 /var/www/gpdsgame/vendor/laravel/framework/src/Illuminate/Database/Connection.php(592): PDO->prepare()
#1 /var/www/gpdsgame/vendor/laravel/framework/src/Illuminate/Database/Connection.php(812): Illuminate\\Database\\Connection->Illuminate\\Database\\{closure}()
#2 /var/www/gpdsgame/vendor/laravel/framework/src/Illuminate/Database/Connection.php(779): Illuminate\\Database\\Connection->runQueryCallback()
#3 /var/www/gpdsgame/vendor/laravel/framework/src/Illuminate/Database/Connection.php(584): Illuminate\\Database\\Connection->run()
#4 /var/www/gpdsgame/vendor/laravel/framework/src/Illuminate/Database/Connection.php(536): Illuminate\\Database\\Connection->affectingStatement()
#5 /var/www/gpdsgame/vendor/laravel/framework/src/Illuminate/Database/Query/Builder.php(3830): Illuminate\\Database\\Connection->update()
#6 /var/www/gpdsgame/vendor/laravel/framework/src/Illuminate/Database/Eloquent/Builder.php(1175): Illuminate\\Database\\Query\\Builder->update()
#7 /var/www/gpdsgame/vendor/laravel/framework/src/Illuminate/Database/Eloquent/Model.php(1239): Illuminate\\Database\\Eloquent\\Builder->update()
#8 /var/www/gpdsgame/vendor/laravel/framework/src/Illuminate/Database/Eloquent/Model.php(1156): Illuminate\\Database\\Eloquent\\Model->performUpdate()
#9 /var/www/gpdsgame/vendor/laravel/framework/src/Illuminate/Database/Eloquent/Model.php(1014): Illuminate\\Database\\Eloquent\\Model->save()
#10 /var/www/gpdsgame/app/Http/Controllers/EcommerceOrderController.php(67): Illuminate\\Database\\Eloquent\\Model->update()
#11 /var/www/gpdsgame/vendor/laravel/framework/src/Illuminate/Routing/Controller.php(54): App\\Http\\Controllers\\EcommerceOrderController->update()
#12 /var/www/gpdsgame/vendor/laravel/framework/src/Illuminate/Routing/ControllerDispatcher.php(44): Illuminate\\Routing\\Controller->callAction()
#13 /var/www/gpdsgame/vendor/laravel/framework/src/Illuminate/Routing/Route.php(266): Illuminate\\Routing\\ControllerDispatcher->dispatch()
#14 /var/www/gpdsgame/vendor/laravel/framework/src/Illuminate/Routing/Route.php(212): Illuminate\\Routing\\Route->runController()
#15 /var/www/gpdsgame/vendor/laravel/framework/src/Illuminate/Routing/Router.php(808): Illuminate\\Routing\\Route->run()
#16 /var/www/gpdsgame/vendor/laravel/framework/src/Illuminate/Pipeline/Pipeline.php(170): Illuminate\\Routing\\Router->Illuminate\\Routing\\{closure}()
#17 /var/www/gpdsgame/vendor/spatie/laravel-permission/src/Middleware/PermissionMiddleware.php(37): Illuminate\\Pipeline\\Pipeline->Illuminate\\Pipeline\\{closure}()
#18 /var/www/gpdsgame/vendor/laravel/framework/src/Illuminate/Pipeline/Pipeline.php(209): Spatie\\Permission\\Middleware\\PermissionMiddleware->handle()
#19 /var/www/gpdsgame/app/Http/Middleware/EnsureNotCustomer.php(32): Illuminate\\Pipeline\\Pipeline->Illuminate\\Pipeline\\{closure}()
#20 /var/www/gpdsgame/vendor/laravel/framework/src/Illuminate/Pipeline/Pipeline.php(209): App\\Http\\Middleware\\EnsureNotCustomer->handle()
#21 /var/www/gpdsgame/vendor/laravel/framework/src/Illuminate/Routing/Middleware/SubstituteBindings.php(51): Illuminate\\Pipeline\\Pipeline->Illuminate\\Pipeline\\{closure}()
#22 /var/www/gpdsgame/vendor/laravel/framework/src/Illuminate/Pipeline/Pipeline.php(209): Illuminate\\Routing\\Middleware\\SubstituteBindings->handle()
#23 /var/www/gpdsgame/vendor/laravel/framework/src/Illuminate/Auth/Middleware/Authenticate.php(64): Illuminate\\Pipeline\\Pipeline->Illuminate\\Pipeline\\{closure}()
#24 /var/www/gpdsgame/vendor/laravel/framework/src/Illuminate/Pipeline/Pipeline.php(209): Illuminate\\Auth\\Middleware\\Authenticate->handle()
#25 /var/www/gpdsgame/vendor/laravel/framework/src/Illuminate/Foundation/Http/Middleware/VerifyCsrfToken.php(88): Illuminate\\Pipeline\\Pipeline->Illuminate\\Pipeline\\{closure}()
#26 /var/www/gpdsgame/vendor/laravel/framework/src/Illuminate/Pipeline/Pipeline.php(209): Illuminate\\Foundation\\Http\\Middleware\\VerifyCsrfToken->handle()
#27 /var/www/gpdsgame/vendor/laravel/framework/src/Illuminate/View/Middleware/ShareErrorsFromSession.php(49): Illuminate\\Pipeline\\Pipeline->Illuminate\\Pipeline\\{closure}()
#28 /var/www/gpdsgame/vendor/laravel/framework/src/Illuminate/Pipeline/Pipeline.php(209): Illuminate\\View\\Middleware\\ShareErrorsFromSession->handle()
#29 /var/www/gpdsgame/vendor/laravel/framework/src/Illuminate/Session/Middleware/StartSession.php(121): Illuminate\\Pipeline\\Pipeline->Illuminate\\Pipeline\\{closure}()
#30 /var/www/gpdsgame/vendor/laravel/framework/src/Illuminate/Session/Middleware/StartSession.php(64): Illuminate\\Session\\Middleware\\StartSession->handleStatefulRequest()
#31 /var/www/gpdsgame/vendor/laravel/framework/src/Illuminate/Pipeline/Pipeline.php(209): Illuminate\\Session\\Middleware\\StartSession->handle()
#32 /var/www/gpdsgame/vendor/laravel/framework/src/Illuminate/Cookie/Middleware/AddQueuedCookiesToResponse.php(37): Illuminate\\Pipeline\\Pipeline->Illuminate\\Pipeline\\{closure}()
#33 /var/www/gpdsgame/vendor/laravel/framework/src/Illuminate/Pipeline/Pipeline.php(209): Illuminate\\Cookie\\Middleware\\AddQueuedCookiesToResponse->handle()
#34 /var/www/gpdsgame/vendor/laravel/framework/src/Illuminate/Cookie/Middleware/EncryptCookies.php(75): Illuminate\\Pipeline\\Pipeline->Illuminate\\Pipeline\\{closure}()
#35 /var/www/gpdsgame/vendor/laravel/framework/src/Illuminate/Pipeline/Pipeline.php(209): Illuminate\\Cookie\\Middleware\\EncryptCookies->handle()
#36 /var/www/gpdsgame/vendor/laravel/framework/src/Illuminate/Pipeline/Pipeline.php(127): Illuminate\\Pipeline\\Pipeline->Illuminate\\Pipeline\\{closure}()
#37 /var/www/gpdsgame/vendor/laravel/framework/src/Illuminate/Routing/Router.php(807): Illuminate\\Pipeline\\Pipeline->then()
#38 /var/www/gpdsgame/vendor/laravel/framework/src/Illuminate/Routing/Router.php(786): Illuminate\\Routing\\Router->runRouteWithinStack()
#39 /var/www/gpdsgame/vendor/laravel/framework/src/Illuminate/Routing/Router.php(750): Illuminate\\Routing\\Router->runRoute()
#40 /var/www/gpdsgame/vendor/laravel/framework/src/Illuminate/Routing/Router.php(739): Illuminate\\Routing\\Router->dispatchToRoute()
#41 /var/www/gpdsgame/vendor/laravel/framework/src/Illuminate/Foundation/Http/Kernel.php(201): Illuminate\\Routing\\Router->dispatch()
#42 /var/www/gpdsgame/vendor/laravel/framework/src/Illuminate/Pipeline/Pipeline.php(170): Illuminate\\Foundation\\Http\\Kernel->Illuminate\\Foundation\\Http\\{closure}()
#43 /var/www/gpdsgame/vendor/laravel/framework/src/Illuminate/Foundation/Http/Middleware/TransformsRequest.php(21): Illuminate\\Pipeline\\Pipeline->Illuminate\\Pipeline\\{closure}()
#44 /var/www/gpdsgame/vendor/laravel/framework/src/Illuminate/Foundation/Http/Middleware/ConvertEmptyStringsToNull.php(31): Illuminate\\Foundation\\Http\\Middleware\\TransformsRequest->handle()
#45 /var/www/gpdsgame/vendor/laravel/framework/src/Illuminate/Pipeline/Pipeline.php(209): Illuminate\\Foundation\\Http\\Middleware\\ConvertEmptyStringsToNull->handle()
#46 /var/www/gpdsgame/vendor/laravel/framework/src/Illuminate/Foundation/Http/Middleware/TransformsRequest.php(21): Illuminate\\Pipeline\\Pipeline->Illuminate\\Pipeline\\{closure}()
#47 /var/www/gpdsgame/vendor/laravel/framework/src/Illuminate/Foundation/Http/Middleware/TrimStrings.php(51): Illuminate\\Foundation\\Http\\Middleware\\TransformsRequest->handle()
#48 /var/www/gpdsgame/vendor/laravel/framework/src/Illuminate/Pipeline/Pipeline.php(209): Illuminate\\Foundation\\Http\\Middleware\\TrimStrings->handle()
#49 /var/www/gpdsgame/vendor/laravel/framework/src/Illuminate/Http/Middleware/ValidatePostSize.php(27): Illuminate\\Pipeline\\Pipeline->Illuminate\\Pipeline\\{closure}()
#50 /var/www/gpdsgame/vendor/laravel/framework/src/Illuminate/Pipeline/Pipeline.php(209): Illuminate\\Http\\Middleware\\ValidatePostSize->handle()
#51 /var/www/gpdsgame/vendor/laravel/framework/src/Illuminate/Foundation/Http/Middleware/PreventRequestsDuringMaintenance.php(110): Illuminate\\Pipeline\\Pipeline->Illuminate\\Pipeline\\{closure}()
#52 /var/www/gpdsgame/vendor/laravel/framework/src/Illuminate/Pipeline/Pipeline.php(209): Illuminate\\Foundation\\Http\\Middleware\\PreventRequestsDuringMaintenance->handle()
#53 /var/www/gpdsgame/vendor/laravel/framework/src/Illuminate/Http/Middleware/HandleCors.php(49): Illuminate\\Pipeline\\Pipeline->Illuminate\\Pipeline\\{closure}()
#54 /var/www/gpdsgame/vendor/laravel/framework/src/Illuminate/Pipeline/Pipeline.php(209): Illuminate\\Http\\Middleware\\HandleCors->handle()
#55 /var/www/gpdsgame/vendor/laravel/framework/src/Illuminate/Http/Middleware/TrustProxies.php(58): Illuminate\\Pipeline\\Pipeline->Illuminate\\Pipeline\\{closure}()
#56 /var/www/gpdsgame/vendor/laravel/framework/src/Illuminate/Pipeline/Pipeline.php(209): Illuminate\\Http\\Middleware\\TrustProxies->handle()
#57 /var/www/gpdsgame/vendor/laravel/framework/src/Illuminate/Foundation/Http/Middleware/InvokeDeferredCallbacks.php(22): Illuminate\\Pipeline\\Pipeline->Illuminate\\Pipeline\\{closure}()
#58 /var/www/gpdsgame/vendor/laravel/framework/src/Illuminate/Pipeline/Pipeline.php(209): Illuminate\\Foundation\\Http\\Middleware\\InvokeDeferredCallbacks->handle()
#59 /var/www/gpdsgame/app/Http/Middleware/CheckBanned.php(23): Illuminate\\Pipeline\\Pipeline->Illuminate\\Pipeline\\{closure}()
#60 /var/www/gpdsgame/vendor/laravel/framework/src/Illuminate/Pipeline/Pipeline.php(209): App\\Http\\Middleware\\CheckBanned->handle()
#61 /var/www/gpdsgame/app/Http/Middleware/CheckBannedIp.php(24): Illuminate\\Pipeline\\Pipeline->Illuminate\\Pipeline\\{closure}()
#62 /var/www/gpdsgame/vendor/laravel/framework/src/Illuminate/Pipeline/Pipeline.php(209): App\\Http\\Middleware\\CheckBannedIp->handle()
#63 /var/www/gpdsgame/vendor/laravel/framework/src/Illuminate/Pipeline/Pipeline.php(127): Illuminate\\Pipeline\\Pipeline->Illuminate\\Pipeline\\{closure}()
#64 /var/www/gpdsgame/vendor/laravel/framework/src/Illuminate/Foundation/Http/Kernel.php(176): Illuminate\\Pipeline\\Pipeline->then()
#65 /var/www/gpdsgame/vendor/laravel/framework/src/Illuminate/Foundation/Http/Kernel.php(145): Illuminate\\Foundation\\Http\\Kernel->sendRequestThroughRouter()
#66 /var/www/gpdsgame/public/index.php(57): Illuminate\\Foundation\\Http\\Kernel->handle()
#67 {main}
"} 
[2026-01-19 01:43:28] production.ERROR: There are no commands defined in the "set" namespace. {"exception":"[object] (Symfony\\Component\\Console\\Exception\\NamespaceNotFoundException(code: 0): There are no commands defined in the \"set\" namespace. at /var/www/gpdsgame/vendor/symfony/console/Application.php:674)
[stacktrace]
#0 /var/www/gpdsgame/vendor/symfony/console/Application.php(723): Symfony\\Component\\Console\\Application->findNamespace()
#1 /var/www/gpdsgame/vendor/symfony/console/Application.php(298): Symfony\\Component\\Console\\Application->find()
#2 /var/www/gpdsgame/vendor/symfony/console/Application.php(195): Symfony\\Component\\Console\\Application->doRun()
#3 /var/www/gpdsgame/vendor/laravel/framework/src/Illuminate/Foundation/Console/Kernel.php(198): Symfony\\Component\\Console\\Application->run()
#4 /var/www/gpdsgame/vendor/laravel/framework/src/Illuminate/Foundation/Application.php(1235): Illuminate\\Foundation\\Console\\Kernel->handle()
#5 /var/www/gpdsgame/artisan(16): Illuminate\\Foundation\\Application->handleCommand()
#6 {main}
"} 
[2026-01-19 01:46:10] production.ERROR: There are no commands defined in the "set" namespace. {"exception":"[object] (Symfony\\Component\\Console\\Exception\\NamespaceNotFoundException(code: 0): There are no commands defined in the \"set\" namespace. at /var/www/gpdsgame/vendor/symfony/console/Application.php:674)
[stacktrace]
#0 /var/www/gpdsgame/vendor/symfony/console/Application.php(723): Symfony\\Component\\Console\\Application->findNamespace()
#1 /var/www/gpdsgame/vendor/symfony/console/Application.php(298): Symfony\\Component\\Console\\Application->find()
#2 /var/www/gpdsgame/vendor/symfony/console/Application.php(195): Symfony\\Component\\Console\\Application->doRun()
#3 /var/www/gpdsgame/vendor/laravel/framework/src/Illuminate/Foundation/Console/Kernel.php(198): Symfony\\Component\\Console\\Application->run()
#4 /var/www/gpdsgame/vendor/laravel/framework/src/Illuminate/Foundation/Application.php(1235): Illuminate\\Foundation\\Console\\Kernel->handle()
#5 /var/www/gpdsgame/artisan(16): Illuminate\\Foundation\\Application->handleCommand()
#6 {main}
"} 
[2026-01-19 01:52:07] production.ERROR: There are no commands defined in the "set" namespace. {"exception":"[object] (Symfony\\Component\\Console\\Exception\\NamespaceNotFoundException(code: 0): There are no commands defined in the \"set\" namespace. at /var/www/gpdsgame/vendor/symfony/console/Application.php:674)
[stacktrace]
#0 /var/www/gpdsgame/vendor/symfony/console/Application.php(723): Symfony\\Component\\Console\\Application->findNamespace()
#1 /var/www/gpdsgame/vendor/symfony/console/Application.php(298): Symfony\\Component\\Console\\Application->find()
#2 /var/www/gpdsgame/vendor/symfony/console/Application.php(195): Symfony\\Component\\Console\\Application->doRun()
#3 /var/www/gpdsgame/vendor/laravel/framework/src/Illuminate/Foundation/Console/Kernel.php(198): Symfony\\Component\\Console\\Application->run()
#4 /var/www/gpdsgame/vendor/laravel/framework/src/Illuminate/Foundation/Application.php(1235): Illuminate\\Foundation\\Console\\Kernel->handle()
#5 /var/www/gpdsgame/artisan(16): Illuminate\\Foundation\\Application->handleCommand()
#6 {main}
"} 
[2026-01-19 06:55:01] production.ERROR: Undefined variable $activePage (View: /var/www/gpdsgame/resources/views/layouts/sidebar.blade.php) (View: /var/www/gpdsgame/resources/views/layouts/sidebar.blade.php) (View: /var/www/gpdsgame/resources/views/layouts/sidebar.blade.php) {"userId":3364,"exception":"[object] (Illuminate\\View\\ViewException(code: 0): Undefined variable $activePage (View: /var/www/gpdsgame/resources/views/layouts/sidebar.blade.php) (View: /var/www/gpdsgame/resources/views/layouts/sidebar.blade.php) (View: /var/www/gpdsgame/resources/views/layouts/sidebar.blade.php) at /var/www/gpdsgame/storage/framework/views/e58c494c66d5da39fb8742670158dd24.php:16)
[stacktrace]
#0 /var/www/gpdsgame/vendor/laravel/framework/src/Illuminate/View/Engines/PhpEngine.php(60): Illuminate\\View\\Engines\\CompilerEngine->handleViewException()
#1 /var/www/gpdsgame/vendor/laravel/framework/src/Illuminate/View/Engines/CompilerEngine.php(75): Illuminate\\View\\Engines\\PhpEngine->evaluatePath()
#2 /var/www/gpdsgame/vendor/laravel/framework/src/Illuminate/View/View.php(209): Illuminate\\View\\Engines\\CompilerEngine->get()
#3 /var/www/gpdsgame/vendor/laravel/framework/src/Illuminate/View/View.php(192): Illuminate\\View\\View->getContents()
#4 /var/www/gpdsgame/vendor/laravel/framework/src/Illuminate/View/View.php(161): Illuminate\\View\\View->renderContents()
#5 /var/www/gpdsgame/vendor/laravel/framework/src/Illuminate/Http/Response.php(79): Illuminate\\View\\View->render()
#6 /var/www/gpdsgame/vendor/laravel/framework/src/Illuminate/Http/Response.php(35): Illuminate\\Http\\Response->setContent()
#7 /var/www/gpdsgame/vendor/laravel/framework/src/Illuminate/Routing/Router.php(920): Illuminate\\Http\\Response->__construct()
#8 /var/www/gpdsgame/vendor/laravel/framework/src/Illuminate/Routing/Router.php(887): Illuminate\\Routing\\Router::toResponse()
#9 /var/www/gpdsgame/vendor/laravel/framework/src/Illuminate/Routing/Router.php(807): Illuminate\\Routing\\Router->prepareResponse()
#10 /var/www/gpdsgame/vendor/laravel/framework/src/Illuminate/Pipeline/Pipeline.php(170): Illuminate\\Routing\\Router->Illuminate\\Routing\\{closure}()
#11 /var/www/gpdsgame/vendor/spatie/laravel-permission/src/Middleware/PermissionMiddleware.php(37): Illuminate\\Pipeline\\Pipeline->Illuminate\\Pipeline\\{closure}()
#12 /var/www/gpdsgame/vendor/laravel/framework/src/Illuminate/Pipeline/Pipeline.php(209): Spatie\\Permission\\Middleware\\PermissionMiddleware->handle()
#13 /var/www/gpdsgame/app/Http/Middleware/EnsureNotCustomer.php(32): Illuminate\\Pipeline\\Pipeline->Illuminate\\Pipeline\\{closure}()
#14 /var/www/gpdsgame/vendor/laravel/framework/src/Illuminate/Pipeline/Pipeline.php(209): App\\Http\\Middleware\\EnsureNotCustomer->handle()
#15 /var/www/gpdsgame/vendor/laravel/framework/src/Illuminate/Routing/Middleware/SubstituteBindings.php(51): Illuminate\\Pipeline\\Pipeline->Illuminate\\Pipeline\\{closure}()
#16 /var/www/gpdsgame/vendor/laravel/framework/src/Illuminate/Pipeline/Pipeline.php(209): Illuminate\\Routing\\Middleware\\SubstituteBindings->handle()
#17 /var/www/gpdsgame/vendor/laravel/framework/src/Illuminate/Auth/Middleware/Authenticate.php(64): Illuminate\\Pipeline\\Pipeline->Illuminate\\Pipeline\\{closure}()
#18 /var/www/gpdsgame/vendor/laravel/framework/src/Illuminate/Pipeline/Pipeline.php(209): Illuminate\\Auth\\Middleware\\Authenticate->handle()
#19 /var/www/gpdsgame/vendor/laravel/framework/src/Illuminate/Foundation/Http/Middleware/VerifyCsrfToken.php(88): Illuminate\\Pipeline\\Pipeline->Illuminate\\Pipeline\\{closure}()
#20 /var/www/gpdsgame/vendor/laravel/framework/src/Illuminate/Pipeline/Pipeline.php(209): Illuminate\\Foundation\\Http\\Middleware\\VerifyCsrfToken->handle()
#21 /var/www/gpdsgame/vendor/laravel/framework/src/Illuminate/View/Middleware/ShareErrorsFromSession.php(49): Illuminate\\Pipeline\\Pipeline->Illuminate\\Pipeline\\{closure}()
#22 /var/www/gpdsgame/vendor/laravel/framework/src/Illuminate/Pipeline/Pipeline.php(209): Illuminate\\View\\Middleware\\ShareErrorsFromSession->handle()
#23 /var/www/gpdsgame/vendor/laravel/framework/src/Illuminate/Session/Middleware/StartSession.php(121): Illuminate\\Pipeline\\Pipeline->Illuminate\\Pipeline\\{closure}()
#24 /var/www/gpdsgame/vendor/laravel/framework/src/Illuminate/Session/Middleware/StartSession.php(64): Illuminate\\Session\\Middleware\\StartSession->handleStatefulRequest()
#25 /var/www/gpdsgame/vendor/laravel/framework/src/Illuminate/Pipeline/Pipeline.php(209): Illuminate\\Session\\Middleware\\StartSession->handle()
#26 /var/www/gpdsgame/vendor/laravel/framework/src/Illuminate/Cookie/Middleware/AddQueuedCookiesToResponse.php(37): Illuminate\\Pipeline\\Pipeline->Illuminate\\Pipeline\\{closure}()
#27 /var/www/gpdsgame/vendor/laravel/framework/src/Illuminate/Pipeline/Pipeline.php(209): Illuminate\\Cookie\\Middleware\\AddQueuedCookiesToResponse->handle()
#28 /var/www/gpdsgame/vendor/laravel/framework/src/Illuminate/Cookie/Middleware/EncryptCookies.php(75): Illuminate\\Pipeline\\Pipeline->Illuminate\\Pipeline\\{closure}()
#29 /var/www/gpdsgame/vendor/laravel/framework/src/Illuminate/Pipeline/Pipeline.php(209): Illuminate\\Cookie\\Middleware\\EncryptCookies->handle()
#30 /var/www/gpdsgame/vendor/laravel/framework/src/Illuminate/Pipeline/Pipeline.php(127): Illuminate\\Pipeline\\Pipeline->Illuminate\\Pipeline\\{closure}()
#31 /var/www/gpdsgame/vendor/laravel/framework/src/Illuminate/Routing/Router.php(807): Illuminate\\Pipeline\\Pipeline->then()
#32 /var/www/gpdsgame/vendor/laravel/framework/src/Illuminate/Routing/Router.php(786): Illuminate\\Routing\\Router->runRouteWithinStack()
#33 /var/www/gpdsgame/vendor/laravel/framework/src/Illuminate/Routing/Router.php(750): Illuminate\\Routing\\Router->runRoute()
#34 /var/www/gpdsgame/vendor/laravel/framework/src/Illuminate/Routing/Router.php(739): Illuminate\\Routing\\Router->dispatchToRoute()
#35 /var/www/gpdsgame/vendor/laravel/framework/src/Illuminate/Foundation/Http/Kernel.php(201): Illuminate\\Routing\\Router->dispatch()
#36 /var/www/gpdsgame/vendor/laravel/framework/src/Illuminate/Pipeline/Pipeline.php(170): Illuminate\\Foundation\\Http\\Kernel->Illuminate\\Foundation\\Http\\{closure}()
#37 /var/www/gpdsgame/vendor/laravel/framework/src/Illuminate/Foundation/Http/Middleware/TransformsRequest.php(21): Illuminate\\Pipeline\\Pipeline->Illuminate\\Pipeline\\{closure}()
#38 /var/www/gpdsgame/vendor/laravel/framework/src/Illuminate/Foundation/Http/Middleware/ConvertEmptyStringsToNull.php(31): Illuminate\\Foundation\\Http\\Middleware\\TransformsRequest->handle()
#39 /var/www/gpdsgame/vendor/laravel/framework/src/Illuminate/Pipeline/Pipeline.php(209): Illuminate\\Foundation\\Http\\Middleware\\ConvertEmptyStringsToNull->handle()
#40 /var/www/gpdsgame/vendor/laravel/framework/src/Illuminate/Foundation/Http/Middleware/TransformsRequest.php(21): Illuminate\\Pipeline\\Pipeline->Illuminate\\Pipeline\\{closure}()
#41 /var/www/gpdsgame/vendor/laravel/framework/src/Illuminate/Foundation/Http/Middleware/TrimStrings.php(51): Illuminate\\Foundation\\Http\\Middleware\\TransformsRequest->handle()
#42 /var/www/gpdsgame/vendor/laravel/framework/src/Illuminate/Pipeline/Pipeline.php(209): Illuminate\\Foundation\\Http\\Middleware\\TrimStrings->handle()
#43 /var/www/gpdsgame/vendor/laravel/framework/src/Illuminate/Http/Middleware/ValidatePostSize.php(27): Illuminate\\Pipeline\\Pipeline->Illuminate\\Pipeline\\{closure}()
#44 /var/www/gpdsgame/vendor/laravel/framework/src/Illuminate/Pipeline/Pipeline.php(209): Illuminate\\Http\\Middleware\\ValidatePostSize->handle()
#45 /var/www/gpdsgame/vendor/laravel/framework/src/Illuminate/Foundation/Http/Middleware/PreventRequestsDuringMaintenance.php(110): Illuminate\\Pipeline\\Pipeline->Illuminate\\Pipeline\\{closure}()
#46 /var/www/gpdsgame/vendor/laravel/framework/src/Illuminate/Pipeline/Pipeline.php(209): Illuminate\\Foundation\\Http\\Middleware\\PreventRequestsDuringMaintenance->handle()
#47 /var/www/gpdsgame/vendor/laravel/framework/src/Illuminate/Http/Middleware/HandleCors.php(49): Illuminate\\Pipeline\\Pipeline->Illuminate\\Pipeline\\{closure}()
#48 /var/www/gpdsgame/vendor/laravel/framework/src/Illuminate/Pipeline/Pipeline.php(209): Illuminate\\Http\\Middleware\\HandleCors->handle()
#49 /var/www/gpdsgame/vendor/laravel/framework/src/Illuminate/Http/Middleware/TrustProxies.php(58): Illuminate\\Pipeline\\Pipeline->Illuminate\\Pipeline\\{closure}()
#50 /var/www/gpdsgame/vendor/laravel/framework/src/Illuminate/Pipeline/Pipeline.php(209): Illuminate\\Http\\Middleware\\TrustProxies->handle()
#51 /var/www/gpdsgame/vendor/laravel/framework/src/Illuminate/Foundation/Http/Middleware/InvokeDeferredCallbacks.php(22): Illuminate\\Pipeline\\Pipeline->Illuminate\\Pipeline\\{closure}()
#52 /var/www/gpdsgame/vendor/laravel/framework/src/Illuminate/Pipeline/Pipeline.php(209): Illuminate\\Foundation\\Http\\Middleware\\InvokeDeferredCallbacks->handle()
#53 /var/www/gpdsgame/app/Http/Middleware/CheckBanned.php(23): Illuminate\\Pipeline\\Pipeline->Illuminate\\Pipeline\\{closure}()
#54 /var/www/gpdsgame/vendor/laravel/framework/src/Illuminate/Pipeline/Pipeline.php(209): App\\Http\\Middleware\\CheckBanned->handle()
#55 /var/www/gpdsgame/app/Http/Middleware/CheckBannedIp.php(24): Illuminate\\Pipeline\\Pipeline->Illuminate\\Pipeline\\{closure}()
#56 /var/www/gpdsgame/vendor/laravel/framework/src/Illuminate/Pipeline/Pipeline.php(209): App\\Http\\Middleware\\CheckBannedIp->handle()
#57 /var/www/gpdsgame/vendor/laravel/framework/src/Illuminate/Pipeline/Pipeline.php(127): Illuminate\\Pipeline\\Pipeline->Illuminate\\Pipeline\\{closure}()
#58 /var/www/gpdsgame/vendor/laravel/framework/src/Illuminate/Foundation/Http/Kernel.php(176): Illuminate\\Pipeline\\Pipeline->then()
#59 /var/www/gpdsgame/vendor/laravel/framework/src/Illuminate/Foundation/Http/Kernel.php(145): Illuminate\\Foundation\\Http\\Kernel->sendRequestThroughRouter()
#60 /var/www/gpdsgame/public/index.php(57): Illuminate\\Foundation\\Http\\Kernel->handle()
#61 {main}

[previous exception] [object] (Illuminate\\View\\ViewException(code: 0): Undefined variable $activePage (View: /var/www/gpdsgame/resources/views/layouts/sidebar.blade.php) (View: /var/www/gpdsgame/resources/views/layouts/sidebar.blade.php) at /var/www/gpdsgame/storage/framework/views/e58c494c66d5da39fb8742670158dd24.php:16)
[stacktrace]
#0 /var/www/gpdsgame/vendor/laravel/framework/src/Illuminate/View/Engines/PhpEngine.php(60): Illuminate\\View\\Engines\\CompilerEngine->handleViewException()
#1 /var/www/gpdsgame/vendor/laravel/framework/src/Illuminate/View/Engines/CompilerEngine.php(75): Illuminate\\View\\Engines\\PhpEngine->evaluatePath()
#2 /var/www/gpdsgame/vendor/laravel/framework/src/Illuminate/View/View.php(209): Illuminate\\View\\Engines\\CompilerEngine->get()
#3 /var/www/gpdsgame/vendor/laravel/framework/src/Illuminate/View/View.php(192): Illuminate\\View\\View->getContents()
#4 /var/www/gpdsgame/vendor/laravel/framework/src/Illuminate/View/View.php(161): Illuminate\\View\\View->renderContents()
#5 /var/www/gpdsgame/storage/framework/views/4eaf261bcbb720ee41c34610500a60bc.php(172): Illuminate\\View\\View->render()
#6 /var/www/gpdsgame/vendor/laravel/framework/src/Illuminate/Filesystem/Filesystem.php(123): require('...')
#7 /var/www/gpdsgame/vendor/laravel/framework/src/Illuminate/Filesystem/Filesystem.php(124): Illuminate\\Filesystem\\Filesystem::Illuminate\\Filesystem\\{closure}()
#8 /var/www/gpdsgame/vendor/laravel/framework/src/Illuminate/View/Engines/PhpEngine.php(58): Illuminate\\Filesystem\\Filesystem->getRequire()
#9 /var/www/gpdsgame/vendor/laravel/framework/src/Illuminate/View/Engines/CompilerEngine.php(75): Illuminate\\View\\Engines\\PhpEngine->evaluatePath()
#10 /var/www/gpdsgame/vendor/laravel/framework/src/Illuminate/View/View.php(209): Illuminate\\View\\Engines\\CompilerEngine->get()
#11 /var/www/gpdsgame/vendor/laravel/framework/src/Illuminate/View/View.php(192): Illuminate\\View\\View->getContents()
#12 /var/www/gpdsgame/vendor/laravel/framework/src/Illuminate/View/View.php(161): Illuminate\\View\\View->renderContents()
#13 /var/www/gpdsgame/vendor/laravel/framework/src/Illuminate/Http/Response.php(79): Illuminate\\View\\View->render()
#14 /var/www/gpdsgame/vendor/laravel/framework/src/Illuminate/Http/Response.php(35): Illuminate\\Http\\Response->setContent()
#15 /var/www/gpdsgame/vendor/laravel/framework/src/Illuminate/Routing/Router.php(920): Illuminate\\Http\\Response->__construct()
#16 /var/www/gpdsgame/vendor/laravel/framework/src/Illuminate/Routing/Router.php(887): Illuminate\\Routing\\Router::toResponse()
#17 /var/www/gpdsgame/vendor/laravel/framework/src/Illuminate/Routing/Router.php(807): Illuminate\\Routing\\Router->prepareResponse()
#18 /var/www/gpdsgame/vendor/laravel/framework/src/Illuminate/Pipeline/Pipeline.php(170): Illuminate\\Routing\\Router->Illuminate\\Routing\\{closure}()
#19 /var/www/gpdsgame/vendor/spatie/laravel-permission/src/Middleware/PermissionMiddleware.php(37): Illuminate\\Pipeline\\Pipeline->Illuminate\\Pipeline\\{closure}()
#20 /var/www/gpdsgame/vendor/laravel/framework/src/Illuminate/Pipeline/Pipeline.php(209): Spatie\\Permission\\Middleware\\PermissionMiddleware->handle()
#21 /var/www/gpdsgame/app/Http/Middleware/EnsureNotCustomer.php(32): Illuminate\\Pipeline\\Pipeline->Illuminate\\Pipeline\\{closure}()
#22 /var/www/gpdsgame/vendor/laravel/framework/src/Illuminate/Pipeline/Pipeline.php(209): App\\Http\\Middleware\\EnsureNotCustomer->handle()
#23 /var/www/gpdsgame/vendor/laravel/framework/src/Illuminate/Routing/Middleware/SubstituteBindings.php(51): Illuminate\\Pipeline\\Pipeline->Illuminate\\Pipeline\\{closure}()
#24 /var/www/gpdsgame/vendor/laravel/framework/src/Illuminate/Pipeline/Pipeline.php(209): Illuminate\\Routing\\Middleware\\SubstituteBindings->handle()
#25 /var/www/gpdsgame/vendor/laravel/framework/src/Illuminate/Auth/Middleware/Authenticate.php(64): Illuminate\\Pipeline\\Pipeline->Illuminate\\Pipeline\\{closure}()
#26 /var/www/gpdsgame/vendor/laravel/framework/src/Illuminate/Pipeline/Pipeline.php(209): Illuminate\\Auth\\Middleware\\Authenticate->handle()
#27 /var/www/gpdsgame/vendor/laravel/framework/src/Illuminate/Foundation/Http/Middleware/VerifyCsrfToken.php(88): Illuminate\\Pipeline\\Pipeline->Illuminate\\Pipeline\\{closure}()
#28 /var/www/gpdsgame/vendor/laravel/framework/src/Illuminate/Pipeline/Pipeline.php(209): Illuminate\\Foundation\\Http\\Middleware\\VerifyCsrfToken->handle()
#29 /var/www/gpdsgame/vendor/laravel/framework/src/Illuminate/View/Middleware/ShareErrorsFromSession.php(49): Illuminate\\Pipeline\\Pipeline->Illuminate\\Pipeline\\{closure}()
#30 /var/www/gpdsgame/vendor/laravel/framework/src/Illuminate/Pipeline/Pipeline.php(209): Illuminate\\View\\Middleware\\ShareErrorsFromSession->handle()
#31 /var/www/gpdsgame/vendor/laravel/framework/src/Illuminate/Session/Middleware/StartSession.php(121): Illuminate\\Pipeline\\Pipeline->Illuminate\\Pipeline\\{closure}()
#32 /var/www/gpdsgame/vendor/laravel/framework/src/Illuminate/Session/Middleware/StartSession.php(64): Illuminate\\Session\\Middleware\\StartSession->handleStatefulRequest()
#33 /var/www/gpdsgame/vendor/laravel/framework/src/Illuminate/Pipeline/Pipeline.php(209): Illuminate\\Session\\Middleware\\StartSession->handle()
#34 /var/www/gpdsgame/vendor/laravel/framework/src/Illuminate/Cookie/Middleware/AddQueuedCookiesToResponse.php(37): Illuminate\\Pipeline\\Pipeline->Illuminate\\Pipeline\\{closure}()
#35 /var/www/gpdsgame/vendor/laravel/framework/src/Illuminate/Pipeline/Pipeline.php(209): Illuminate\\Cookie\\Middleware\\AddQueuedCookiesToResponse->handle()
#36 /var/www/gpdsgame/vendor/laravel/framework/src/Illuminate/Cookie/Middleware/EncryptCookies.php(75): Illuminate\\Pipeline\\Pipeline->Illuminate\\Pipeline\\{closure}()
#37 /var/www/gpdsgame/vendor/laravel/framework/src/Illuminate/Pipeline/Pipeline.php(209): Illuminate\\Cookie\\Middleware\\EncryptCookies->handle()
#38 /var/www/gpdsgame/vendor/laravel/framework/src/Illuminate/Pipeline/Pipeline.php(127): Illuminate\\Pipeline\\Pipeline->Illuminate\\Pipeline\\{closure}()
#39 /var/www/gpdsgame/vendor/laravel/framework/src/Illuminate/Routing/Router.php(807): Illuminate\\Pipeline\\Pipeline->then()
#40 /var/www/gpdsgame/vendor/laravel/framework/src/Illuminate/Routing/Router.php(786): Illuminate\\Routing\\Router->runRouteWithinStack()
#41 /var/www/gpdsgame/vendor/laravel/framework/src/Illuminate/Routing/Router.php(750): Illuminate\\Routing\\Router->runRoute()
#42 /var/www/gpdsgame/vendor/laravel/framework/src/Illuminate/Routing/Router.php(739): Illuminate\\Routing\\Router->dispatchToRoute()
#43 /var/www/gpdsgame/vendor/laravel/framework/src/Illuminate/Foundation/Http/Kernel.php(201): Illuminate\\Routing\\Router->dispatch()
#44 /var/www/gpdsgame/vendor/laravel/framework/src/Illuminate/Pipeline/Pipeline.php(170): Illuminate\\Foundation\\Http\\Kernel->Illuminate\\Foundation\\Http\\{closure}()
#45 /var/www/gpdsgame/vendor/laravel/framework/src/Illuminate/Foundation/Http/Middleware/TransformsRequest.php(21): Illuminate\\Pipeline\\Pipeline->Illuminate\\Pipeline\\{closure}()
#46 /var/www/gpdsgame/vendor/laravel/framework/src/Illuminate/Foundation/Http/Middleware/ConvertEmptyStringsToNull.php(31): Illuminate\\Foundation\\Http\\Middleware\\TransformsRequest->handle()
#47 /var/www/gpdsgame/vendor/laravel/framework/src/Illuminate/Pipeline/Pipeline.php(209): Illuminate\\Foundation\\Http\\Middleware\\ConvertEmptyStringsToNull->handle()
#48 /var/www/gpdsgame/vendor/laravel/framework/src/Illuminate/Foundation/Http/Middleware/TransformsRequest.php(21): Illuminate\\Pipeline\\Pipeline->Illuminate\\Pipeline\\{closure}()
#49 /var/www/gpdsgame/vendor/laravel/framework/src/Illuminate/Foundation/Http/Middleware/TrimStrings.php(51): Illuminate\\Foundation\\Http\\Middleware\\TransformsRequest->handle()
#50 /var/www/gpdsgame/vendor/laravel/framework/src/Illuminate/Pipeline/Pipeline.php(209): Illuminate\\Foundation\\Http\\Middleware\\TrimStrings->handle()
#51 /var/www/gpdsgame/vendor/laravel/framework/src/Illuminate/Http/Middleware/ValidatePostSize.php(27): Illuminate\\Pipeline\\Pipeline->Illuminate\\Pipeline\\{closure}()
#52 /var/www/gpdsgame/vendor/laravel/framework/src/Illuminate/Pipeline/Pipeline.php(209): Illuminate\\Http\\Middleware\\ValidatePostSize->handle()
#53 /var/www/gpdsgame/vendor/laravel/framework/src/Illuminate/Foundation/Http/Middleware/PreventRequestsDuringMaintenance.php(110): Illuminate\\Pipeline\\Pipeline->Illuminate\\Pipeline\\{closure}()
#54 /var/www/gpdsgame/vendor/laravel/framework/src/Illuminate/Pipeline/Pipeline.php(209): Illuminate\\Foundation\\Http\\Middleware\\PreventRequestsDuringMaintenance->handle()
#55 /var/www/gpdsgame/vendor/laravel/framework/src/Illuminate/Http/Middleware/HandleCors.php(49): Illuminate\\Pipeline\\Pipeline->Illuminate\\Pipeline\\{closure}()
#56 /var/www/gpdsgame/vendor/laravel/framework/src/Illuminate/Pipeline/Pipeline.php(209): Illuminate\\Http\\Middleware\\HandleCors->handle()
#57 /var/www/gpdsgame/vendor/laravel/framework/src/Illuminate/Http/Middleware/TrustProxies.php(58): Illuminate\\Pipeline\\Pipeline->Illuminate\\Pipeline\\{closure}()
#58 /var/www/gpdsgame/vendor/laravel/framework/src/Illuminate/Pipeline/Pipeline.php(209): Illuminate\\Http\\Middleware\\TrustProxies->handle()
#59 /var/www/gpdsgame/vendor/laravel/framework/src/Illuminate/Foundation/Http/Middleware/InvokeDeferredCallbacks.php(22): Illuminate\\Pipeline\\Pipeline->Illuminate\\Pipeline\\{closure}()
#60 /var/www/gpdsgame/vendor/laravel/framework/src/Illuminate/Pipeline/Pipeline.php(209): Illuminate\\Foundation\\Http\\Middleware\\InvokeDeferredCallbacks->handle()
#61 /var/www/gpdsgame/app/Http/Middleware/CheckBanned.php(23): Illuminate\\Pipeline\\Pipeline->Illuminate\\Pipeline\\{closure}()
#62 /var/www/gpdsgame/vendor/laravel/framework/src/Illuminate/Pipeline/Pipeline.php(209): App\\Http\\Middleware\\CheckBanned->handle()
#63 /var/www/gpdsgame/app/Http/Middleware/CheckBannedIp.php(24): Illuminate\\Pipeline\\Pipeline->Illuminate\\Pipeline\\{closure}()
#64 /var/www/gpdsgame/vendor/laravel/framework/src/Illuminate/Pipeline/Pipeline.php(209): App\\Http\\Middleware\\CheckBannedIp->handle()
#65 /var/www/gpdsgame/vendor/laravel/framework/src/Illuminate/Pipeline/Pipeline.php(127): Illuminate\\Pipeline\\Pipeline->Illuminate\\Pipeline\\{closure}()
#66 /var/www/gpdsgame/vendor/laravel/framework/src/Illuminate/Foundation/Http/Kernel.php(176): Illuminate\\Pipeline\\Pipeline->then()
#67 /var/www/gpdsgame/vendor/laravel/framework/src/Illuminate/Foundation/Http/Kernel.php(145): Illuminate\\Foundation\\Http\\Kernel->sendRequestThroughRouter()
#68 /var/www/gpdsgame/public/index.php(57): Illuminate\\Foundation\\Http\\Kernel->handle()
#69 {main}

[previous exception] [object] (Illuminate\\View\\ViewException(code: 0): Undefined variable $activePage (View: /var/www/gpdsgame/resources/views/layouts/sidebar.blade.php) at /var/www/gpdsgame/storage/framework/views/e58c494c66d5da39fb8742670158dd24.php:16)
[stacktrace]
#0 /var/www/gpdsgame/vendor/laravel/framework/src/Illuminate/View/Engines/PhpEngine.php(60): Illuminate\\View\\Engines\\CompilerEngine->handleViewException()
#1 /var/www/gpdsgame/vendor/laravel/framework/src/Illuminate/View/Engines/CompilerEngine.php(75): Illuminate\\View\\Engines\\PhpEngine->evaluatePath()
#2 /var/www/gpdsgame/vendor/laravel/framework/src/Illuminate/View/View.php(209): Illuminate\\View\\Engines\\CompilerEngine->get()
#3 /var/www/gpdsgame/vendor/laravel/framework/src/Illuminate/View/View.php(192): Illuminate\\View\\View->getContents()
#4 /var/www/gpdsgame/vendor/laravel/framework/src/Illuminate/View/View.php(161): Illuminate\\View\\View->renderContents()
#5 /var/www/gpdsgame/storage/framework/views/2e96c1e1030bb0219ecd5d14921b3172.php(57): Illuminate\\View\\View->render()
#6 /var/www/gpdsgame/vendor/laravel/framework/src/Illuminate/Filesystem/Filesystem.php(123): require('...')
#7 /var/www/gpdsgame/vendor/laravel/framework/src/Illuminate/Filesystem/Filesystem.php(124): Illuminate\\Filesystem\\Filesystem::Illuminate\\Filesystem\\{closure}()
#8 /var/www/gpdsgame/vendor/laravel/framework/src/Illuminate/View/Engines/PhpEngine.php(58): Illuminate\\Filesystem\\Filesystem->getRequire()
#9 /var/www/gpdsgame/vendor/laravel/framework/src/Illuminate/View/Engines/CompilerEngine.php(75): Illuminate\\View\\Engines\\PhpEngine->evaluatePath()
#10 /var/www/gpdsgame/vendor/laravel/framework/src/Illuminate/View/View.php(209): Illuminate\\View\\Engines\\CompilerEngine->get()
#11 /var/www/gpdsgame/vendor/laravel/framework/src/Illuminate/View/View.php(192): Illuminate\\View\\View->getContents()
#12 /var/www/gpdsgame/vendor/laravel/framework/src/Illuminate/View/View.php(161): Illuminate\\View\\View->renderContents()
#13 /var/www/gpdsgame/storage/framework/views/4eaf261bcbb720ee41c34610500a60bc.php(172): Illuminate\\View\\View->render()
#14 /var/www/gpdsgame/vendor/laravel/framework/src/Illuminate/Filesystem/Filesystem.php(123): require('...')
#15 /var/www/gpdsgame/vendor/laravel/framework/src/Illuminate/Filesystem/Filesystem.php(124): Illuminate\\Filesystem\\Filesystem::Illuminate\\Filesystem\\{closure}()
#16 /var/www/gpdsgame/vendor/laravel/framework/src/Illuminate/View/Engines/PhpEngine.php(58): Illuminate\\Filesystem\\Filesystem->getRequire()
#17 /var/www/gpdsgame/vendor/laravel/framework/src/Illuminate/View/Engines/CompilerEngine.php(75): Illuminate\\View\\Engines\\PhpEngine->evaluatePath()
#18 /var/www/gpdsgame/vendor/laravel/framework/src/Illuminate/View/View.php(209): Illuminate\\View\\Engines\\CompilerEngine->get()
#19 /var/www/gpdsgame/vendor/laravel/framework/src/Illuminate/View/View.php(192): Illuminate\\View\\View->getContents()
#20 /var/www/gpdsgame/vendor/laravel/framework/src/Illuminate/View/View.php(161): Illuminate\\View\\View->renderContents()
#21 /var/www/gpdsgame/vendor/laravel/framework/src/Illuminate/Http/Response.php(79): Illuminate\\View\\View->render()
#22 /var/www/gpdsgame/vendor/laravel/framework/src/Illuminate/Http/Response.php(35): Illuminate\\Http\\Response->setContent()
#23 /var/www/gpdsgame/vendor/laravel/framework/src/Illuminate/Routing/Router.php(920): Illuminate\\Http\\Response->__construct()
#24 /var/www/gpdsgame/vendor/laravel/framework/src/Illuminate/Routing/Router.php(887): Illuminate\\Routing\\Router::toResponse()
#25 /var/www/gpdsgame/vendor/laravel/framework/src/Illuminate/Routing/Router.php(807): Illuminate\\Routing\\Router->prepareResponse()
#26 /var/www/gpdsgame/vendor/laravel/framework/src/Illuminate/Pipeline/Pipeline.php(170): Illuminate\\Routing\\Router->Illuminate\\Routing\\{closure}()
#27 /var/www/gpdsgame/vendor/spatie/laravel-permission/src/Middleware/PermissionMiddleware.php(37): Illuminate\\Pipeline\\Pipeline->Illuminate\\Pipeline\\{closure}()
#28 /var/www/gpdsgame/vendor/laravel/framework/src/Illuminate/Pipeline/Pipeline.php(209): Spatie\\Permission\\Middleware\\PermissionMiddleware->handle()
#29 /var/www/gpdsgame/app/Http/Middleware/EnsureNotCustomer.php(32): Illuminate\\Pipeline\\Pipeline->Illuminate\\Pipeline\\{closure}()
#30 /var/www/gpdsgame/vendor/laravel/framework/src/Illuminate/Pipeline/Pipeline.php(209): App\\Http\\Middleware\\EnsureNotCustomer->handle()
#31 /var/www/gpdsgame/vendor/laravel/framework/src/Illuminate/Routing/Middleware/SubstituteBindings.php(51): Illuminate\\Pipeline\\Pipeline->Illuminate\\Pipeline\\{closure}()
#32 /var/www/gpdsgame/vendor/laravel/framework/src/Illuminate/Pipeline/Pipeline.php(209): Illuminate\\Routing\\Middleware\\SubstituteBindings->handle()
#33 /var/www/gpdsgame/vendor/laravel/framework/src/Illuminate/Auth/Middleware/Authenticate.php(64): Illuminate\\Pipeline\\Pipeline->Illuminate\\Pipeline\\{closure}()
#34 /var/www/gpdsgame/vendor/laravel/framework/src/Illuminate/Pipeline/Pipeline.php(209): Illuminate\\Auth\\Middleware\\Authenticate->handle()
#35 /var/www/gpdsgame/vendor/laravel/framework/src/Illuminate/Foundation/Http/Middleware/VerifyCsrfToken.php(88): Illuminate\\Pipeline\\Pipeline->Illuminate\\Pipeline\\{closure}()
#36 /var/www/gpdsgame/vendor/laravel/framework/src/Illuminate/Pipeline/Pipeline.php(209): Illuminate\\Foundation\\Http\\Middleware\\VerifyCsrfToken->handle()
#37 /var/www/gpdsgame/vendor/laravel/framework/src/Illuminate/View/Middleware/ShareErrorsFromSession.php(49): Illuminate\\Pipeline\\Pipeline->Illuminate\\Pipeline\\{closure}()
#38 /var/www/gpdsgame/vendor/laravel/framework/src/Illuminate/Pipeline/Pipeline.php(209): Illuminate\\View\\Middleware\\ShareErrorsFromSession->handle()
#39 /var/www/gpdsgame/vendor/laravel/framework/src/Illuminate/Session/Middleware/StartSession.php(121): Illuminate\\Pipeline\\Pipeline->Illuminate\\Pipeline\\{closure}()
#40 /var/www/gpdsgame/vendor/laravel/framework/src/Illuminate/Session/Middleware/StartSession.php(64): Illuminate\\Session\\Middleware\\StartSession->handleStatefulRequest()
#41 /var/www/gpdsgame/vendor/laravel/framework/src/Illuminate/Pipeline/Pipeline.php(209): Illuminate\\Session\\Middleware\\StartSession->handle()
#42 /var/www/gpdsgame/vendor/laravel/framework/src/Illuminate/Cookie/Middleware/AddQueuedCookiesToResponse.php(37): Illuminate\\Pipeline\\Pipeline->Illuminate\\Pipeline\\{closure}()
#43 /var/www/gpdsgame/vendor/laravel/framework/src/Illuminate/Pipeline/Pipeline.php(209): Illuminate\\Cookie\\Middleware\\AddQueuedCookiesToResponse->handle()
#44 /var/www/gpdsgame/vendor/laravel/framework/src/Illuminate/Cookie/Middleware/EncryptCookies.php(75): Illuminate\\Pipeline\\Pipeline->Illuminate\\Pipeline\\{closure}()
#45 /var/www/gpdsgame/vendor/laravel/framework/src/Illuminate/Pipeline/Pipeline.php(209): Illuminate\\Cookie\\Middleware\\EncryptCookies->handle()
#46 /var/www/gpdsgame/vendor/laravel/framework/src/Illuminate/Pipeline/Pipeline.php(127): Illuminate\\Pipeline\\Pipeline->Illuminate\\Pipeline\\{closure}()
#47 /var/www/gpdsgame/vendor/laravel/framework/src/Illuminate/Routing/Router.php(807): Illuminate\\Pipeline\\Pipeline->then()
#48 /var/www/gpdsgame/vendor/laravel/framework/src/Illuminate/Routing/Router.php(786): Illuminate\\Routing\\Router->runRouteWithinStack()
#49 /var/www/gpdsgame/vendor/laravel/framework/src/Illuminate/Routing/Router.php(750): Illuminate\\Routing\\Router->runRoute()
#50 /var/www/gpdsgame/vendor/laravel/framework/src/Illuminate/Routing/Router.php(739): Illuminate\\Routing\\Router->dispatchToRoute()
#51 /var/www/gpdsgame/vendor/laravel/framework/src/Illuminate/Foundation/Http/Kernel.php(201): Illuminate\\Routing\\Router->dispatch()
#52 /var/www/gpdsgame/vendor/laravel/framework/src/Illuminate/Pipeline/Pipeline.php(170): Illuminate\\Foundation\\Http\\Kernel->Illuminate\\Foundation\\Http\\{closure}()
#53 /var/www/gpdsgame/vendor/laravel/framework/src/Illuminate/Foundation/Http/Middleware/TransformsRequest.php(21): Illuminate\\Pipeline\\Pipeline->Illuminate\\Pipeline\\{closure}()
#54 /var/www/gpdsgame/vendor/laravel/framework/src/Illuminate/Foundation/Http/Middleware/ConvertEmptyStringsToNull.php(31): Illuminate\\Foundation\\Http\\Middleware\\TransformsRequest->handle()
#55 /var/www/gpdsgame/vendor/laravel/framework/src/Illuminate/Pipeline/Pipeline.php(209): Illuminate\\Foundation\\Http\\Middleware\\ConvertEmptyStringsToNull->handle()
#56 /var/www/gpdsgame/vendor/laravel/framework/src/Illuminate/Foundation/Http/Middleware/TransformsRequest.php(21): Illuminate\\Pipeline\\Pipeline->Illuminate\\Pipeline\\{closure}()
#57 /var/www/gpdsgame/vendor/laravel/framework/src/Illuminate/Foundation/Http/Middleware/TrimStrings.php(51): Illuminate\\Foundation\\Http\\Middleware\\TransformsRequest->handle()
#58 /var/www/gpdsgame/vendor/laravel/framework/src/Illuminate/Pipeline/Pipeline.php(209): Illuminate\\Foundation\\Http\\Middleware\\TrimStrings->handle()
#59 /var/www/gpdsgame/vendor/laravel/framework/src/Illuminate/Http/Middleware/ValidatePostSize.php(27): Illuminate\\Pipeline\\Pipeline->Illuminate\\Pipeline\\{closure}()
#60 /var/www/gpdsgame/vendor/laravel/framework/src/Illuminate/Pipeline/Pipeline.php(209): Illuminate\\Http\\Middleware\\ValidatePostSize->handle()
#61 /var/www/gpdsgame/vendor/laravel/framework/src/Illuminate/Foundation/Http/Middleware/PreventRequestsDuringMaintenance.php(110): Illuminate\\Pipeline\\Pipeline->Illuminate\\Pipeline\\{closure}()
#62 /var/www/gpdsgame/vendor/laravel/framework/src/Illuminate/Pipeline/Pipeline.php(209): Illuminate\\Foundation\\Http\\Middleware\\PreventRequestsDuringMaintenance->handle()
#63 /var/www/gpdsgame/vendor/laravel/framework/src/Illuminate/Http/Middleware/HandleCors.php(49): Illuminate\\Pipeline\\Pipeline->Illuminate\\Pipeline\\{closure}()
#64 /var/www/gpdsgame/vendor/laravel/framework/src/Illuminate/Pipeline/Pipeline.php(209): Illuminate\\Http\\Middleware\\HandleCors->handle()
#65 /var/www/gpdsgame/vendor/laravel/framework/src/Illuminate/Http/Middleware/TrustProxies.php(58): Illuminate\\Pipeline\\Pipeline->Illuminate\\Pipeline\\{closure}()
#66 /var/www/gpdsgame/vendor/laravel/framework/src/Illuminate/Pipeline/Pipeline.php(209): Illuminate\\Http\\Middleware\\TrustProxies->handle()
#67 /var/www/gpdsgame/vendor/laravel/framework/src/Illuminate/Foundation/Http/Middleware/InvokeDeferredCallbacks.php(22): Illuminate\\Pipeline\\Pipeline->Illuminate\\Pipeline\\{closure}()
#68 /var/www/gpdsgame/vendor/laravel/framework/src/Illuminate/Pipeline/Pipeline.php(209): Illuminate\\Foundation\\Http\\Middleware\\InvokeDeferredCallbacks->handle()
#69 /var/www/gpdsgame/app/Http/Middleware/CheckBanned.php(23): Illuminate\\Pipeline\\Pipeline->Illuminate\\Pipeline\\{closure}()
#70 /var/www/gpdsgame/vendor/laravel/framework/src/Illuminate/Pipeline/Pipeline.php(209): App\\Http\\Middleware\\CheckBanned->handle()
#71 /var/www/gpdsgame/app/Http/Middleware/CheckBannedIp.php(24): Illuminate\\Pipeline\\Pipeline->Illuminate\\Pipeline\\{closure}()
#72 /var/www/gpdsgame/vendor/laravel/framework/src/Illuminate/Pipeline/Pipeline.php(209): App\\Http\\Middleware\\CheckBannedIp->handle()
#73 /var/www/gpdsgame/vendor/laravel/framework/src/Illuminate/Pipeline/Pipeline.php(127): Illuminate\\Pipeline\\Pipeline->Illuminate\\Pipeline\\{closure}()
#74 /var/www/gpdsgame/vendor/laravel/framework/src/Illuminate/Foundation/Http/Kernel.php(176): Illuminate\\Pipeline\\Pipeline->then()
#75 /var/www/gpdsgame/vendor/laravel/framework/src/Illuminate/Foundation/Http/Kernel.php(145): Illuminate\\Foundation\\Http\\Kernel->sendRequestThroughRouter()
#76 /var/www/gpdsgame/public/index.php(57): Illuminate\\Foundation\\Http\\Kernel->handle()
#77 {main}

[previous exception] [object] (ErrorException(code: 0): Undefined variable $activePage at /var/www/gpdsgame/storage/framework/views/e58c494c66d5da39fb8742670158dd24.php:16)
[stacktrace]
#0 /var/www/gpdsgame/vendor/laravel/framework/src/Illuminate/Foundation/Bootstrap/HandleExceptions.php(258): Illuminate\\Foundation\\Bootstrap\\HandleExceptions->handleError()
#1 /var/www/gpdsgame/storage/framework/views/e58c494c66d5da39fb8742670158dd24.php(16): Illuminate\\Foundation\\Bootstrap\\HandleExceptions->Illuminate\\Foundation\\Bootstrap\\{closure}()
#2 /var/www/gpdsgame/vendor/laravel/framework/src/Illuminate/Filesystem/Filesystem.php(123): require('...')
#3 /var/www/gpdsgame/vendor/laravel/framework/src/Illuminate/Filesystem/Filesystem.php(124): Illuminate\\Filesystem\\Filesystem::Illuminate\\Filesystem\\{closure}()
#4 /var/www/gpdsgame/vendor/laravel/framework/src/Illuminate/View/Engines/PhpEngine.php(58): Illuminate\\Filesystem\\Filesystem->getRequire()
#5 /var/www/gpdsgame/vendor/laravel/framework/src/Illuminate/View/Engines/CompilerEngine.php(75): Illuminate\\View\\Engines\\PhpEngine->evaluatePath()
#6 /var/www/gpdsgame/vendor/laravel/framework/src/Illuminate/View/View.php(209): Illuminate\\View\\Engines\\CompilerEngine->get()
#7 /var/www/gpdsgame/vendor/laravel/framework/src/Illuminate/View/View.php(192): Illuminate\\View\\View->getContents()
#8 /var/www/gpdsgame/vendor/laravel/framework/src/Illuminate/View/View.php(161): Illuminate\\View\\View->renderContents()
#9 /var/www/gpdsgame/storage/framework/views/2e96c1e1030bb0219ecd5d14921b3172.php(57): Illuminate\\View\\View->render()
#10 /var/www/gpdsgame/vendor/laravel/framework/src/Illuminate/Filesystem/Filesystem.php(123): require('...')
#11 /var/www/gpdsgame/vendor/laravel/framework/src/Illuminate/Filesystem/Filesystem.php(124): Illuminate\\Filesystem\\Filesystem::Illuminate\\Filesystem\\{closure}()
#12 /var/www/gpdsgame/vendor/laravel/framework/src/Illuminate/View/Engines/PhpEngine.php(58): Illuminate\\Filesystem\\Filesystem->getRequire()
#13 /var/www/gpdsgame/vendor/laravel/framework/src/Illuminate/View/Engines/CompilerEngine.php(75): Illuminate\\View\\Engines\\PhpEngine->evaluatePath()
#14 /var/www/gpdsgame/vendor/laravel/framework/src/Illuminate/View/View.php(209): Illuminate\\View\\Engines\\CompilerEngine->get()
#15 /var/www/gpdsgame/vendor/laravel/framework/src/Illuminate/View/View.php(192): Illuminate\\View\\View->getContents()
#16 /var/www/gpdsgame/vendor/laravel/framework/src/Illuminate/View/View.php(161): Illuminate\\View\\View->renderContents()
#17 /var/www/gpdsgame/storage/framework/views/4eaf261bcbb720ee41c34610500a60bc.php(172): Illuminate\\View\\View->render()
#18 /var/www/gpdsgame/vendor/laravel/framework/src/Illuminate/Filesystem/Filesystem.php(123): require('...')
#19 /var/www/gpdsgame/vendor/laravel/framework/src/Illuminate/Filesystem/Filesystem.php(124): Illuminate\\Filesystem\\Filesystem::Illuminate\\Filesystem\\{closure}()
#20 /var/www/gpdsgame/vendor/laravel/framework/src/Illuminate/View/Engines/PhpEngine.php(58): Illuminate\\Filesystem\\Filesystem->getRequire()
#21 /var/www/gpdsgame/vendor/laravel/framework/src/Illuminate/View/Engines/CompilerEngine.php(75): Illuminate\\View\\Engines\\PhpEngine->evaluatePath()
#22 /var/www/gpdsgame/vendor/laravel/framework/src/Illuminate/View/View.php(209): Illuminate\\View\\Engines\\CompilerEngine->get()
#23 /var/www/gpdsgame/vendor/laravel/framework/src/Illuminate/View/View.php(192): Illuminate\\View\\View->getContents()
#24 /var/www/gpdsgame/vendor/laravel/framework/src/Illuminate/View/View.php(161): Illuminate\\View\\View->renderContents()
#25 /var/www/gpdsgame/vendor/laravel/framework/src/Illuminate/Http/Response.php(79): Illuminate\\View\\View->render()
#26 /var/www/gpdsgame/vendor/laravel/framework/src/Illuminate/Http/Response.php(35): Illuminate\\Http\\Response->setContent()
#27 /var/www/gpdsgame/vendor/laravel/framework/src/Illuminate/Routing/Router.php(920): Illuminate\\Http\\Response->__construct()
#28 /var/www/gpdsgame/vendor/laravel/framework/src/Illuminate/Routing/Router.php(887): Illuminate\\Routing\\Router::toResponse()
#29 /var/www/gpdsgame/vendor/laravel/framework/src/Illuminate/Routing/Router.php(807): Illuminate\\Routing\\Router->prepareResponse()
#30 /var/www/gpdsgame/vendor/laravel/framework/src/Illuminate/Pipeline/Pipeline.php(170): Illuminate\\Routing\\Router->Illuminate\\Routing\\{closure}()
#31 /var/www/gpdsgame/vendor/spatie/laravel-permission/src/Middleware/PermissionMiddleware.php(37): Illuminate\\Pipeline\\Pipeline->Illuminate\\Pipeline\\{closure}()
#32 /var/www/gpdsgame/vendor/laravel/framework/src/Illuminate/Pipeline/Pipeline.php(209): Spatie\\Permission\\Middleware\\PermissionMiddleware->handle()
#33 /var/www/gpdsgame/app/Http/Middleware/EnsureNotCustomer.php(32): Illuminate\\Pipeline\\Pipeline->Illuminate\\Pipeline\\{closure}()
#34 /var/www/gpdsgame/vendor/laravel/framework/src/Illuminate/Pipeline/Pipeline.php(209): App\\Http\\Middleware\\EnsureNotCustomer->handle()
#35 /var/www/gpdsgame/vendor/laravel/framework/src/Illuminate/Routing/Middleware/SubstituteBindings.php(51): Illuminate\\Pipeline\\Pipeline->Illuminate\\Pipeline\\{closure}()
#36 /var/www/gpdsgame/vendor/laravel/framework/src/Illuminate/Pipeline/Pipeline.php(209): Illuminate\\Routing\\Middleware\\SubstituteBindings->handle()
#37 /var/www/gpdsgame/vendor/laravel/framework/src/Illuminate/Auth/Middleware/Authenticate.php(64): Illuminate\\Pipeline\\Pipeline->Illuminate\\Pipeline\\{closure}()
#38 /var/www/gpdsgame/vendor/laravel/framework/src/Illuminate/Pipeline/Pipeline.php(209): Illuminate\\Auth\\Middleware\\Authenticate->handle()
#39 /var/www/gpdsgame/vendor/laravel/framework/src/Illuminate/Foundation/Http/Middleware/VerifyCsrfToken.php(88): Illuminate\\Pipeline\\Pipeline->Illuminate\\Pipeline\\{closure}()
#40 /var/www/gpdsgame/vendor/laravel/framework/src/Illuminate/Pipeline/Pipeline.php(209): Illuminate\\Foundation\\Http\\Middleware\\VerifyCsrfToken->handle()
#41 /var/www/gpdsgame/vendor/laravel/framework/src/Illuminate/View/Middleware/ShareErrorsFromSession.php(49): Illuminate\\Pipeline\\Pipeline->Illuminate\\Pipeline\\{closure}()
#42 /var/www/gpdsgame/vendor/laravel/framework/src/Illuminate/Pipeline/Pipeline.php(209): Illuminate\\View\\Middleware\\ShareErrorsFromSession->handle()
#43 /var/www/gpdsgame/vendor/laravel/framework/src/Illuminate/Session/Middleware/StartSession.php(121): Illuminate\\Pipeline\\Pipeline->Illuminate\\Pipeline\\{closure}()
#44 /var/www/gpdsgame/vendor/laravel/framework/src/Illuminate/Session/Middleware/StartSession.php(64): Illuminate\\Session\\Middleware\\StartSession->handleStatefulRequest()
#45 /var/www/gpdsgame/vendor/laravel/framework/src/Illuminate/Pipeline/Pipeline.php(209): Illuminate\\Session\\Middleware\\StartSession->handle()
#46 /var/www/gpdsgame/vendor/laravel/framework/src/Illuminate/Cookie/Middleware/AddQueuedCookiesToResponse.php(37): Illuminate\\Pipeline\\Pipeline->Illuminate\\Pipeline\\{closure}()
#47 /var/www/gpdsgame/vendor/laravel/framework/src/Illuminate/Pipeline/Pipeline.php(209): Illuminate\\Cookie\\Middleware\\AddQueuedCookiesToResponse->handle()
#48 /var/www/gpdsgame/vendor/laravel/framework/src/Illuminate/Cookie/Middleware/EncryptCookies.php(75): Illuminate\\Pipeline\\Pipeline->Illuminate\\Pipeline\\{closure}()
#49 /var/www/gpdsgame/vendor/laravel/framework/src/Illuminate/Pipeline/Pipeline.php(209): Illuminate\\Cookie\\Middleware\\EncryptCookies->handle()
#50 /var/www/gpdsgame/vendor/laravel/framework/src/Illuminate/Pipeline/Pipeline.php(127): Illuminate\\Pipeline\\Pipeline->Illuminate\\Pipeline\\{closure}()
#51 /var/www/gpdsgame/vendor/laravel/framework/src/Illuminate/Routing/Router.php(807): Illuminate\\Pipeline\\Pipeline->then()
#52 /var/www/gpdsgame/vendor/laravel/framework/src/Illuminate/Routing/Router.php(786): Illuminate\\Routing\\Router->runRouteWithinStack()
#53 /var/www/gpdsgame/vendor/laravel/framework/src/Illuminate/Routing/Router.php(750): Illuminate\\Routing\\Router->runRoute()
#54 /var/www/gpdsgame/vendor/laravel/framework/src/Illuminate/Routing/Router.php(739): Illuminate\\Routing\\Router->dispatchToRoute()
#55 /var/www/gpdsgame/vendor/laravel/framework/src/Illuminate/Foundation/Http/Kernel.php(201): Illuminate\\Routing\\Router->dispatch()
#56 /var/www/gpdsgame/vendor/laravel/framework/src/Illuminate/Pipeline/Pipeline.php(170): Illuminate\\Foundation\\Http\\Kernel->Illuminate\\Foundation\\Http\\{closure}()
#57 /var/www/gpdsgame/vendor/laravel/framework/src/Illuminate/Foundation/Http/Middleware/TransformsRequest.php(21): Illuminate\\Pipeline\\Pipeline->Illuminate\\Pipeline\\{closure}()
#58 /var/www/gpdsgame/vendor/laravel/framework/src/Illuminate/Foundation/Http/Middleware/ConvertEmptyStringsToNull.php(31): Illuminate\\Foundation\\Http\\Middleware\\TransformsRequest->handle()
#59 /var/www/gpdsgame/vendor/laravel/framework/src/Illuminate/Pipeline/Pipeline.php(209): Illuminate\\Foundation\\Http\\Middleware\\ConvertEmptyStringsToNull->handle()
#60 /var/www/gpdsgame/vendor/laravel/framework/src/Illuminate/Foundation/Http/Middleware/TransformsRequest.php(21): Illuminate\\Pipeline\\Pipeline->Illuminate\\Pipeline\\{closure}()
#61 /var/www/gpdsgame/vendor/laravel/framework/src/Illuminate/Foundation/Http/Middleware/TrimStrings.php(51): Illuminate\\Foundation\\Http\\Middleware\\TransformsRequest->handle()
#62 /var/www/gpdsgame/vendor/laravel/framework/src/Illuminate/Pipeline/Pipeline.php(209): Illuminate\\Foundation\\Http\\Middleware\\TrimStrings->handle()
#63 /var/www/gpdsgame/vendor/laravel/framework/src/Illuminate/Http/Middleware/ValidatePostSize.php(27): Illuminate\\Pipeline\\Pipeline->Illuminate\\Pipeline\\{closure}()
#64 /var/www/gpdsgame/vendor/laravel/framework/src/Illuminate/Pipeline/Pipeline.php(209): Illuminate\\Http\\Middleware\\ValidatePostSize->handle()
#65 /var/www/gpdsgame/vendor/laravel/framework/src/Illuminate/Foundation/Http/Middleware/PreventRequestsDuringMaintenance.php(110): Illuminate\\Pipeline\\Pipeline->Illuminate\\Pipeline\\{closure}()
#66 /var/www/gpdsgame/vendor/laravel/framework/src/Illuminate/Pipeline/Pipeline.php(209): Illuminate\\Foundation\\Http\\Middleware\\PreventRequestsDuringMaintenance->handle()
#67 /var/www/gpdsgame/vendor/laravel/framework/src/Illuminate/Http/Middleware/HandleCors.php(49): Illuminate\\Pipeline\\Pipeline->Illuminate\\Pipeline\\{closure}()
#68 /var/www/gpdsgame/vendor/laravel/framework/src/Illuminate/Pipeline/Pipeline.php(209): Illuminate\\Http\\Middleware\\HandleCors->handle()
#69 /var/www/gpdsgame/vendor/laravel/framework/src/Illuminate/Http/Middleware/TrustProxies.php(58): Illuminate\\Pipeline\\Pipeline->Illuminate\\Pipeline\\{closure}()
#70 /var/www/gpdsgame/vendor/laravel/framework/src/Illuminate/Pipeline/Pipeline.php(209): Illuminate\\Http\\Middleware\\TrustProxies->handle()
#71 /var/www/gpdsgame/vendor/laravel/framework/src/Illuminate/Foundation/Http/Middleware/InvokeDeferredCallbacks.php(22): Illuminate\\Pipeline\\Pipeline->Illuminate\\Pipeline\\{closure}()
#72 /var/www/gpdsgame/vendor/laravel/framework/src/Illuminate/Pipeline/Pipeline.php(209): Illuminate\\Foundation\\Http\\Middleware\\InvokeDeferredCallbacks->handle()
#73 /var/www/gpdsgame/app/Http/Middleware/CheckBanned.php(23): Illuminate\\Pipeline\\Pipeline->Illuminate\\Pipeline\\{closure}()
#74 /var/www/gpdsgame/vendor/laravel/framework/src/Illuminate/Pipeline/Pipeline.php(209): App\\Http\\Middleware\\CheckBanned->handle()
#75 /var/www/gpdsgame/app/Http/Middleware/CheckBannedIp.php(24): Illuminate\\Pipeline\\Pipeline->Illuminate\\Pipeline\\{closure}()
#76 /var/www/gpdsgame/vendor/laravel/framework/src/Illuminate/Pipeline/Pipeline.php(209): App\\Http\\Middleware\\CheckBannedIp->handle()
#77 /var/www/gpdsgame/vendor/laravel/framework/src/Illuminate/Pipeline/Pipeline.php(127): Illuminate\\Pipeline\\Pipeline->Illuminate\\Pipeline\\{closure}()
#78 /var/www/gpdsgame/vendor/laravel/framework/src/Illuminate/Foundation/Http/Kernel.php(176): Illuminate\\Pipeline\\Pipeline->then()
#79 /var/www/gpdsgame/vendor/laravel/framework/src/Illuminate/Foundation/Http/Kernel.php(145): Illuminate\\Foundation\\Http\\Kernel->sendRequestThroughRouter()
#80 /var/www/gpdsgame/public/index.php(57): Illuminate\\Foundation\\Http\\Kernel->handle()
#81 {main}
"} 
[2026-01-19 06:55:51] production.ERROR: Undefined variable $activePage (View: /var/www/gpdsgame/resources/views/layouts/sidebar.blade.php) (View: /var/www/gpdsgame/resources/views/layouts/sidebar.blade.php) (View: /var/www/gpdsgame/resources/views/layouts/sidebar.blade.php) {"userId":3364,"exception":"[object] (Illuminate\\View\\ViewException(code: 0): Undefined variable $activePage (View: /var/www/gpdsgame/resources/views/layouts/sidebar.blade.php) (View: /var/www/gpdsgame/resources/views/layouts/sidebar.blade.php) (View: /var/www/gpdsgame/resources/views/layouts/sidebar.blade.php) at /var/www/gpdsgame/storage/framework/views/e58c494c66d5da39fb8742670158dd24.php:16)
[stacktrace]
#0 /var/www/gpdsgame/vendor/laravel/framework/src/Illuminate/View/Engines/PhpEngine.php(60): Illuminate\\View\\Engines\\CompilerEngine->handleViewException()
#1 /var/www/gpdsgame/vendor/laravel/framework/src/Illuminate/View/Engines/CompilerEngine.php(75): Illuminate\\View\\Engines\\PhpEngine->evaluatePath()
#2 /var/www/gpdsgame/vendor/laravel/framework/src/Illuminate/View/View.php(209): Illuminate\\View\\Engines\\CompilerEngine->get()
#3 /var/www/gpdsgame/vendor/laravel/framework/src/Illuminate/View/View.php(192): Illuminate\\View\\View->getContents()
#4 /var/www/gpdsgame/vendor/laravel/framework/src/Illuminate/View/View.php(161): Illuminate\\View\\View->renderContents()
#5 /var/www/gpdsgame/vendor/laravel/framework/src/Illuminate/Http/Response.php(79): Illuminate\\View\\View->render()
#6 /var/www/gpdsgame/vendor/laravel/framework/src/Illuminate/Http/Response.php(35): Illuminate\\Http\\Response->setContent()
#7 /var/www/gpdsgame/vendor/laravel/framework/src/Illuminate/Routing/Router.php(920): Illuminate\\Http\\Response->__construct()
#8 /var/www/gpdsgame/vendor/laravel/framework/src/Illuminate/Routing/Router.php(887): Illuminate\\Routing\\Router::toResponse()
#9 /var/www/gpdsgame/vendor/laravel/framework/src/Illuminate/Routing/Router.php(807): Illuminate\\Routing\\Router->prepareResponse()
#10 /var/www/gpdsgame/vendor/laravel/framework/src/Illuminate/Pipeline/Pipeline.php(170): Illuminate\\Routing\\Router->Illuminate\\Routing\\{closure}()
#11 /var/www/gpdsgame/vendor/spatie/laravel-permission/src/Middleware/PermissionMiddleware.php(37): Illuminate\\Pipeline\\Pipeline->Illuminate\\Pipeline\\{closure}()
#12 /var/www/gpdsgame/vendor/laravel/framework/src/Illuminate/Pipeline/Pipeline.php(209): Spatie\\Permission\\Middleware\\PermissionMiddleware->handle()
#13 /var/www/gpdsgame/app/Http/Middleware/EnsureNotCustomer.php(32): Illuminate\\Pipeline\\Pipeline->Illuminate\\Pipeline\\{closure}()
#14 /var/www/gpdsgame/vendor/laravel/framework/src/Illuminate/Pipeline/Pipeline.php(209): App\\Http\\Middleware\\EnsureNotCustomer->handle()
#15 /var/www/gpdsgame/vendor/laravel/framework/src/Illuminate/Routing/Middleware/SubstituteBindings.php(51): Illuminate\\Pipeline\\Pipeline->Illuminate\\Pipeline\\{closure}()
#16 /var/www/gpdsgame/vendor/laravel/framework/src/Illuminate/Pipeline/Pipeline.php(209): Illuminate\\Routing\\Middleware\\SubstituteBindings->handle()
#17 /var/www/gpdsgame/vendor/laravel/framework/src/Illuminate/Auth/Middleware/Authenticate.php(64): Illuminate\\Pipeline\\Pipeline->Illuminate\\Pipeline\\{closure}()
#18 /var/www/gpdsgame/vendor/laravel/framework/src/Illuminate/Pipeline/Pipeline.php(209): Illuminate\\Auth\\Middleware\\Authenticate->handle()
#19 /var/www/gpdsgame/vendor/laravel/framework/src/Illuminate/Foundation/Http/Middleware/VerifyCsrfToken.php(88): Illuminate\\Pipeline\\Pipeline->Illuminate\\Pipeline\\{closure}()
#20 /var/www/gpdsgame/vendor/laravel/framework/src/Illuminate/Pipeline/Pipeline.php(209): Illuminate\\Foundation\\Http\\Middleware\\VerifyCsrfToken->handle()
#21 /var/www/gpdsgame/vendor/laravel/framework/src/Illuminate/View/Middleware/ShareErrorsFromSession.php(49): Illuminate\\Pipeline\\Pipeline->Illuminate\\Pipeline\\{closure}()
#22 /var/www/gpdsgame/vendor/laravel/framework/src/Illuminate/Pipeline/Pipeline.php(209): Illuminate\\View\\Middleware\\ShareErrorsFromSession->handle()
#23 /var/www/gpdsgame/vendor/laravel/framework/src/Illuminate/Session/Middleware/StartSession.php(121): Illuminate\\Pipeline\\Pipeline->Illuminate\\Pipeline\\{closure}()
#24 /var/www/gpdsgame/vendor/laravel/framework/src/Illuminate/Session/Middleware/StartSession.php(64): Illuminate\\Session\\Middleware\\StartSession->handleStatefulRequest()
#25 /var/www/gpdsgame/vendor/laravel/framework/src/Illuminate/Pipeline/Pipeline.php(209): Illuminate\\Session\\Middleware\\StartSession->handle()
#26 /var/www/gpdsgame/vendor/laravel/framework/src/Illuminate/Cookie/Middleware/AddQueuedCookiesToResponse.php(37): Illuminate\\Pipeline\\Pipeline->Illuminate\\Pipeline\\{closure}()
#27 /var/www/gpdsgame/vendor/laravel/framework/src/Illuminate/Pipeline/Pipeline.php(209): Illuminate\\Cookie\\Middleware\\AddQueuedCookiesToResponse->handle()
#28 /var/www/gpdsgame/vendor/laravel/framework/src/Illuminate/Cookie/Middleware/EncryptCookies.php(75): Illuminate\\Pipeline\\Pipeline->Illuminate\\Pipeline\\{closure}()
#29 /var/www/gpdsgame/vendor/laravel/framework/src/Illuminate/Pipeline/Pipeline.php(209): Illuminate\\Cookie\\Middleware\\EncryptCookies->handle()
#30 /var/www/gpdsgame/vendor/laravel/framework/src/Illuminate/Pipeline/Pipeline.php(127): Illuminate\\Pipeline\\Pipeline->Illuminate\\Pipeline\\{closure}()
#31 /var/www/gpdsgame/vendor/laravel/framework/src/Illuminate/Routing/Router.php(807): Illuminate\\Pipeline\\Pipeline->then()
#32 /var/www/gpdsgame/vendor/laravel/framework/src/Illuminate/Routing/Router.php(786): Illuminate\\Routing\\Router->runRouteWithinStack()
#33 /var/www/gpdsgame/vendor/laravel/framework/src/Illuminate/Routing/Router.php(750): Illuminate\\Routing\\Router->runRoute()
#34 /var/www/gpdsgame/vendor/laravel/framework/src/Illuminate/Routing/Router.php(739): Illuminate\\Routing\\Router->dispatchToRoute()
#35 /var/www/gpdsgame/vendor/laravel/framework/src/Illuminate/Foundation/Http/Kernel.php(201): Illuminate\\Routing\\Router->dispatch()
#36 /var/www/gpdsgame/vendor/laravel/framework/src/Illuminate/Pipeline/Pipeline.php(170): Illuminate\\Foundation\\Http\\Kernel->Illuminate\\Foundation\\Http\\{closure}()
#37 /var/www/gpdsgame/vendor/laravel/framework/src/Illuminate/Foundation/Http/Middleware/TransformsRequest.php(21): Illuminate\\Pipeline\\Pipeline->Illuminate\\Pipeline\\{closure}()
#38 /var/www/gpdsgame/vendor/laravel/framework/src/Illuminate/Foundation/Http/Middleware/ConvertEmptyStringsToNull.php(31): Illuminate\\Foundation\\Http\\Middleware\\TransformsRequest->handle()
#39 /var/www/gpdsgame/vendor/laravel/framework/src/Illuminate/Pipeline/Pipeline.php(209): Illuminate\\Foundation\\Http\\Middleware\\ConvertEmptyStringsToNull->handle()
#40 /var/www/gpdsgame/vendor/laravel/framework/src/Illuminate/Foundation/Http/Middleware/TransformsRequest.php(21): Illuminate\\Pipeline\\Pipeline->Illuminate\\Pipeline\\{closure}()
#41 /var/www/gpdsgame/vendor/laravel/framework/src/Illuminate/Foundation/Http/Middleware/TrimStrings.php(51): Illuminate\\Foundation\\Http\\Middleware\\TransformsRequest->handle()
#42 /var/www/gpdsgame/vendor/laravel/framework/src/Illuminate/Pipeline/Pipeline.php(209): Illuminate\\Foundation\\Http\\Middleware\\TrimStrings->handle()
#43 /var/www/gpdsgame/vendor/laravel/framework/src/Illuminate/Http/Middleware/ValidatePostSize.php(27): Illuminate\\Pipeline\\Pipeline->Illuminate\\Pipeline\\{closure}()
#44 /var/www/gpdsgame/vendor/laravel/framework/src/Illuminate/Pipeline/Pipeline.php(209): Illuminate\\Http\\Middleware\\ValidatePostSize->handle()
#45 /var/www/gpdsgame/vendor/laravel/framework/src/Illuminate/Foundation/Http/Middleware/PreventRequestsDuringMaintenance.php(110): Illuminate\\Pipeline\\Pipeline->Illuminate\\Pipeline\\{closure}()
#46 /var/www/gpdsgame/vendor/laravel/framework/src/Illuminate/Pipeline/Pipeline.php(209): Illuminate\\Foundation\\Http\\Middleware\\PreventRequestsDuringMaintenance->handle()
#47 /var/www/gpdsgame/vendor/laravel/framework/src/Illuminate/Http/Middleware/HandleCors.php(49): Illuminate\\Pipeline\\Pipeline->Illuminate\\Pipeline\\{closure}()
#48 /var/www/gpdsgame/vendor/laravel/framework/src/Illuminate/Pipeline/Pipeline.php(209): Illuminate\\Http\\Middleware\\HandleCors->handle()
#49 /var/www/gpdsgame/vendor/laravel/framework/src/Illuminate/Http/Middleware/TrustProxies.php(58): Illuminate\\Pipeline\\Pipeline->Illuminate\\Pipeline\\{closure}()
#50 /var/www/gpdsgame/vendor/laravel/framework/src/Illuminate/Pipeline/Pipeline.php(209): Illuminate\\Http\\Middleware\\TrustProxies->handle()
#51 /var/www/gpdsgame/vendor/laravel/framework/src/Illuminate/Foundation/Http/Middleware/InvokeDeferredCallbacks.php(22): Illuminate\\Pipeline\\Pipeline->Illuminate\\Pipeline\\{closure}()
#52 /var/www/gpdsgame/vendor/laravel/framework/src/Illuminate/Pipeline/Pipeline.php(209): Illuminate\\Foundation\\Http\\Middleware\\InvokeDeferredCallbacks->handle()
#53 /var/www/gpdsgame/app/Http/Middleware/CheckBanned.php(23): Illuminate\\Pipeline\\Pipeline->Illuminate\\Pipeline\\{closure}()
#54 /var/www/gpdsgame/vendor/laravel/framework/src/Illuminate/Pipeline/Pipeline.php(209): App\\Http\\Middleware\\CheckBanned->handle()
#55 /var/www/gpdsgame/app/Http/Middleware/CheckBannedIp.php(24): Illuminate\\Pipeline\\Pipeline->Illuminate\\Pipeline\\{closure}()
#56 /var/www/gpdsgame/vendor/laravel/framework/src/Illuminate/Pipeline/Pipeline.php(209): App\\Http\\Middleware\\CheckBannedIp->handle()
#57 /var/www/gpdsgame/vendor/laravel/framework/src/Illuminate/Pipeline/Pipeline.php(127): Illuminate\\Pipeline\\Pipeline->Illuminate\\Pipeline\\{closure}()
#58 /var/www/gpdsgame/vendor/laravel/framework/src/Illuminate/Foundation/Http/Kernel.php(176): Illuminate\\Pipeline\\Pipeline->then()
#59 /var/www/gpdsgame/vendor/laravel/framework/src/Illuminate/Foundation/Http/Kernel.php(145): Illuminate\\Foundation\\Http\\Kernel->sendRequestThroughRouter()
#60 /var/www/gpdsgame/public/index.php(57): Illuminate\\Foundation\\Http\\Kernel->handle()
#61 {main}

[previous exception] [object] (Illuminate\\View\\ViewException(code: 0): Undefined variable $activePage (View: /var/www/gpdsgame/resources/views/layouts/sidebar.blade.php) (View: /var/www/gpdsgame/resources/views/layouts/sidebar.blade.php) at /var/www/gpdsgame/storage/framework/views/e58c494c66d5da39fb8742670158dd24.php:16)
[stacktrace]
#0 /var/www/gpdsgame/vendor/laravel/framework/src/Illuminate/View/Engines/PhpEngine.php(60): Illuminate\\View\\Engines\\CompilerEngine->handleViewException()
#1 /var/www/gpdsgame/vendor/laravel/framework/src/Illuminate/View/Engines/CompilerEngine.php(75): Illuminate\\View\\Engines\\PhpEngine->evaluatePath()
#2 /var/www/gpdsgame/vendor/laravel/framework/src/Illuminate/View/View.php(209): Illuminate\\View\\Engines\\CompilerEngine->get()
#3 /var/www/gpdsgame/vendor/laravel/framework/src/Illuminate/View/View.php(192): Illuminate\\View\\View->getContents()
#4 /var/www/gpdsgame/vendor/laravel/framework/src/Illuminate/View/View.php(161): Illuminate\\View\\View->renderContents()
#5 /var/www/gpdsgame/storage/framework/views/4eaf261bcbb720ee41c34610500a60bc.php(172): Illuminate\\View\\View->render()
#6 /var/www/gpdsgame/vendor/laravel/framework/src/Illuminate/Filesystem/Filesystem.php(123): require('...')
#7 /var/www/gpdsgame/vendor/laravel/framework/src/Illuminate/Filesystem/Filesystem.php(124): Illuminate\\Filesystem\\Filesystem::Illuminate\\Filesystem\\{closure}()
#8 /var/www/gpdsgame/vendor/laravel/framework/src/Illuminate/View/Engines/PhpEngine.php(58): Illuminate\\Filesystem\\Filesystem->getRequire()
#9 /var/www/gpdsgame/vendor/laravel/framework/src/Illuminate/View/Engines/CompilerEngine.php(75): Illuminate\\View\\Engines\\PhpEngine->evaluatePath()
#10 /var/www/gpdsgame/vendor/laravel/framework/src/Illuminate/View/View.php(209): Illuminate\\View\\Engines\\CompilerEngine->get()
#11 /var/www/gpdsgame/vendor/laravel/framework/src/Illuminate/View/View.php(192): Illuminate\\View\\View->getContents()
#12 /var/www/gpdsgame/vendor/laravel/framework/src/Illuminate/View/View.php(161): Illuminate\\View\\View->renderContents()
#13 /var/www/gpdsgame/vendor/laravel/framework/src/Illuminate/Http/Response.php(79): Illuminate\\View\\View->render()
#14 /var/www/gpdsgame/vendor/laravel/framework/src/Illuminate/Http/Response.php(35): Illuminate\\Http\\Response->setContent()
#15 /var/www/gpdsgame/vendor/laravel/framework/src/Illuminate/Routing/Router.php(920): Illuminate\\Http\\Response->__construct()
#16 /var/www/gpdsgame/vendor/laravel/framework/src/Illuminate/Routing/Router.php(887): Illuminate\\Routing\\Router::toResponse()
#17 /var/www/gpdsgame/vendor/laravel/framework/src/Illuminate/Routing/Router.php(807): Illuminate\\Routing\\Router->prepareResponse()
#18 /var/www/gpdsgame/vendor/laravel/framework/src/Illuminate/Pipeline/Pipeline.php(170): Illuminate\\Routing\\Router->Illuminate\\Routing\\{closure}()
#19 /var/www/gpdsgame/vendor/spatie/laravel-permission/src/Middleware/PermissionMiddleware.php(37): Illuminate\\Pipeline\\Pipeline->Illuminate\\Pipeline\\{closure}()
#20 /var/www/gpdsgame/vendor/laravel/framework/src/Illuminate/Pipeline/Pipeline.php(209): Spatie\\Permission\\Middleware\\PermissionMiddleware->handle()
#21 /var/www/gpdsgame/app/Http/Middleware/EnsureNotCustomer.php(32): Illuminate\\Pipeline\\Pipeline->Illuminate\\Pipeline\\{closure}()
#22 /var/www/gpdsgame/vendor/laravel/framework/src/Illuminate/Pipeline/Pipeline.php(209): App\\Http\\Middleware\\EnsureNotCustomer->handle()
#23 /var/www/gpdsgame/vendor/laravel/framework/src/Illuminate/Routing/Middleware/SubstituteBindings.php(51): Illuminate\\Pipeline\\Pipeline->Illuminate\\Pipeline\\{closure}()
#24 /var/www/gpdsgame/vendor/laravel/framework/src/Illuminate/Pipeline/Pipeline.php(209): Illuminate\\Routing\\Middleware\\SubstituteBindings->handle()
#25 /var/www/gpdsgame/vendor/laravel/framework/src/Illuminate/Auth/Middleware/Authenticate.php(64): Illuminate\\Pipeline\\Pipeline->Illuminate\\Pipeline\\{closure}()
#26 /var/www/gpdsgame/vendor/laravel/framework/src/Illuminate/Pipeline/Pipeline.php(209): Illuminate\\Auth\\Middleware\\Authenticate->handle()
#27 /var/www/gpdsgame/vendor/laravel/framework/src/Illuminate/Foundation/Http/Middleware/VerifyCsrfToken.php(88): Illuminate\\Pipeline\\Pipeline->Illuminate\\Pipeline\\{closure}()
#28 /var/www/gpdsgame/vendor/laravel/framework/src/Illuminate/Pipeline/Pipeline.php(209): Illuminate\\Foundation\\Http\\Middleware\\VerifyCsrfToken->handle()
#29 /var/www/gpdsgame/vendor/laravel/framework/src/Illuminate/View/Middleware/ShareErrorsFromSession.php(49): Illuminate\\Pipeline\\Pipeline->Illuminate\\Pipeline\\{closure}()
#30 /var/www/gpdsgame/vendor/laravel/framework/src/Illuminate/Pipeline/Pipeline.php(209): Illuminate\\View\\Middleware\\ShareErrorsFromSession->handle()
#31 /var/www/gpdsgame/vendor/laravel/framework/src/Illuminate/Session/Middleware/StartSession.php(121): Illuminate\\Pipeline\\Pipeline->Illuminate\\Pipeline\\{closure}()
#32 /var/www/gpdsgame/vendor/laravel/framework/src/Illuminate/Session/Middleware/StartSession.php(64): Illuminate\\Session\\Middleware\\StartSession->handleStatefulRequest()
#33 /var/www/gpdsgame/vendor/laravel/framework/src/Illuminate/Pipeline/Pipeline.php(209): Illuminate\\Session\\Middleware\\StartSession->handle()
#34 /var/www/gpdsgame/vendor/laravel/framework/src/Illuminate/Cookie/Middleware/AddQueuedCookiesToResponse.php(37): Illuminate\\Pipeline\\Pipeline->Illuminate\\Pipeline\\{closure}()
#35 /var/www/gpdsgame/vendor/laravel/framework/src/Illuminate/Pipeline/Pipeline.php(209): Illuminate\\Cookie\\Middleware\\AddQueuedCookiesToResponse->handle()
#36 /var/www/gpdsgame/vendor/laravel/framework/src/Illuminate/Cookie/Middleware/EncryptCookies.php(75): Illuminate\\Pipeline\\Pipeline->Illuminate\\Pipeline\\{closure}()
#37 /var/www/gpdsgame/vendor/laravel/framework/src/Illuminate/Pipeline/Pipeline.php(209): Illuminate\\Cookie\\Middleware\\EncryptCookies->handle()
#38 /var/www/gpdsgame/vendor/laravel/framework/src/Illuminate/Pipeline/Pipeline.php(127): Illuminate\\Pipeline\\Pipeline->Illuminate\\Pipeline\\{closure}()
#39 /var/www/gpdsgame/vendor/laravel/framework/src/Illuminate/Routing/Router.php(807): Illuminate\\Pipeline\\Pipeline->then()
#40 /var/www/gpdsgame/vendor/laravel/framework/src/Illuminate/Routing/Router.php(786): Illuminate\\Routing\\Router->runRouteWithinStack()
#41 /var/www/gpdsgame/vendor/laravel/framework/src/Illuminate/Routing/Router.php(750): Illuminate\\Routing\\Router->runRoute()
#42 /var/www/gpdsgame/vendor/laravel/framework/src/Illuminate/Routing/Router.php(739): Illuminate\\Routing\\Router->dispatchToRoute()
#43 /var/www/gpdsgame/vendor/laravel/framework/src/Illuminate/Foundation/Http/Kernel.php(201): Illuminate\\Routing\\Router->dispatch()
#44 /var/www/gpdsgame/vendor/laravel/framework/src/Illuminate/Pipeline/Pipeline.php(170): Illuminate\\Foundation\\Http\\Kernel->Illuminate\\Foundation\\Http\\{closure}()
#45 /var/www/gpdsgame/vendor/laravel/framework/src/Illuminate/Foundation/Http/Middleware/TransformsRequest.php(21): Illuminate\\Pipeline\\Pipeline->Illuminate\\Pipeline\\{closure}()
#46 /var/www/gpdsgame/vendor/laravel/framework/src/Illuminate/Foundation/Http/Middleware/ConvertEmptyStringsToNull.php(31): Illuminate\\Foundation\\Http\\Middleware\\TransformsRequest->handle()
#47 /var/www/gpdsgame/vendor/laravel/framework/src/Illuminate/Pipeline/Pipeline.php(209): Illuminate\\Foundation\\Http\\Middleware\\ConvertEmptyStringsToNull->handle()
#48 /var/www/gpdsgame/vendor/laravel/framework/src/Illuminate/Foundation/Http/Middleware/TransformsRequest.php(21): Illuminate\\Pipeline\\Pipeline->Illuminate\\Pipeline\\{closure}()
#49 /var/www/gpdsgame/vendor/laravel/framework/src/Illuminate/Foundation/Http/Middleware/TrimStrings.php(51): Illuminate\\Foundation\\Http\\Middleware\\TransformsRequest->handle()
#50 /var/www/gpdsgame/vendor/laravel/framework/src/Illuminate/Pipeline/Pipeline.php(209): Illuminate\\Foundation\\Http\\Middleware\\TrimStrings->handle()
#51 /var/www/gpdsgame/vendor/laravel/framework/src/Illuminate/Http/Middleware/ValidatePostSize.php(27): Illuminate\\Pipeline\\Pipeline->Illuminate\\Pipeline\\{closure}()
#52 /var/www/gpdsgame/vendor/laravel/framework/src/Illuminate/Pipeline/Pipeline.php(209): Illuminate\\Http\\Middleware\\ValidatePostSize->handle()
#53 /var/www/gpdsgame/vendor/laravel/framework/src/Illuminate/Foundation/Http/Middleware/PreventRequestsDuringMaintenance.php(110): Illuminate\\Pipeline\\Pipeline->Illuminate\\Pipeline\\{closure}()
#54 /var/www/gpdsgame/vendor/laravel/framework/src/Illuminate/Pipeline/Pipeline.php(209): Illuminate\\Foundation\\Http\\Middleware\\PreventRequestsDuringMaintenance->handle()
#55 /var/www/gpdsgame/vendor/laravel/framework/src/Illuminate/Http/Middleware/HandleCors.php(49): Illuminate\\Pipeline\\Pipeline->Illuminate\\Pipeline\\{closure}()
#56 /var/www/gpdsgame/vendor/laravel/framework/src/Illuminate/Pipeline/Pipeline.php(209): Illuminate\\Http\\Middleware\\HandleCors->handle()
#57 /var/www/gpdsgame/vendor/laravel/framework/src/Illuminate/Http/Middleware/TrustProxies.php(58): Illuminate\\Pipeline\\Pipeline->Illuminate\\Pipeline\\{closure}()
#58 /var/www/gpdsgame/vendor/laravel/framework/src/Illuminate/Pipeline/Pipeline.php(209): Illuminate\\Http\\Middleware\\TrustProxies->handle()
#59 /var/www/gpdsgame/vendor/laravel/framework/src/Illuminate/Foundation/Http/Middleware/InvokeDeferredCallbacks.php(22): Illuminate\\Pipeline\\Pipeline->Illuminate\\Pipeline\\{closure}()
#60 /var/www/gpdsgame/vendor/laravel/framework/src/Illuminate/Pipeline/Pipeline.php(209): Illuminate\\Foundation\\Http\\Middleware\\InvokeDeferredCallbacks->handle()
#61 /var/www/gpdsgame/app/Http/Middleware/CheckBanned.php(23): Illuminate\\Pipeline\\Pipeline->Illuminate\\Pipeline\\{closure}()
#62 /var/www/gpdsgame/vendor/laravel/framework/src/Illuminate/Pipeline/Pipeline.php(209): App\\Http\\Middleware\\CheckBanned->handle()
#63 /var/www/gpdsgame/app/Http/Middleware/CheckBannedIp.php(24): Illuminate\\Pipeline\\Pipeline->Illuminate\\Pipeline\\{closure}()
#64 /var/www/gpdsgame/vendor/laravel/framework/src/Illuminate/Pipeline/Pipeline.php(209): App\\Http\\Middleware\\CheckBannedIp->handle()
#65 /var/www/gpdsgame/vendor/laravel/framework/src/Illuminate/Pipeline/Pipeline.php(127): Illuminate\\Pipeline\\Pipeline->Illuminate\\Pipeline\\{closure}()
#66 /var/www/gpdsgame/vendor/laravel/framework/src/Illuminate/Foundation/Http/Kernel.php(176): Illuminate\\Pipeline\\Pipeline->then()
#67 /var/www/gpdsgame/vendor/laravel/framework/src/Illuminate/Foundation/Http/Kernel.php(145): Illuminate\\Foundation\\Http\\Kernel->sendRequestThroughRouter()
#68 /var/www/gpdsgame/public/index.php(57): Illuminate\\Foundation\\Http\\Kernel->handle()
#69 {main}

[previous exception] [object] (Illuminate\\View\\ViewException(code: 0): Undefined variable $activePage (View: /var/www/gpdsgame/resources/views/layouts/sidebar.blade.php) at /var/www/gpdsgame/storage/framework/views/e58c494c66d5da39fb8742670158dd24.php:16)
[stacktrace]
#0 /var/www/gpdsgame/vendor/laravel/framework/src/Illuminate/View/Engines/PhpEngine.php(60): Illuminate\\View\\Engines\\CompilerEngine->handleViewException()
#1 /var/www/gpdsgame/vendor/laravel/framework/src/Illuminate/View/Engines/CompilerEngine.php(75): Illuminate\\View\\Engines\\PhpEngine->evaluatePath()
#2 /var/www/gpdsgame/vendor/laravel/framework/src/Illuminate/View/View.php(209): Illuminate\\View\\Engines\\CompilerEngine->get()
#3 /var/www/gpdsgame/vendor/laravel/framework/src/Illuminate/View/View.php(192): Illuminate\\View\\View->getContents()
#4 /var/www/gpdsgame/vendor/laravel/framework/src/Illuminate/View/View.php(161): Illuminate\\View\\View->renderContents()
#5 /var/www/gpdsgame/storage/framework/views/2e96c1e1030bb0219ecd5d14921b3172.php(57): Illuminate\\View\\View->render()
#6 /var/www/gpdsgame/vendor/laravel/framework/src/Illuminate/Filesystem/Filesystem.php(123): require('...')
#7 /var/www/gpdsgame/vendor/laravel/framework/src/Illuminate/Filesystem/Filesystem.php(124): Illuminate\\Filesystem\\Filesystem::Illuminate\\Filesystem\\{closure}()
#8 /var/www/gpdsgame/vendor/laravel/framework/src/Illuminate/View/Engines/PhpEngine.php(58): Illuminate\\Filesystem\\Filesystem->getRequire()
#9 /var/www/gpdsgame/vendor/laravel/framework/src/Illuminate/View/Engines/CompilerEngine.php(75): Illuminate\\View\\Engines\\PhpEngine->evaluatePath()
#10 /var/www/gpdsgame/vendor/laravel/framework/src/Illuminate/View/View.php(209): Illuminate\\View\\Engines\\CompilerEngine->get()
#11 /var/www/gpdsgame/vendor/laravel/framework/src/Illuminate/View/View.php(192): Illuminate\\View\\View->getContents()
#12 /var/www/gpdsgame/vendor/laravel/framework/src/Illuminate/View/View.php(161): Illuminate\\View\\View->renderContents()
#13 /var/www/gpdsgame/storage/framework/views/4eaf261bcbb720ee41c34610500a60bc.php(172): Illuminate\\View\\View->render()
#14 /var/www/gpdsgame/vendor/laravel/framework/src/Illuminate/Filesystem/Filesystem.php(123): require('...')
#15 /var/www/gpdsgame/vendor/laravel/framework/src/Illuminate/Filesystem/Filesystem.php(124): Illuminate\\Filesystem\\Filesystem::Illuminate\\Filesystem\\{closure}()
#16 /var/www/gpdsgame/vendor/laravel/framework/src/Illuminate/View/Engines/PhpEngine.php(58): Illuminate\\Filesystem\\Filesystem->getRequire()
#17 /var/www/gpdsgame/vendor/laravel/framework/src/Illuminate/View/Engines/CompilerEngine.php(75): Illuminate\\View\\Engines\\PhpEngine->evaluatePath()
#18 /var/www/gpdsgame/vendor/laravel/framework/src/Illuminate/View/View.php(209): Illuminate\\View\\Engines\\CompilerEngine->get()
#19 /var/www/gpdsgame/vendor/laravel/framework/src/Illuminate/View/View.php(192): Illuminate\\View\\View->getContents()
#20 /var/www/gpdsgame/vendor/laravel/framework/src/Illuminate/View/View.php(161): Illuminate\\View\\View->renderContents()
#21 /var/www/gpdsgame/vendor/laravel/framework/src/Illuminate/Http/Response.php(79): Illuminate\\View\\View->render()
#22 /var/www/gpdsgame/vendor/laravel/framework/src/Illuminate/Http/Response.php(35): Illuminate\\Http\\Response->setContent()
#23 /var/www/gpdsgame/vendor/laravel/framework/src/Illuminate/Routing/Router.php(920): Illuminate\\Http\\Response->__construct()
#24 /var/www/gpdsgame/vendor/laravel/framework/src/Illuminate/Routing/Router.php(887): Illuminate\\Routing\\Router::toResponse()
#25 /var/www/gpdsgame/vendor/laravel/framework/src/Illuminate/Routing/Router.php(807): Illuminate\\Routing\\Router->prepareResponse()
#26 /var/www/gpdsgame/vendor/laravel/framework/src/Illuminate/Pipeline/Pipeline.php(170): Illuminate\\Routing\\Router->Illuminate\\Routing\\{closure}()
#27 /var/www/gpdsgame/vendor/spatie/laravel-permission/src/Middleware/PermissionMiddleware.php(37): Illuminate\\Pipeline\\Pipeline->Illuminate\\Pipeline\\{closure}()
#28 /var/www/gpdsgame/vendor/laravel/framework/src/Illuminate/Pipeline/Pipeline.php(209): Spatie\\Permission\\Middleware\\PermissionMiddleware->handle()
#29 /var/www/gpdsgame/app/Http/Middleware/EnsureNotCustomer.php(32): Illuminate\\Pipeline\\Pipeline->Illuminate\\Pipeline\\{closure}()
#30 /var/www/gpdsgame/vendor/laravel/framework/src/Illuminate/Pipeline/Pipeline.php(209): App\\Http\\Middleware\\EnsureNotCustomer->handle()
#31 /var/www/gpdsgame/vendor/laravel/framework/src/Illuminate/Routing/Middleware/SubstituteBindings.php(51): Illuminate\\Pipeline\\Pipeline->Illuminate\\Pipeline\\{closure}()
#32 /var/www/gpdsgame/vendor/laravel/framework/src/Illuminate/Pipeline/Pipeline.php(209): Illuminate\\Routing\\Middleware\\SubstituteBindings->handle()
#33 /var/www/gpdsgame/vendor/laravel/framework/src/Illuminate/Auth/Middleware/Authenticate.php(64): Illuminate\\Pipeline\\Pipeline->Illuminate\\Pipeline\\{closure}()
#34 /var/www/gpdsgame/vendor/laravel/framework/src/Illuminate/Pipeline/Pipeline.php(209): Illuminate\\Auth\\Middleware\\Authenticate->handle()
#35 /var/www/gpdsgame/vendor/laravel/framework/src/Illuminate/Foundation/Http/Middleware/VerifyCsrfToken.php(88): Illuminate\\Pipeline\\Pipeline->Illuminate\\Pipeline\\{closure}()
#36 /var/www/gpdsgame/vendor/laravel/framework/src/Illuminate/Pipeline/Pipeline.php(209): Illuminate\\Foundation\\Http\\Middleware\\VerifyCsrfToken->handle()
#37 /var/www/gpdsgame/vendor/laravel/framework/src/Illuminate/View/Middleware/ShareErrorsFromSession.php(49): Illuminate\\Pipeline\\Pipeline->Illuminate\\Pipeline\\{closure}()
#38 /var/www/gpdsgame/vendor/laravel/framework/src/Illuminate/Pipeline/Pipeline.php(209): Illuminate\\View\\Middleware\\ShareErrorsFromSession->handle()
#39 /var/www/gpdsgame/vendor/laravel/framework/src/Illuminate/Session/Middleware/StartSession.php(121): Illuminate\\Pipeline\\Pipeline->Illuminate\\Pipeline\\{closure}()
#40 /var/www/gpdsgame/vendor/laravel/framework/src/Illuminate/Session/Middleware/StartSession.php(64): Illuminate\\Session\\Middleware\\StartSession->handleStatefulRequest()
#41 /var/www/gpdsgame/vendor/laravel/framework/src/Illuminate/Pipeline/Pipeline.php(209): Illuminate\\Session\\Middleware\\StartSession->handle()
#42 /var/www/gpdsgame/vendor/laravel/framework/src/Illuminate/Cookie/Middleware/AddQueuedCookiesToResponse.php(37): Illuminate\\Pipeline\\Pipeline->Illuminate\\Pipeline\\{closure}()
#43 /var/www/gpdsgame/vendor/laravel/framework/src/Illuminate/Pipeline/Pipeline.php(209): Illuminate\\Cookie\\Middleware\\AddQueuedCookiesToResponse->handle()
#44 /var/www/gpdsgame/vendor/laravel/framework/src/Illuminate/Cookie/Middleware/EncryptCookies.php(75): Illuminate\\Pipeline\\Pipeline->Illuminate\\Pipeline\\{closure}()
#45 /var/www/gpdsgame/vendor/laravel/framework/src/Illuminate/Pipeline/Pipeline.php(209): Illuminate\\Cookie\\Middleware\\EncryptCookies->handle()
#46 /var/www/gpdsgame/vendor/laravel/framework/src/Illuminate/Pipeline/Pipeline.php(127): Illuminate\\Pipeline\\Pipeline->Illuminate\\Pipeline\\{closure}()
#47 /var/www/gpdsgame/vendor/laravel/framework/src/Illuminate/Routing/Router.php(807): Illuminate\\Pipeline\\Pipeline->then()
#48 /var/www/gpdsgame/vendor/laravel/framework/src/Illuminate/Routing/Router.php(786): Illuminate\\Routing\\Router->runRouteWithinStack()
#49 /var/www/gpdsgame/vendor/laravel/framework/src/Illuminate/Routing/Router.php(750): Illuminate\\Routing\\Router->runRoute()
#50 /var/www/gpdsgame/vendor/laravel/framework/src/Illuminate/Routing/Router.php(739): Illuminate\\Routing\\Router->dispatchToRoute()
#51 /var/www/gpdsgame/vendor/laravel/framework/src/Illuminate/Foundation/Http/Kernel.php(201): Illuminate\\Routing\\Router->dispatch()
#52 /var/www/gpdsgame/vendor/laravel/framework/src/Illuminate/Pipeline/Pipeline.php(170): Illuminate\\Foundation\\Http\\Kernel->Illuminate\\Foundation\\Http\\{closure}()
#53 /var/www/gpdsgame/vendor/laravel/framework/src/Illuminate/Foundation/Http/Middleware/TransformsRequest.php(21): Illuminate\\Pipeline\\Pipeline->Illuminate\\Pipeline\\{closure}()
#54 /var/www/gpdsgame/vendor/laravel/framework/src/Illuminate/Foundation/Http/Middleware/ConvertEmptyStringsToNull.php(31): Illuminate\\Foundation\\Http\\Middleware\\TransformsRequest->handle()
#55 /var/www/gpdsgame/vendor/laravel/framework/src/Illuminate/Pipeline/Pipeline.php(209): Illuminate\\Foundation\\Http\\Middleware\\ConvertEmptyStringsToNull->handle()
#56 /var/www/gpdsgame/vendor/laravel/framework/src/Illuminate/Foundation/Http/Middleware/TransformsRequest.php(21): Illuminate\\Pipeline\\Pipeline->Illuminate\\Pipeline\\{closure}()
#57 /var/www/gpdsgame/vendor/laravel/framework/src/Illuminate/Foundation/Http/Middleware/TrimStrings.php(51): Illuminate\\Foundation\\Http\\Middleware\\TransformsRequest->handle()
#58 /var/www/gpdsgame/vendor/laravel/framework/src/Illuminate/Pipeline/Pipeline.php(209): Illuminate\\Foundation\\Http\\Middleware\\TrimStrings->handle()
#59 /var/www/gpdsgame/vendor/laravel/framework/src/Illuminate/Http/Middleware/ValidatePostSize.php(27): Illuminate\\Pipeline\\Pipeline->Illuminate\\Pipeline\\{closure}()
#60 /var/www/gpdsgame/vendor/laravel/framework/src/Illuminate/Pipeline/Pipeline.php(209): Illuminate\\Http\\Middleware\\ValidatePostSize->handle()
#61 /var/www/gpdsgame/vendor/laravel/framework/src/Illuminate/Foundation/Http/Middleware/PreventRequestsDuringMaintenance.php(110): Illuminate\\Pipeline\\Pipeline->Illuminate\\Pipeline\\{closure}()
#62 /var/www/gpdsgame/vendor/laravel/framework/src/Illuminate/Pipeline/Pipeline.php(209): Illuminate\\Foundation\\Http\\Middleware\\PreventRequestsDuringMaintenance->handle()
#63 /var/www/gpdsgame/vendor/laravel/framework/src/Illuminate/Http/Middleware/HandleCors.php(49): Illuminate\\Pipeline\\Pipeline->Illuminate\\Pipeline\\{closure}()
#64 /var/www/gpdsgame/vendor/laravel/framework/src/Illuminate/Pipeline/Pipeline.php(209): Illuminate\\Http\\Middleware\\HandleCors->handle()
#65 /var/www/gpdsgame/vendor/laravel/framework/src/Illuminate/Http/Middleware/TrustProxies.php(58): Illuminate\\Pipeline\\Pipeline->Illuminate\\Pipeline\\{closure}()
#66 /var/www/gpdsgame/vendor/laravel/framework/src/Illuminate/Pipeline/Pipeline.php(209): Illuminate\\Http\\Middleware\\TrustProxies->handle()
#67 /var/www/gpdsgame/vendor/laravel/framework/src/Illuminate/Foundation/Http/Middleware/InvokeDeferredCallbacks.php(22): Illuminate\\Pipeline\\Pipeline->Illuminate\\Pipeline\\{closure}()
#68 /var/www/gpdsgame/vendor/laravel/framework/src/Illuminate/Pipeline/Pipeline.php(209): Illuminate\\Foundation\\Http\\Middleware\\InvokeDeferredCallbacks->handle()
#69 /var/www/gpdsgame/app/Http/Middleware/CheckBanned.php(23): Illuminate\\Pipeline\\Pipeline->Illuminate\\Pipeline\\{closure}()
#70 /var/www/gpdsgame/vendor/laravel/framework/src/Illuminate/Pipeline/Pipeline.php(209): App\\Http\\Middleware\\CheckBanned->handle()
#71 /var/www/gpdsgame/app/Http/Middleware/CheckBannedIp.php(24): Illuminate\\Pipeline\\Pipeline->Illuminate\\Pipeline\\{closure}()
#72 /var/www/gpdsgame/vendor/laravel/framework/src/Illuminate/Pipeline/Pipeline.php(209): App\\Http\\Middleware\\CheckBannedIp->handle()
#73 /var/www/gpdsgame/vendor/laravel/framework/src/Illuminate/Pipeline/Pipeline.php(127): Illuminate\\Pipeline\\Pipeline->Illuminate\\Pipeline\\{closure}()
#74 /var/www/gpdsgame/vendor/laravel/framework/src/Illuminate/Foundation/Http/Kernel.php(176): Illuminate\\Pipeline\\Pipeline->then()
#75 /var/www/gpdsgame/vendor/laravel/framework/src/Illuminate/Foundation/Http/Kernel.php(145): Illuminate\\Foundation\\Http\\Kernel->sendRequestThroughRouter()
#76 /var/www/gpdsgame/public/index.php(57): Illuminate\\Foundation\\Http\\Kernel->handle()
#77 {main}

[previous exception] [object] (ErrorException(code: 0): Undefined variable $activePage at /var/www/gpdsgame/storage/framework/views/e58c494c66d5da39fb8742670158dd24.php:16)
[stacktrace]
#0 /var/www/gpdsgame/vendor/laravel/framework/src/Illuminate/Foundation/Bootstrap/HandleExceptions.php(258): Illuminate\\Foundation\\Bootstrap\\HandleExceptions->handleError()
#1 /var/www/gpdsgame/storage/framework/views/e58c494c66d5da39fb8742670158dd24.php(16): Illuminate\\Foundation\\Bootstrap\\HandleExceptions->Illuminate\\Foundation\\Bootstrap\\{closure}()
#2 /var/www/gpdsgame/vendor/laravel/framework/src/Illuminate/Filesystem/Filesystem.php(123): require('...')
#3 /var/www/gpdsgame/vendor/laravel/framework/src/Illuminate/Filesystem/Filesystem.php(124): Illuminate\\Filesystem\\Filesystem::Illuminate\\Filesystem\\{closure}()
#4 /var/www/gpdsgame/vendor/laravel/framework/src/Illuminate/View/Engines/PhpEngine.php(58): Illuminate\\Filesystem\\Filesystem->getRequire()
#5 /var/www/gpdsgame/vendor/laravel/framework/src/Illuminate/View/Engines/CompilerEngine.php(75): Illuminate\\View\\Engines\\PhpEngine->evaluatePath()
#6 /var/www/gpdsgame/vendor/laravel/framework/src/Illuminate/View/View.php(209): Illuminate\\View\\Engines\\CompilerEngine->get()
#7 /var/www/gpdsgame/vendor/laravel/framework/src/Illuminate/View/View.php(192): Illuminate\\View\\View->getContents()
#8 /var/www/gpdsgame/vendor/laravel/framework/src/Illuminate/View/View.php(161): Illuminate\\View\\View->renderContents()
#9 /var/www/gpdsgame/storage/framework/views/2e96c1e1030bb0219ecd5d14921b3172.php(57): Illuminate\\View\\View->render()
#10 /var/www/gpdsgame/vendor/laravel/framework/src/Illuminate/Filesystem/Filesystem.php(123): require('...')
#11 /var/www/gpdsgame/vendor/laravel/framework/src/Illuminate/Filesystem/Filesystem.php(124): Illuminate\\Filesystem\\Filesystem::Illuminate\\Filesystem\\{closure}()
#12 /var/www/gpdsgame/vendor/laravel/framework/src/Illuminate/View/Engines/PhpEngine.php(58): Illuminate\\Filesystem\\Filesystem->getRequire()
#13 /var/www/gpdsgame/vendor/laravel/framework/src/Illuminate/View/Engines/CompilerEngine.php(75): Illuminate\\View\\Engines\\PhpEngine->evaluatePath()
#14 /var/www/gpdsgame/vendor/laravel/framework/src/Illuminate/View/View.php(209): Illuminate\\View\\Engines\\CompilerEngine->get()
#15 /var/www/gpdsgame/vendor/laravel/framework/src/Illuminate/View/View.php(192): Illuminate\\View\\View->getContents()
#16 /var/www/gpdsgame/vendor/laravel/framework/src/Illuminate/View/View.php(161): Illuminate\\View\\View->renderContents()
#17 /var/www/gpdsgame/storage/framework/views/4eaf261bcbb720ee41c34610500a60bc.php(172): Illuminate\\View\\View->render()
#18 /var/www/gpdsgame/vendor/laravel/framework/src/Illuminate/Filesystem/Filesystem.php(123): require('...')
#19 /var/www/gpdsgame/vendor/laravel/framework/src/Illuminate/Filesystem/Filesystem.php(124): Illuminate\\Filesystem\\Filesystem::Illuminate\\Filesystem\\{closure}()
#20 /var/www/gpdsgame/vendor/laravel/framework/src/Illuminate/View/Engines/PhpEngine.php(58): Illuminate\\Filesystem\\Filesystem->getRequire()
#21 /var/www/gpdsgame/vendor/laravel/framework/src/Illuminate/View/Engines/CompilerEngine.php(75): Illuminate\\View\\Engines\\PhpEngine->evaluatePath()
#22 /var/www/gpdsgame/vendor/laravel/framework/src/Illuminate/View/View.php(209): Illuminate\\View\\Engines\\CompilerEngine->get()
#23 /var/www/gpdsgame/vendor/laravel/framework/src/Illuminate/View/View.php(192): Illuminate\\View\\View->getContents()
#24 /var/www/gpdsgame/vendor/laravel/framework/src/Illuminate/View/View.php(161): Illuminate\\View\\View->renderContents()
#25 /var/www/gpdsgame/vendor/laravel/framework/src/Illuminate/Http/Response.php(79): Illuminate\\View\\View->render()
#26 /var/www/gpdsgame/vendor/laravel/framework/src/Illuminate/Http/Response.php(35): Illuminate\\Http\\Response->setContent()
#27 /var/www/gpdsgame/vendor/laravel/framework/src/Illuminate/Routing/Router.php(920): Illuminate\\Http\\Response->__construct()
#28 /var/www/gpdsgame/vendor/laravel/framework/src/Illuminate/Routing/Router.php(887): Illuminate\\Routing\\Router::toResponse()
#29 /var/www/gpdsgame/vendor/laravel/framework/src/Illuminate/Routing/Router.php(807): Illuminate\\Routing\\Router->prepareResponse()
#30 /var/www/gpdsgame/vendor/laravel/framework/src/Illuminate/Pipeline/Pipeline.php(170): Illuminate\\Routing\\Router->Illuminate\\Routing\\{closure}()
#31 /var/www/gpdsgame/vendor/spatie/laravel-permission/src/Middleware/PermissionMiddleware.php(37): Illuminate\\Pipeline\\Pipeline->Illuminate\\Pipeline\\{closure}()
#32 /var/www/gpdsgame/vendor/laravel/framework/src/Illuminate/Pipeline/Pipeline.php(209): Spatie\\Permission\\Middleware\\PermissionMiddleware->handle()
#33 /var/www/gpdsgame/app/Http/Middleware/EnsureNotCustomer.php(32): Illuminate\\Pipeline\\Pipeline->Illuminate\\Pipeline\\{closure}()
#34 /var/www/gpdsgame/vendor/laravel/framework/src/Illuminate/Pipeline/Pipeline.php(209): App\\Http\\Middleware\\EnsureNotCustomer->handle()
#35 /var/www/gpdsgame/vendor/laravel/framework/src/Illuminate/Routing/Middleware/SubstituteBindings.php(51): Illuminate\\Pipeline\\Pipeline->Illuminate\\Pipeline\\{closure}()
#36 /var/www/gpdsgame/vendor/laravel/framework/src/Illuminate/Pipeline/Pipeline.php(209): Illuminate\\Routing\\Middleware\\SubstituteBindings->handle()
#37 /var/www/gpdsgame/vendor/laravel/framework/src/Illuminate/Auth/Middleware/Authenticate.php(64): Illuminate\\Pipeline\\Pipeline->Illuminate\\Pipeline\\{closure}()
#38 /var/www/gpdsgame/vendor/laravel/framework/src/Illuminate/Pipeline/Pipeline.php(209): Illuminate\\Auth\\Middleware\\Authenticate->handle()
#39 /var/www/gpdsgame/vendor/laravel/framework/src/Illuminate/Foundation/Http/Middleware/VerifyCsrfToken.php(88): Illuminate\\Pipeline\\Pipeline->Illuminate\\Pipeline\\{closure}()
#40 /var/www/gpdsgame/vendor/laravel/framework/src/Illuminate/Pipeline/Pipeline.php(209): Illuminate\\Foundation\\Http\\Middleware\\VerifyCsrfToken->handle()
#41 /var/www/gpdsgame/vendor/laravel/framework/src/Illuminate/View/Middleware/ShareErrorsFromSession.php(49): Illuminate\\Pipeline\\Pipeline->Illuminate\\Pipeline\\{closure}()
#42 /var/www/gpdsgame/vendor/laravel/framework/src/Illuminate/Pipeline/Pipeline.php(209): Illuminate\\View\\Middleware\\ShareErrorsFromSession->handle()
#43 /var/www/gpdsgame/vendor/laravel/framework/src/Illuminate/Session/Middleware/StartSession.php(121): Illuminate\\Pipeline\\Pipeline->Illuminate\\Pipeline\\{closure}()
#44 /var/www/gpdsgame/vendor/laravel/framework/src/Illuminate/Session/Middleware/StartSession.php(64): Illuminate\\Session\\Middleware\\StartSession->handleStatefulRequest()
#45 /var/www/gpdsgame/vendor/laravel/framework/src/Illuminate/Pipeline/Pipeline.php(209): Illuminate\\Session\\Middleware\\StartSession->handle()
#46 /var/www/gpdsgame/vendor/laravel/framework/src/Illuminate/Cookie/Middleware/AddQueuedCookiesToResponse.php(37): Illuminate\\Pipeline\\Pipeline->Illuminate\\Pipeline\\{closure}()
#47 /var/www/gpdsgame/vendor/laravel/framework/src/Illuminate/Pipeline/Pipeline.php(209): Illuminate\\Cookie\\Middleware\\AddQueuedCookiesToResponse->handle()
#48 /var/www/gpdsgame/vendor/laravel/framework/src/Illuminate/Cookie/Middleware/EncryptCookies.php(75): Illuminate\\Pipeline\\Pipeline->Illuminate\\Pipeline\\{closure}()
#49 /var/www/gpdsgame/vendor/laravel/framework/src/Illuminate/Pipeline/Pipeline.php(209): Illuminate\\Cookie\\Middleware\\EncryptCookies->handle()
#50 /var/www/gpdsgame/vendor/laravel/framework/src/Illuminate/Pipeline/Pipeline.php(127): Illuminate\\Pipeline\\Pipeline->Illuminate\\Pipeline\\{closure}()
#51 /var/www/gpdsgame/vendor/laravel/framework/src/Illuminate/Routing/Router.php(807): Illuminate\\Pipeline\\Pipeline->then()
#52 /var/www/gpdsgame/vendor/laravel/framework/src/Illuminate/Routing/Router.php(786): Illuminate\\Routing\\Router->runRouteWithinStack()
#53 /var/www/gpdsgame/vendor/laravel/framework/src/Illuminate/Routing/Router.php(750): Illuminate\\Routing\\Router->runRoute()
#54 /var/www/gpdsgame/vendor/laravel/framework/src/Illuminate/Routing/Router.php(739): Illuminate\\Routing\\Router->dispatchToRoute()
#55 /var/www/gpdsgame/vendor/laravel/framework/src/Illuminate/Foundation/Http/Kernel.php(201): Illuminate\\Routing\\Router->dispatch()
#56 /var/www/gpdsgame/vendor/laravel/framework/src/Illuminate/Pipeline/Pipeline.php(170): Illuminate\\Foundation\\Http\\Kernel->Illuminate\\Foundation\\Http\\{closure}()
#57 /var/www/gpdsgame/vendor/laravel/framework/src/Illuminate/Foundation/Http/Middleware/TransformsRequest.php(21): Illuminate\\Pipeline\\Pipeline->Illuminate\\Pipeline\\{closure}()
#58 /var/www/gpdsgame/vendor/laravel/framework/src/Illuminate/Foundation/Http/Middleware/ConvertEmptyStringsToNull.php(31): Illuminate\\Foundation\\Http\\Middleware\\TransformsRequest->handle()
#59 /var/www/gpdsgame/vendor/laravel/framework/src/Illuminate/Pipeline/Pipeline.php(209): Illuminate\\Foundation\\Http\\Middleware\\ConvertEmptyStringsToNull->handle()
#60 /var/www/gpdsgame/vendor/laravel/framework/src/Illuminate/Foundation/Http/Middleware/TransformsRequest.php(21): Illuminate\\Pipeline\\Pipeline->Illuminate\\Pipeline\\{closure}()
#61 /var/www/gpdsgame/vendor/laravel/framework/src/Illuminate/Foundation/Http/Middleware/TrimStrings.php(51): Illuminate\\Foundation\\Http\\Middleware\\TransformsRequest->handle()
#62 /var/www/gpdsgame/vendor/laravel/framework/src/Illuminate/Pipeline/Pipeline.php(209): Illuminate\\Foundation\\Http\\Middleware\\TrimStrings->handle()
#63 /var/www/gpdsgame/vendor/laravel/framework/src/Illuminate/Http/Middleware/ValidatePostSize.php(27): Illuminate\\Pipeline\\Pipeline->Illuminate\\Pipeline\\{closure}()
#64 /var/www/gpdsgame/vendor/laravel/framework/src/Illuminate/Pipeline/Pipeline.php(209): Illuminate\\Http\\Middleware\\ValidatePostSize->handle()
#65 /var/www/gpdsgame/vendor/laravel/framework/src/Illuminate/Foundation/Http/Middleware/PreventRequestsDuringMaintenance.php(110): Illuminate\\Pipeline\\Pipeline->Illuminate\\Pipeline\\{closure}()
#66 /var/www/gpdsgame/vendor/laravel/framework/src/Illuminate/Pipeline/Pipeline.php(209): Illuminate\\Foundation\\Http\\Middleware\\PreventRequestsDuringMaintenance->handle()
#67 /var/www/gpdsgame/vendor/laravel/framework/src/Illuminate/Http/Middleware/HandleCors.php(49): Illuminate\\Pipeline\\Pipeline->Illuminate\\Pipeline\\{closure}()
#68 /var/www/gpdsgame/vendor/laravel/framework/src/Illuminate/Pipeline/Pipeline.php(209): Illuminate\\Http\\Middleware\\HandleCors->handle()
#69 /var/www/gpdsgame/vendor/laravel/framework/src/Illuminate/Http/Middleware/TrustProxies.php(58): Illuminate\\Pipeline\\Pipeline->Illuminate\\Pipeline\\{closure}()
#70 /var/www/gpdsgame/vendor/laravel/framework/src/Illuminate/Pipeline/Pipeline.php(209): Illuminate\\Http\\Middleware\\TrustProxies->handle()
#71 /var/www/gpdsgame/vendor/laravel/framework/src/Illuminate/Foundation/Http/Middleware/InvokeDeferredCallbacks.php(22): Illuminate\\Pipeline\\Pipeline->Illuminate\\Pipeline\\{closure}()
#72 /var/www/gpdsgame/vendor/laravel/framework/src/Illuminate/Pipeline/Pipeline.php(209): Illuminate\\Foundation\\Http\\Middleware\\InvokeDeferredCallbacks->handle()
#73 /var/www/gpdsgame/app/Http/Middleware/CheckBanned.php(23): Illuminate\\Pipeline\\Pipeline->Illuminate\\Pipeline\\{closure}()
#74 /var/www/gpdsgame/vendor/laravel/framework/src/Illuminate/Pipeline/Pipeline.php(209): App\\Http\\Middleware\\CheckBanned->handle()
#75 /var/www/gpdsgame/app/Http/Middleware/CheckBannedIp.php(24): Illuminate\\Pipeline\\Pipeline->Illuminate\\Pipeline\\{closure}()
#76 /var/www/gpdsgame/vendor/laravel/framework/src/Illuminate/Pipeline/Pipeline.php(209): App\\Http\\Middleware\\CheckBannedIp->handle()
#77 /var/www/gpdsgame/vendor/laravel/framework/src/Illuminate/Pipeline/Pipeline.php(127): Illuminate\\Pipeline\\Pipeline->Illuminate\\Pipeline\\{closure}()
#78 /var/www/gpdsgame/vendor/laravel/framework/src/Illuminate/Foundation/Http/Kernel.php(176): Illuminate\\Pipeline\\Pipeline->then()
#79 /var/www/gpdsgame/vendor/laravel/framework/src/Illuminate/Foundation/Http/Kernel.php(145): Illuminate\\Foundation\\Http\\Kernel->sendRequestThroughRouter()
#80 /var/www/gpdsgame/public/index.php(57): Illuminate\\Foundation\\Http\\Kernel->handle()
#81 {main}
"} 
[2026-01-19 10:54:21] production.ERROR: SQLSTATE[42S22]: Column not found: 1054 Unknown column 'ecommerce_variant_options.product_id' in 'where clause' (Connection: mysql, SQL: select * from `ecommerce_variant_options` where `ecommerce_variant_options`.`product_id` in (1)) {"exception":"[object] (Illuminate\\Database\\QueryException(code: 42S22): SQLSTATE[42S22]: Column not found: 1054 Unknown column 'ecommerce_variant_options.product_id' in 'where clause' (Connection: mysql, SQL: select * from `ecommerce_variant_options` where `ecommerce_variant_options`.`product_id` in (1)) at /var/www/gpdsgame/vendor/laravel/framework/src/Illuminate/Database/Connection.php:825)
[stacktrace]
#0 /var/www/gpdsgame/vendor/laravel/framework/src/Illuminate/Database/Connection.php(779): Illuminate\\Database\\Connection->runQueryCallback()
#1 /var/www/gpdsgame/vendor/laravel/framework/src/Illuminate/Database/Connection.php(398): Illuminate\\Database\\Connection->run()
#2 /var/www/gpdsgame/vendor/laravel/framework/src/Illuminate/Database/Query/Builder.php(3106): Illuminate\\Database\\Connection->select()
#3 /var/www/gpdsgame/vendor/laravel/framework/src/Illuminate/Database/Query/Builder.php(3091): Illuminate\\Database\\Query\\Builder->runSelect()
#4 /var/www/gpdsgame/vendor/laravel/framework/src/Illuminate/Database/Query/Builder.php(3676): Illuminate\\Database\\Query\\Builder->Illuminate\\Database\\Query\\{closure}()
#5 /var/www/gpdsgame/vendor/laravel/framework/src/Illuminate/Database/Query/Builder.php(3090): Illuminate\\Database\\Query\\Builder->onceWithColumns()
#6 /var/www/gpdsgame/vendor/laravel/framework/src/Illuminate/Database/Eloquent/Builder.php(811): Illuminate\\Database\\Query\\Builder->get()
#7 /var/www/gpdsgame/vendor/laravel/framework/src/Illuminate/Database/Eloquent/Builder.php(793): Illuminate\\Database\\Eloquent\\Builder->getModels()
#8 /var/www/gpdsgame/vendor/laravel/framework/src/Illuminate/Database/Eloquent/Relations/Relation.php(213): Illuminate\\Database\\Eloquent\\Builder->get()
#9 /var/www/gpdsgame/vendor/laravel/framework/src/Illuminate/Database/Eloquent/Relations/Relation.php(176): Illuminate\\Database\\Eloquent\\Relations\\Relation->get()
#10 /var/www/gpdsgame/vendor/laravel/framework/src/Illuminate/Database/Eloquent/Builder.php(859): Illuminate\\Database\\Eloquent\\Relations\\Relation->getEager()
#11 /var/www/gpdsgame/vendor/laravel/framework/src/Illuminate/Database/Eloquent/Builder.php(828): Illuminate\\Database\\Eloquent\\Builder->eagerLoadRelation()
#12 /var/www/gpdsgame/vendor/laravel/framework/src/Illuminate/Database/Eloquent/Builder.php(794): Illuminate\\Database\\Eloquent\\Builder->eagerLoadRelations()
#13 /var/www/gpdsgame/vendor/laravel/framework/src/Illuminate/Database/Eloquent/Builder.php(1034): Illuminate\\Database\\Eloquent\\Builder->get()
#14 /var/www/gpdsgame/app/Http/Controllers/Api/EcommerceApiController.php(86): Illuminate\\Database\\Eloquent\\Builder->paginate()
#15 /var/www/gpdsgame/vendor/laravel/framework/src/Illuminate/Routing/Controller.php(54): App\\Http\\Controllers\\Api\\EcommerceApiController->products()
#16 /var/www/gpdsgame/vendor/laravel/framework/src/Illuminate/Routing/ControllerDispatcher.php(44): Illuminate\\Routing\\Controller->callAction()
#17 /var/www/gpdsgame/vendor/laravel/framework/src/Illuminate/Routing/Route.php(266): Illuminate\\Routing\\ControllerDispatcher->dispatch()
#18 /var/www/gpdsgame/vendor/laravel/framework/src/Illuminate/Routing/Route.php(212): Illuminate\\Routing\\Route->runController()
#19 /var/www/gpdsgame/vendor/laravel/framework/src/Illuminate/Routing/Router.php(808): Illuminate\\Routing\\Route->run()
#20 /var/www/gpdsgame/vendor/laravel/framework/src/Illuminate/Pipeline/Pipeline.php(170): Illuminate\\Routing\\Router->Illuminate\\Routing\\{closure}()
#21 /var/www/gpdsgame/vendor/laravel/framework/src/Illuminate/Routing/Middleware/SubstituteBindings.php(51): Illuminate\\Pipeline\\Pipeline->Illuminate\\Pipeline\\{closure}()
#22 /var/www/gpdsgame/vendor/laravel/framework/src/Illuminate/Pipeline/Pipeline.php(209): Illuminate\\Routing\\Middleware\\SubstituteBindings->handle()
#23 /var/www/gpdsgame/vendor/laravel/framework/src/Illuminate/Pipeline/Pipeline.php(127): Illuminate\\Pipeline\\Pipeline->Illuminate\\Pipeline\\{closure}()
#24 /var/www/gpdsgame/vendor/laravel/framework/src/Illuminate/Routing/Router.php(807): Illuminate\\Pipeline\\Pipeline->then()
#25 /var/www/gpdsgame/vendor/laravel/framework/src/Illuminate/Routing/Router.php(786): Illuminate\\Routing\\Router->runRouteWithinStack()
#26 /var/www/gpdsgame/vendor/laravel/framework/src/Illuminate/Routing/Router.php(750): Illuminate\\Routing\\Router->runRoute()
#27 /var/www/gpdsgame/vendor/laravel/framework/src/Illuminate/Routing/Router.php(739): Illuminate\\Routing\\Router->dispatchToRoute()
#28 /var/www/gpdsgame/vendor/laravel/framework/src/Illuminate/Foundation/Http/Kernel.php(201): Illuminate\\Routing\\Router->dispatch()
#29 /var/www/gpdsgame/vendor/laravel/framework/src/Illuminate/Pipeline/Pipeline.php(170): Illuminate\\Foundation\\Http\\Kernel->Illuminate\\Foundation\\Http\\{closure}()
#30 /var/www/gpdsgame/vendor/laravel/framework/src/Illuminate/Foundation/Http/Middleware/TransformsRequest.php(21): Illuminate\\Pipeline\\Pipeline->Illuminate\\Pipeline\\{closure}()
#31 /var/www/gpdsgame/vendor/laravel/framework/src/Illuminate/Foundation/Http/Middleware/ConvertEmptyStringsToNull.php(31): Illuminate\\Foundation\\Http\\Middleware\\TransformsRequest->handle()
#32 /var/www/gpdsgame/vendor/laravel/framework/src/Illuminate/Pipeline/Pipeline.php(209): Illuminate\\Foundation\\Http\\Middleware\\ConvertEmptyStringsToNull->handle()
#33 /var/www/gpdsgame/vendor/laravel/framework/src/Illuminate/Foundation/Http/Middleware/TransformsRequest.php(21): Illuminate\\Pipeline\\Pipeline->Illuminate\\Pipeline\\{closure}()
#34 /var/www/gpdsgame/vendor/laravel/framework/src/Illuminate/Foundation/Http/Middleware/TrimStrings.php(51): Illuminate\\Foundation\\Http\\Middleware\\TransformsRequest->handle()
#35 /var/www/gpdsgame/vendor/laravel/framework/src/Illuminate/Pipeline/Pipeline.php(209): Illuminate\\Foundation\\Http\\Middleware\\TrimStrings->handle()
#36 /var/www/gpdsgame/vendor/laravel/framework/src/Illuminate/Http/Middleware/ValidatePostSize.php(27): Illuminate\\Pipeline\\Pipeline->Illuminate\\Pipeline\\{closure}()
#37 /var/www/gpdsgame/vendor/laravel/framework/src/Illuminate/Pipeline/Pipeline.php(209): Illuminate\\Http\\Middleware\\ValidatePostSize->handle()
#38 /var/www/gpdsgame/vendor/laravel/framework/src/Illuminate/Foundation/Http/Middleware/PreventRequestsDuringMaintenance.php(110): Illuminate\\Pipeline\\Pipeline->Illuminate\\Pipeline\\{closure}()
#39 /var/www/gpdsgame/vendor/laravel/framework/src/Illuminate/Pipeline/Pipeline.php(209): Illuminate\\Foundation\\Http\\Middleware\\PreventRequestsDuringMaintenance->handle()
#40 /var/www/gpdsgame/vendor/laravel/framework/src/Illuminate/Http/Middleware/HandleCors.php(62): Illuminate\\Pipeline\\Pipeline->Illuminate\\Pipeline\\{closure}()
#41 /var/www/gpdsgame/vendor/laravel/framework/src/Illuminate/Pipeline/Pipeline.php(209): Illuminate\\Http\\Middleware\\HandleCors->handle()
#42 /var/www/gpdsgame/vendor/laravel/framework/src/Illuminate/Http/Middleware/TrustProxies.php(58): Illuminate\\Pipeline\\Pipeline->Illuminate\\Pipeline\\{closure}()
#43 /var/www/gpdsgame/vendor/laravel/framework/src/Illuminate/Pipeline/Pipeline.php(209): Illuminate\\Http\\Middleware\\TrustProxies->handle()
#44 /var/www/gpdsgame/vendor/laravel/framework/src/Illuminate/Foundation/Http/Middleware/InvokeDeferredCallbacks.php(22): Illuminate\\Pipeline\\Pipeline->Illuminate\\Pipeline\\{closure}()
#45 /var/www/gpdsgame/vendor/laravel/framework/src/Illuminate/Pipeline/Pipeline.php(209): Illuminate\\Foundation\\Http\\Middleware\\InvokeDeferredCallbacks->handle()
#46 /var/www/gpdsgame/app/Http/Middleware/CheckBanned.php(23): Illuminate\\Pipeline\\Pipeline->Illuminate\\Pipeline\\{closure}()
#47 /var/www/gpdsgame/vendor/laravel/framework/src/Illuminate/Pipeline/Pipeline.php(209): App\\Http\\Middleware\\CheckBanned->handle()
#48 /var/www/gpdsgame/app/Http/Middleware/CheckBannedIp.php(24): Illuminate\\Pipeline\\Pipeline->Illuminate\\Pipeline\\{closure}()
#49 /var/www/gpdsgame/vendor/laravel/framework/src/Illuminate/Pipeline/Pipeline.php(209): App\\Http\\Middleware\\CheckBannedIp->handle()
#50 /var/www/gpdsgame/vendor/laravel/framework/src/Illuminate/Pipeline/Pipeline.php(127): Illuminate\\Pipeline\\Pipeline->Illuminate\\Pipeline\\{closure}()
#51 /var/www/gpdsgame/vendor/laravel/framework/src/Illuminate/Foundation/Http/Kernel.php(176): Illuminate\\Pipeline\\Pipeline->then()
#52 /var/www/gpdsgame/vendor/laravel/framework/src/Illuminate/Foundation/Http/Kernel.php(145): Illuminate\\Foundation\\Http\\Kernel->sendRequestThroughRouter()
#53 /var/www/gpdsgame/public/index.php(57): Illuminate\\Foundation\\Http\\Kernel->handle()
#54 {main}

[previous exception] [object] (PDOException(code: 42S22): SQLSTATE[42S22]: Column not found: 1054 Unknown column 'ecommerce_variant_options.product_id' in 'where clause' at /var/www/gpdsgame/vendor/laravel/framework/src/Illuminate/Database/Connection.php:407)
[stacktrace]
#0 /var/www/gpdsgame/vendor/laravel/framework/src/Illuminate/Database/Connection.php(407): PDO->prepare()
#1 /var/www/gpdsgame/vendor/laravel/framework/src/Illuminate/Database/Connection.php(812): Illuminate\\Database\\Connection->Illuminate\\Database\\{closure}()
#2 /var/www/gpdsgame/vendor/laravel/framework/src/Illuminate/Database/Connection.php(779): Illuminate\\Database\\Connection->runQueryCallback()
#3 /var/www/gpdsgame/vendor/laravel/framework/src/Illuminate/Database/Connection.php(398): Illuminate\\Database\\Connection->run()
#4 /var/www/gpdsgame/vendor/laravel/framework/src/Illuminate/Database/Query/Builder.php(3106): Illuminate\\Database\\Connection->select()
#5 /var/www/gpdsgame/vendor/laravel/framework/src/Illuminate/Database/Query/Builder.php(3091): Illuminate\\Database\\Query\\Builder->runSelect()
#6 /var/www/gpdsgame/vendor/laravel/framework/src/Illuminate/Database/Query/Builder.php(3676): Illuminate\\Database\\Query\\Builder->Illuminate\\Database\\Query\\{closure}()
#7 /var/www/gpdsgame/vendor/laravel/framework/src/Illuminate/Database/Query/Builder.php(3090): Illuminate\\Database\\Query\\Builder->onceWithColumns()
#8 /var/www/gpdsgame/vendor/laravel/framework/src/Illuminate/Database/Eloquent/Builder.php(811): Illuminate\\Database\\Query\\Builder->get()
#9 /var/www/gpdsgame/vendor/laravel/framework/src/Illuminate/Database/Eloquent/Builder.php(793): Illuminate\\Database\\Eloquent\\Builder->getModels()
#10 /var/www/gpdsgame/vendor/laravel/framework/src/Illuminate/Database/Eloquent/Relations/Relation.php(213): Illuminate\\Database\\Eloquent\\Builder->get()
#11 /var/www/gpdsgame/vendor/laravel/framework/src/Illuminate/Database/Eloquent/Relations/Relation.php(176): Illuminate\\Database\\Eloquent\\Relations\\Relation->get()
#12 /var/www/gpdsgame/vendor/laravel/framework/src/Illuminate/Database/Eloquent/Builder.php(859): Illuminate\\Database\\Eloquent\\Relations\\Relation->getEager()
#13 /var/www/gpdsgame/vendor/laravel/framework/src/Illuminate/Database/Eloquent/Builder.php(828): Illuminate\\Database\\Eloquent\\Builder->eagerLoadRelation()
#14 /var/www/gpdsgame/vendor/laravel/framework/src/Illuminate/Database/Eloquent/Builder.php(794): Illuminate\\Database\\Eloquent\\Builder->eagerLoadRelations()
#15 /var/www/gpdsgame/vendor/laravel/framework/src/Illuminate/Database/Eloquent/Builder.php(1034): Illuminate\\Database\\Eloquent\\Builder->get()
#16 /var/www/gpdsgame/app/Http/Controllers/Api/EcommerceApiController.php(86): Illuminate\\Database\\Eloquent\\Builder->paginate()
#17 /var/www/gpdsgame/vendor/laravel/framework/src/Illuminate/Routing/Controller.php(54): App\\Http\\Controllers\\Api\\EcommerceApiController->products()
#18 /var/www/gpdsgame/vendor/laravel/framework/src/Illuminate/Routing/ControllerDispatcher.php(44): Illuminate\\Routing\\Controller->callAction()
#19 /var/www/gpdsgame/vendor/laravel/framework/src/Illuminate/Routing/Route.php(266): Illuminate\\Routing\\ControllerDispatcher->dispatch()
#20 /var/www/gpdsgame/vendor/laravel/framework/src/Illuminate/Routing/Route.php(212): Illuminate\\Routing\\Route->runController()
#21 /var/www/gpdsgame/vendor/laravel/framework/src/Illuminate/Routing/Router.php(808): Illuminate\\Routing\\Route->run()
#22 /var/www/gpdsgame/vendor/laravel/framework/src/Illuminate/Pipeline/Pipeline.php(170): Illuminate\\Routing\\Router->Illuminate\\Routing\\{closure}()
#23 /var/www/gpdsgame/vendor/laravel/framework/src/Illuminate/Routing/Middleware/SubstituteBindings.php(51): Illuminate\\Pipeline\\Pipeline->Illuminate\\Pipeline\\{closure}()
#24 /var/www/gpdsgame/vendor/laravel/framework/src/Illuminate/Pipeline/Pipeline.php(209): Illuminate\\Routing\\Middleware\\SubstituteBindings->handle()
#25 /var/www/gpdsgame/vendor/laravel/framework/src/Illuminate/Pipeline/Pipeline.php(127): Illuminate\\Pipeline\\Pipeline->Illuminate\\Pipeline\\{closure}()
#26 /var/www/gpdsgame/vendor/laravel/framework/src/Illuminate/Routing/Router.php(807): Illuminate\\Pipeline\\Pipeline->then()
#27 /var/www/gpdsgame/vendor/laravel/framework/src/Illuminate/Routing/Router.php(786): Illuminate\\Routing\\Router->runRouteWithinStack()
#28 /var/www/gpdsgame/vendor/laravel/framework/src/Illuminate/Routing/Router.php(750): Illuminate\\Routing\\Router->runRoute()
#29 /var/www/gpdsgame/vendor/laravel/framework/src/Illuminate/Routing/Router.php(739): Illuminate\\Routing\\Router->dispatchToRoute()
#30 /var/www/gpdsgame/vendor/laravel/framework/src/Illuminate/Foundation/Http/Kernel.php(201): Illuminate\\Routing\\Router->dispatch()
#31 /var/www/gpdsgame/vendor/laravel/framework/src/Illuminate/Pipeline/Pipeline.php(170): Illuminate\\Foundation\\Http\\Kernel->Illuminate\\Foundation\\Http\\{closure}()
#32 /var/www/gpdsgame/vendor/laravel/framework/src/Illuminate/Foundation/Http/Middleware/TransformsRequest.php(21): Illuminate\\Pipeline\\Pipeline->Illuminate\\Pipeline\\{closure}()
#33 /var/www/gpdsgame/vendor/laravel/framework/src/Illuminate/Foundation/Http/Middleware/ConvertEmptyStringsToNull.php(31): Illuminate\\Foundation\\Http\\Middleware\\TransformsRequest->handle()
#34 /var/www/gpdsgame/vendor/laravel/framework/src/Illuminate/Pipeline/Pipeline.php(209): Illuminate\\Foundation\\Http\\Middleware\\ConvertEmptyStringsToNull->handle()
#35 /var/www/gpdsgame/vendor/laravel/framework/src/Illuminate/Foundation/Http/Middleware/TransformsRequest.php(21): Illuminate\\Pipeline\\Pipeline->Illuminate\\Pipeline\\{closure}()
#36 /var/www/gpdsgame/vendor/laravel/framework/src/Illuminate/Foundation/Http/Middleware/TrimStrings.php(51): Illuminate\\Foundation\\Http\\Middleware\\TransformsRequest->handle()
#37 /var/www/gpdsgame/vendor/laravel/framework/src/Illuminate/Pipeline/Pipeline.php(209): Illuminate\\Foundation\\Http\\Middleware\\TrimStrings->handle()
#38 /var/www/gpdsgame/vendor/laravel/framework/src/Illuminate/Http/Middleware/ValidatePostSize.php(27): Illuminate\\Pipeline\\Pipeline->Illuminate\\Pipeline\\{closure}()
#39 /var/www/gpdsgame/vendor/laravel/framework/src/Illuminate/Pipeline/Pipeline.php(209): Illuminate\\Http\\Middleware\\ValidatePostSize->handle()
#40 /var/www/gpdsgame/vendor/laravel/framework/src/Illuminate/Foundation/Http/Middleware/PreventRequestsDuringMaintenance.php(110): Illuminate\\Pipeline\\Pipeline->Illuminate\\Pipeline\\{closure}()
#41 /var/www/gpdsgame/vendor/laravel/framework/src/Illuminate/Pipeline/Pipeline.php(209): Illuminate\\Foundation\\Http\\Middleware\\PreventRequestsDuringMaintenance->handle()
#42 /var/www/gpdsgame/vendor/laravel/framework/src/Illuminate/Http/Middleware/HandleCors.php(62): Illuminate\\Pipeline\\Pipeline->Illuminate\\Pipeline\\{closure}()
#43 /var/www/gpdsgame/vendor/laravel/framework/src/Illuminate/Pipeline/Pipeline.php(209): Illuminate\\Http\\Middleware\\HandleCors->handle()
#44 /var/www/gpdsgame/vendor/laravel/framework/src/Illuminate/Http/Middleware/TrustProxies.php(58): Illuminate\\Pipeline\\Pipeline->Illuminate\\Pipeline\\{closure}()
#45 /var/www/gpdsgame/vendor/laravel/framework/src/Illuminate/Pipeline/Pipeline.php(209): Illuminate\\Http\\Middleware\\TrustProxies->handle()
#46 /var/www/gpdsgame/vendor/laravel/framework/src/Illuminate/Foundation/Http/Middleware/InvokeDeferredCallbacks.php(22): Illuminate\\Pipeline\\Pipeline->Illuminate\\Pipeline\\{closure}()
#47 /var/www/gpdsgame/vendor/laravel/framework/src/Illuminate/Pipeline/Pipeline.php(209): Illuminate\\Foundation\\Http\\Middleware\\InvokeDeferredCallbacks->handle()
#48 /var/www/gpdsgame/app/Http/Middleware/CheckBanned.php(23): Illuminate\\Pipeline\\Pipeline->Illuminate\\Pipeline\\{closure}()
#49 /var/www/gpdsgame/vendor/laravel/framework/src/Illuminate/Pipeline/Pipeline.php(209): App\\Http\\Middleware\\CheckBanned->handle()
#50 /var/www/gpdsgame/app/Http/Middleware/CheckBannedIp.php(24): Illuminate\\Pipeline\\Pipeline->Illuminate\\Pipeline\\{closure}()
#51 /var/www/gpdsgame/vendor/laravel/framework/src/Illuminate/Pipeline/Pipeline.php(209): App\\Http\\Middleware\\CheckBannedIp->handle()
#52 /var/www/gpdsgame/vendor/laravel/framework/src/Illuminate/Pipeline/Pipeline.php(127): Illuminate\\Pipeline\\Pipeline->Illuminate\\Pipeline\\{closure}()
#53 /var/www/gpdsgame/vendor/laravel/framework/src/Illuminate/Foundation/Http/Kernel.php(176): Illuminate\\Pipeline\\Pipeline->then()
#54 /var/www/gpdsgame/vendor/laravel/framework/src/Illuminate/Foundation/Http/Kernel.php(145): Illuminate\\Foundation\\Http\\Kernel->sendRequestThroughRouter()
#55 /var/www/gpdsgame/public/index.php(57): Illuminate\\Foundation\\Http\\Kernel->handle()
#56 {main}
"} 
[2026-01-19 10:54:24] production.ERROR: SQLSTATE[42S22]: Column not found: 1054 Unknown column 'ecommerce_variant_options.product_id' in 'where clause' (Connection: mysql, SQL: select * from `ecommerce_variant_options` where `ecommerce_variant_options`.`product_id` in (1)) {"exception":"[object] (Illuminate\\Database\\QueryException(code: 42S22): SQLSTATE[42S22]: Column not found: 1054 Unknown column 'ecommerce_variant_options.product_id' in 'where clause' (Connection: mysql, SQL: select * from `ecommerce_variant_options` where `ecommerce_variant_options`.`product_id` in (1)) at /var/www/gpdsgame/vendor/laravel/framework/src/Illuminate/Database/Connection.php:825)
[stacktrace]
#0 /var/www/gpdsgame/vendor/laravel/framework/src/Illuminate/Database/Connection.php(779): Illuminate\\Database\\Connection->runQueryCallback()
#1 /var/www/gpdsgame/vendor/laravel/framework/src/Illuminate/Database/Connection.php(398): Illuminate\\Database\\Connection->run()
#2 /var/www/gpdsgame/vendor/laravel/framework/src/Illuminate/Database/Query/Builder.php(3106): Illuminate\\Database\\Connection->select()
#3 /var/www/gpdsgame/vendor/laravel/framework/src/Illuminate/Database/Query/Builder.php(3091): Illuminate\\Database\\Query\\Builder->runSelect()
#4 /var/www/gpdsgame/vendor/laravel/framework/src/Illuminate/Database/Query/Builder.php(3676): Illuminate\\Database\\Query\\Builder->Illuminate\\Database\\Query\\{closure}()
#5 /var/www/gpdsgame/vendor/laravel/framework/src/Illuminate/Database/Query/Builder.php(3090): Illuminate\\Database\\Query\\Builder->onceWithColumns()
#6 /var/www/gpdsgame/vendor/laravel/framework/src/Illuminate/Database/Eloquent/Builder.php(811): Illuminate\\Database\\Query\\Builder->get()
#7 /var/www/gpdsgame/vendor/laravel/framework/src/Illuminate/Database/Eloquent/Builder.php(793): Illuminate\\Database\\Eloquent\\Builder->getModels()
#8 /var/www/gpdsgame/vendor/laravel/framework/src/Illuminate/Database/Eloquent/Relations/Relation.php(213): Illuminate\\Database\\Eloquent\\Builder->get()
#9 /var/www/gpdsgame/vendor/laravel/framework/src/Illuminate/Database/Eloquent/Relations/Relation.php(176): Illuminate\\Database\\Eloquent\\Relations\\Relation->get()
#10 /var/www/gpdsgame/vendor/laravel/framework/src/Illuminate/Database/Eloquent/Builder.php(859): Illuminate\\Database\\Eloquent\\Relations\\Relation->getEager()
#11 /var/www/gpdsgame/vendor/laravel/framework/src/Illuminate/Database/Eloquent/Builder.php(828): Illuminate\\Database\\Eloquent\\Builder->eagerLoadRelation()
#12 /var/www/gpdsgame/vendor/laravel/framework/src/Illuminate/Database/Eloquent/Builder.php(794): Illuminate\\Database\\Eloquent\\Builder->eagerLoadRelations()
#13 /var/www/gpdsgame/vendor/laravel/framework/src/Illuminate/Database/Eloquent/Builder.php(1034): Illuminate\\Database\\Eloquent\\Builder->get()
#14 /var/www/gpdsgame/app/Http/Controllers/Api/EcommerceApiController.php(86): Illuminate\\Database\\Eloquent\\Builder->paginate()
#15 /var/www/gpdsgame/vendor/laravel/framework/src/Illuminate/Routing/Controller.php(54): App\\Http\\Controllers\\Api\\EcommerceApiController->products()
#16 /var/www/gpdsgame/vendor/laravel/framework/src/Illuminate/Routing/ControllerDispatcher.php(44): Illuminate\\Routing\\Controller->callAction()
#17 /var/www/gpdsgame/vendor/laravel/framework/src/Illuminate/Routing/Route.php(266): Illuminate\\Routing\\ControllerDispatcher->dispatch()
#18 /var/www/gpdsgame/vendor/laravel/framework/src/Illuminate/Routing/Route.php(212): Illuminate\\Routing\\Route->runController()
#19 /var/www/gpdsgame/vendor/laravel/framework/src/Illuminate/Routing/Router.php(808): Illuminate\\Routing\\Route->run()
#20 /var/www/gpdsgame/vendor/laravel/framework/src/Illuminate/Pipeline/Pipeline.php(170): Illuminate\\Routing\\Router->Illuminate\\Routing\\{closure}()
#21 /var/www/gpdsgame/vendor/laravel/framework/src/Illuminate/Routing/Middleware/SubstituteBindings.php(51): Illuminate\\Pipeline\\Pipeline->Illuminate\\Pipeline\\{closure}()
#22 /var/www/gpdsgame/vendor/laravel/framework/src/Illuminate/Pipeline/Pipeline.php(209): Illuminate\\Routing\\Middleware\\SubstituteBindings->handle()
#23 /var/www/gpdsgame/vendor/laravel/framework/src/Illuminate/Pipeline/Pipeline.php(127): Illuminate\\Pipeline\\Pipeline->Illuminate\\Pipeline\\{closure}()
#24 /var/www/gpdsgame/vendor/laravel/framework/src/Illuminate/Routing/Router.php(807): Illuminate\\Pipeline\\Pipeline->then()
#25 /var/www/gpdsgame/vendor/laravel/framework/src/Illuminate/Routing/Router.php(786): Illuminate\\Routing\\Router->runRouteWithinStack()
#26 /var/www/gpdsgame/vendor/laravel/framework/src/Illuminate/Routing/Router.php(750): Illuminate\\Routing\\Router->runRoute()
#27 /var/www/gpdsgame/vendor/laravel/framework/src/Illuminate/Routing/Router.php(739): Illuminate\\Routing\\Router->dispatchToRoute()
#28 /var/www/gpdsgame/vendor/laravel/framework/src/Illuminate/Foundation/Http/Kernel.php(201): Illuminate\\Routing\\Router->dispatch()
#29 /var/www/gpdsgame/vendor/laravel/framework/src/Illuminate/Pipeline/Pipeline.php(170): Illuminate\\Foundation\\Http\\Kernel->Illuminate\\Foundation\\Http\\{closure}()
#30 /var/www/gpdsgame/vendor/laravel/framework/src/Illuminate/Foundation/Http/Middleware/TransformsRequest.php(21): Illuminate\\Pipeline\\Pipeline->Illuminate\\Pipeline\\{closure}()
#31 /var/www/gpdsgame/vendor/laravel/framework/src/Illuminate/Foundation/Http/Middleware/ConvertEmptyStringsToNull.php(31): Illuminate\\Foundation\\Http\\Middleware\\TransformsRequest->handle()
#32 /var/www/gpdsgame/vendor/laravel/framework/src/Illuminate/Pipeline/Pipeline.php(209): Illuminate\\Foundation\\Http\\Middleware\\ConvertEmptyStringsToNull->handle()
#33 /var/www/gpdsgame/vendor/laravel/framework/src/Illuminate/Foundation/Http/Middleware/TransformsRequest.php(21): Illuminate\\Pipeline\\Pipeline->Illuminate\\Pipeline\\{closure}()
#34 /var/www/gpdsgame/vendor/laravel/framework/src/Illuminate/Foundation/Http/Middleware/TrimStrings.php(51): Illuminate\\Foundation\\Http\\Middleware\\TransformsRequest->handle()
#35 /var/www/gpdsgame/vendor/laravel/framework/src/Illuminate/Pipeline/Pipeline.php(209): Illuminate\\Foundation\\Http\\Middleware\\TrimStrings->handle()
#36 /var/www/gpdsgame/vendor/laravel/framework/src/Illuminate/Http/Middleware/ValidatePostSize.php(27): Illuminate\\Pipeline\\Pipeline->Illuminate\\Pipeline\\{closure}()
#37 /var/www/gpdsgame/vendor/laravel/framework/src/Illuminate/Pipeline/Pipeline.php(209): Illuminate\\Http\\Middleware\\ValidatePostSize->handle()
#38 /var/www/gpdsgame/vendor/laravel/framework/src/Illuminate/Foundation/Http/Middleware/PreventRequestsDuringMaintenance.php(110): Illuminate\\Pipeline\\Pipeline->Illuminate\\Pipeline\\{closure}()
#39 /var/www/gpdsgame/vendor/laravel/framework/src/Illuminate/Pipeline/Pipeline.php(209): Illuminate\\Foundation\\Http\\Middleware\\PreventRequestsDuringMaintenance->handle()
#40 /var/www/gpdsgame/vendor/laravel/framework/src/Illuminate/Http/Middleware/HandleCors.php(62): Illuminate\\Pipeline\\Pipeline->Illuminate\\Pipeline\\{closure}()
#41 /var/www/gpdsgame/vendor/laravel/framework/src/Illuminate/Pipeline/Pipeline.php(209): Illuminate\\Http\\Middleware\\HandleCors->handle()
#42 /var/www/gpdsgame/vendor/laravel/framework/src/Illuminate/Http/Middleware/TrustProxies.php(58): Illuminate\\Pipeline\\Pipeline->Illuminate\\Pipeline\\{closure}()
#43 /var/www/gpdsgame/vendor/laravel/framework/src/Illuminate/Pipeline/Pipeline.php(209): Illuminate\\Http\\Middleware\\TrustProxies->handle()
#44 /var/www/gpdsgame/vendor/laravel/framework/src/Illuminate/Foundation/Http/Middleware/InvokeDeferredCallbacks.php(22): Illuminate\\Pipeline\\Pipeline->Illuminate\\Pipeline\\{closure}()
#45 /var/www/gpdsgame/vendor/laravel/framework/src/Illuminate/Pipeline/Pipeline.php(209): Illuminate\\Foundation\\Http\\Middleware\\InvokeDeferredCallbacks->handle()
#46 /var/www/gpdsgame/app/Http/Middleware/CheckBanned.php(23): Illuminate\\Pipeline\\Pipeline->Illuminate\\Pipeline\\{closure}()
#47 /var/www/gpdsgame/vendor/laravel/framework/src/Illuminate/Pipeline/Pipeline.php(209): App\\Http\\Middleware\\CheckBanned->handle()
#48 /var/www/gpdsgame/app/Http/Middleware/CheckBannedIp.php(24): Illuminate\\Pipeline\\Pipeline->Illuminate\\Pipeline\\{closure}()
#49 /var/www/gpdsgame/vendor/laravel/framework/src/Illuminate/Pipeline/Pipeline.php(209): App\\Http\\Middleware\\CheckBannedIp->handle()
#50 /var/www/gpdsgame/vendor/laravel/framework/src/Illuminate/Pipeline/Pipeline.php(127): Illuminate\\Pipeline\\Pipeline->Illuminate\\Pipeline\\{closure}()
#51 /var/www/gpdsgame/vendor/laravel/framework/src/Illuminate/Foundation/Http/Kernel.php(176): Illuminate\\Pipeline\\Pipeline->then()
#52 /var/www/gpdsgame/vendor/laravel/framework/src/Illuminate/Foundation/Http/Kernel.php(145): Illuminate\\Foundation\\Http\\Kernel->sendRequestThroughRouter()
#53 /var/www/gpdsgame/public/index.php(57): Illuminate\\Foundation\\Http\\Kernel->handle()
#54 {main}

[previous exception] [object] (PDOException(code: 42S22): SQLSTATE[42S22]: Column not found: 1054 Unknown column 'ecommerce_variant_options.product_id' in 'where clause' at /var/www/gpdsgame/vendor/laravel/framework/src/Illuminate/Database/Connection.php:407)
[stacktrace]
#0 /var/www/gpdsgame/vendor/laravel/framework/src/Illuminate/Database/Connection.php(407): PDO->prepare()
#1 /var/www/gpdsgame/vendor/laravel/framework/src/Illuminate/Database/Connection.php(812): Illuminate\\Database\\Connection->Illuminate\\Database\\{closure}()
#2 /var/www/gpdsgame/vendor/laravel/framework/src/Illuminate/Database/Connection.php(779): Illuminate\\Database\\Connection->runQueryCallback()
#3 /var/www/gpdsgame/vendor/laravel/framework/src/Illuminate/Database/Connection.php(398): Illuminate\\Database\\Connection->run()
#4 /var/www/gpdsgame/vendor/laravel/framework/src/Illuminate/Database/Query/Builder.php(3106): Illuminate\\Database\\Connection->select()
#5 /var/www/gpdsgame/vendor/laravel/framework/src/Illuminate/Database/Query/Builder.php(3091): Illuminate\\Database\\Query\\Builder->runSelect()
#6 /var/www/gpdsgame/vendor/laravel/framework/src/Illuminate/Database/Query/Builder.php(3676): Illuminate\\Database\\Query\\Builder->Illuminate\\Database\\Query\\{closure}()
#7 /var/www/gpdsgame/vendor/laravel/framework/src/Illuminate/Database/Query/Builder.php(3090): Illuminate\\Database\\Query\\Builder->onceWithColumns()
#8 /var/www/gpdsgame/vendor/laravel/framework/src/Illuminate/Database/Eloquent/Builder.php(811): Illuminate\\Database\\Query\\Builder->get()
#9 /var/www/gpdsgame/vendor/laravel/framework/src/Illuminate/Database/Eloquent/Builder.php(793): Illuminate\\Database\\Eloquent\\Builder->getModels()
#10 /var/www/gpdsgame/vendor/laravel/framework/src/Illuminate/Database/Eloquent/Relations/Relation.php(213): Illuminate\\Database\\Eloquent\\Builder->get()
#11 /var/www/gpdsgame/vendor/laravel/framework/src/Illuminate/Database/Eloquent/Relations/Relation.php(176): Illuminate\\Database\\Eloquent\\Relations\\Relation->get()
#12 /var/www/gpdsgame/vendor/laravel/framework/src/Illuminate/Database/Eloquent/Builder.php(859): Illuminate\\Database\\Eloquent\\Relations\\Relation->getEager()
#13 /var/www/gpdsgame/vendor/laravel/framework/src/Illuminate/Database/Eloquent/Builder.php(828): Illuminate\\Database\\Eloquent\\Builder->eagerLoadRelation()
#14 /var/www/gpdsgame/vendor/laravel/framework/src/Illuminate/Database/Eloquent/Builder.php(794): Illuminate\\Database\\Eloquent\\Builder->eagerLoadRelations()
#15 /var/www/gpdsgame/vendor/laravel/framework/src/Illuminate/Database/Eloquent/Builder.php(1034): Illuminate\\Database\\Eloquent\\Builder->get()
#16 /var/www/gpdsgame/app/Http/Controllers/Api/EcommerceApiController.php(86): Illuminate\\Database\\Eloquent\\Builder->paginate()
#17 /var/www/gpdsgame/vendor/laravel/framework/src/Illuminate/Routing/Controller.php(54): App\\Http\\Controllers\\Api\\EcommerceApiController->products()
#18 /var/www/gpdsgame/vendor/laravel/framework/src/Illuminate/Routing/ControllerDispatcher.php(44): Illuminate\\Routing\\Controller->callAction()
#19 /var/www/gpdsgame/vendor/laravel/framework/src/Illuminate/Routing/Route.php(266): Illuminate\\Routing\\ControllerDispatcher->dispatch()
#20 /var/www/gpdsgame/vendor/laravel/framework/src/Illuminate/Routing/Route.php(212): Illuminate\\Routing\\Route->runController()
#21 /var/www/gpdsgame/vendor/laravel/framework/src/Illuminate/Routing/Router.php(808): Illuminate\\Routing\\Route->run()
#22 /var/www/gpdsgame/vendor/laravel/framework/src/Illuminate/Pipeline/Pipeline.php(170): Illuminate\\Routing\\Router->Illuminate\\Routing\\{closure}()
#23 /var/www/gpdsgame/vendor/laravel/framework/src/Illuminate/Routing/Middleware/SubstituteBindings.php(51): Illuminate\\Pipeline\\Pipeline->Illuminate\\Pipeline\\{closure}()
#24 /var/www/gpdsgame/vendor/laravel/framework/src/Illuminate/Pipeline/Pipeline.php(209): Illuminate\\Routing\\Middleware\\SubstituteBindings->handle()
#25 /var/www/gpdsgame/vendor/laravel/framework/src/Illuminate/Pipeline/Pipeline.php(127): Illuminate\\Pipeline\\Pipeline->Illuminate\\Pipeline\\{closure}()
#26 /var/www/gpdsgame/vendor/laravel/framework/src/Illuminate/Routing/Router.php(807): Illuminate\\Pipeline\\Pipeline->then()
#27 /var/www/gpdsgame/vendor/laravel/framework/src/Illuminate/Routing/Router.php(786): Illuminate\\Routing\\Router->runRouteWithinStack()
#28 /var/www/gpdsgame/vendor/laravel/framework/src/Illuminate/Routing/Router.php(750): Illuminate\\Routing\\Router->runRoute()
#29 /var/www/gpdsgame/vendor/laravel/framework/src/Illuminate/Routing/Router.php(739): Illuminate\\Routing\\Router->dispatchToRoute()
#30 /var/www/gpdsgame/vendor/laravel/framework/src/Illuminate/Foundation/Http/Kernel.php(201): Illuminate\\Routing\\Router->dispatch()
#31 /var/www/gpdsgame/vendor/laravel/framework/src/Illuminate/Pipeline/Pipeline.php(170): Illuminate\\Foundation\\Http\\Kernel->Illuminate\\Foundation\\Http\\{closure}()
#32 /var/www/gpdsgame/vendor/laravel/framework/src/Illuminate/Foundation/Http/Middleware/TransformsRequest.php(21): Illuminate\\Pipeline\\Pipeline->Illuminate\\Pipeline\\{closure}()
#33 /var/www/gpdsgame/vendor/laravel/framework/src/Illuminate/Foundation/Http/Middleware/ConvertEmptyStringsToNull.php(31): Illuminate\\Foundation\\Http\\Middleware\\TransformsRequest->handle()
#34 /var/www/gpdsgame/vendor/laravel/framework/src/Illuminate/Pipeline/Pipeline.php(209): Illuminate\\Foundation\\Http\\Middleware\\ConvertEmptyStringsToNull->handle()
#35 /var/www/gpdsgame/vendor/laravel/framework/src/Illuminate/Foundation/Http/Middleware/TransformsRequest.php(21): Illuminate\\Pipeline\\Pipeline->Illuminate\\Pipeline\\{closure}()
#36 /var/www/gpdsgame/vendor/laravel/framework/src/Illuminate/Foundation/Http/Middleware/TrimStrings.php(51): Illuminate\\Foundation\\Http\\Middleware\\TransformsRequest->handle()
#37 /var/www/gpdsgame/vendor/laravel/framework/src/Illuminate/Pipeline/Pipeline.php(209): Illuminate\\Foundation\\Http\\Middleware\\TrimStrings->handle()
#38 /var/www/gpdsgame/vendor/laravel/framework/src/Illuminate/Http/Middleware/ValidatePostSize.php(27): Illuminate\\Pipeline\\Pipeline->Illuminate\\Pipeline\\{closure}()
#39 /var/www/gpdsgame/vendor/laravel/framework/src/Illuminate/Pipeline/Pipeline.php(209): Illuminate\\Http\\Middleware\\ValidatePostSize->handle()
#40 /var/www/gpdsgame/vendor/laravel/framework/src/Illuminate/Foundation/Http/Middleware/PreventRequestsDuringMaintenance.php(110): Illuminate\\Pipeline\\Pipeline->Illuminate\\Pipeline\\{closure}()
#41 /var/www/gpdsgame/vendor/laravel/framework/src/Illuminate/Pipeline/Pipeline.php(209): Illuminate\\Foundation\\Http\\Middleware\\PreventRequestsDuringMaintenance->handle()
#42 /var/www/gpdsgame/vendor/laravel/framework/src/Illuminate/Http/Middleware/HandleCors.php(62): Illuminate\\Pipeline\\Pipeline->Illuminate\\Pipeline\\{closure}()
#43 /var/www/gpdsgame/vendor/laravel/framework/src/Illuminate/Pipeline/Pipeline.php(209): Illuminate\\Http\\Middleware\\HandleCors->handle()
#44 /var/www/gpdsgame/vendor/laravel/framework/src/Illuminate/Http/Middleware/TrustProxies.php(58): Illuminate\\Pipeline\\Pipeline->Illuminate\\Pipeline\\{closure}()
#45 /var/www/gpdsgame/vendor/laravel/framework/src/Illuminate/Pipeline/Pipeline.php(209): Illuminate\\Http\\Middleware\\TrustProxies->handle()
#46 /var/www/gpdsgame/vendor/laravel/framework/src/Illuminate/Foundation/Http/Middleware/InvokeDeferredCallbacks.php(22): Illuminate\\Pipeline\\Pipeline->Illuminate\\Pipeline\\{closure}()
#47 /var/www/gpdsgame/vendor/laravel/framework/src/Illuminate/Pipeline/Pipeline.php(209): Illuminate\\Foundation\\Http\\Middleware\\InvokeDeferredCallbacks->handle()
#48 /var/www/gpdsgame/app/Http/Middleware/CheckBanned.php(23): Illuminate\\Pipeline\\Pipeline->Illuminate\\Pipeline\\{closure}()
#49 /var/www/gpdsgame/vendor/laravel/framework/src/Illuminate/Pipeline/Pipeline.php(209): App\\Http\\Middleware\\CheckBanned->handle()
#50 /var/www/gpdsgame/app/Http/Middleware/CheckBannedIp.php(24): Illuminate\\Pipeline\\Pipeline->Illuminate\\Pipeline\\{closure}()
#51 /var/www/gpdsgame/vendor/laravel/framework/src/Illuminate/Pipeline/Pipeline.php(209): App\\Http\\Middleware\\CheckBannedIp->handle()
#52 /var/www/gpdsgame/vendor/laravel/framework/src/Illuminate/Pipeline/Pipeline.php(127): Illuminate\\Pipeline\\Pipeline->Illuminate\\Pipeline\\{closure}()
#53 /var/www/gpdsgame/vendor/laravel/framework/src/Illuminate/Foundation/Http/Kernel.php(176): Illuminate\\Pipeline\\Pipeline->then()
#54 /var/www/gpdsgame/vendor/laravel/framework/src/Illuminate/Foundation/Http/Kernel.php(145): Illuminate\\Foundation\\Http\\Kernel->sendRequestThroughRouter()
#55 /var/www/gpdsgame/public/index.php(57): Illuminate\\Foundation\\Http\\Kernel->handle()
#56 {main}
"} 
[2026-01-19 11:24:20] production.ERROR: SQLSTATE[42S22]: Column not found: 1054 Unknown column 'ecommerce_variant_options.product_id' in 'where clause' (Connection: mysql, SQL: select * from `ecommerce_variant_options` where `ecommerce_variant_options`.`product_id` in (1)) {"exception":"[object] (Illuminate\\Database\\QueryException(code: 42S22): SQLSTATE[42S22]: Column not found: 1054 Unknown column 'ecommerce_variant_options.product_id' in 'where clause' (Connection: mysql, SQL: select * from `ecommerce_variant_options` where `ecommerce_variant_options`.`product_id` in (1)) at /var/www/gpdsgame/vendor/laravel/framework/src/Illuminate/Database/Connection.php:825)
[stacktrace]
#0 /var/www/gpdsgame/vendor/laravel/framework/src/Illuminate/Database/Connection.php(779): Illuminate\\Database\\Connection->runQueryCallback()
#1 /var/www/gpdsgame/vendor/laravel/framework/src/Illuminate/Database/Connection.php(398): Illuminate\\Database\\Connection->run()
#2 /var/www/gpdsgame/vendor/laravel/framework/src/Illuminate/Database/Query/Builder.php(3106): Illuminate\\Database\\Connection->select()
#3 /var/www/gpdsgame/vendor/laravel/framework/src/Illuminate/Database/Query/Builder.php(3091): Illuminate\\Database\\Query\\Builder->runSelect()
#4 /var/www/gpdsgame/vendor/laravel/framework/src/Illuminate/Database/Query/Builder.php(3676): Illuminate\\Database\\Query\\Builder->Illuminate\\Database\\Query\\{closure}()
#5 /var/www/gpdsgame/vendor/laravel/framework/src/Illuminate/Database/Query/Builder.php(3090): Illuminate\\Database\\Query\\Builder->onceWithColumns()
#6 /var/www/gpdsgame/vendor/laravel/framework/src/Illuminate/Database/Eloquent/Builder.php(811): Illuminate\\Database\\Query\\Builder->get()
#7 /var/www/gpdsgame/vendor/laravel/framework/src/Illuminate/Database/Eloquent/Builder.php(793): Illuminate\\Database\\Eloquent\\Builder->getModels()
#8 /var/www/gpdsgame/vendor/laravel/framework/src/Illuminate/Database/Eloquent/Relations/Relation.php(213): Illuminate\\Database\\Eloquent\\Builder->get()
#9 /var/www/gpdsgame/vendor/laravel/framework/src/Illuminate/Database/Eloquent/Relations/Relation.php(176): Illuminate\\Database\\Eloquent\\Relations\\Relation->get()
#10 /var/www/gpdsgame/vendor/laravel/framework/src/Illuminate/Database/Eloquent/Builder.php(859): Illuminate\\Database\\Eloquent\\Relations\\Relation->getEager()
#11 /var/www/gpdsgame/vendor/laravel/framework/src/Illuminate/Database/Eloquent/Builder.php(828): Illuminate\\Database\\Eloquent\\Builder->eagerLoadRelation()
#12 /var/www/gpdsgame/vendor/laravel/framework/src/Illuminate/Database/Eloquent/Builder.php(794): Illuminate\\Database\\Eloquent\\Builder->eagerLoadRelations()
#13 /var/www/gpdsgame/vendor/laravel/framework/src/Illuminate/Database/Eloquent/Builder.php(1034): Illuminate\\Database\\Eloquent\\Builder->get()
#14 /var/www/gpdsgame/app/Http/Controllers/Api/EcommerceApiController.php(86): Illuminate\\Database\\Eloquent\\Builder->paginate()
#15 /var/www/gpdsgame/vendor/laravel/framework/src/Illuminate/Routing/Controller.php(54): App\\Http\\Controllers\\Api\\EcommerceApiController->products()
#16 /var/www/gpdsgame/vendor/laravel/framework/src/Illuminate/Routing/ControllerDispatcher.php(44): Illuminate\\Routing\\Controller->callAction()
#17 /var/www/gpdsgame/vendor/laravel/framework/src/Illuminate/Routing/Route.php(266): Illuminate\\Routing\\ControllerDispatcher->dispatch()
#18 /var/www/gpdsgame/vendor/laravel/framework/src/Illuminate/Routing/Route.php(212): Illuminate\\Routing\\Route->runController()
#19 /var/www/gpdsgame/vendor/laravel/framework/src/Illuminate/Routing/Router.php(808): Illuminate\\Routing\\Route->run()
#20 /var/www/gpdsgame/vendor/laravel/framework/src/Illuminate/Pipeline/Pipeline.php(170): Illuminate\\Routing\\Router->Illuminate\\Routing\\{closure}()
#21 /var/www/gpdsgame/vendor/laravel/framework/src/Illuminate/Routing/Middleware/SubstituteBindings.php(51): Illuminate\\Pipeline\\Pipeline->Illuminate\\Pipeline\\{closure}()
#22 /var/www/gpdsgame/vendor/laravel/framework/src/Illuminate/Pipeline/Pipeline.php(209): Illuminate\\Routing\\Middleware\\SubstituteBindings->handle()
#23 /var/www/gpdsgame/vendor/laravel/framework/src/Illuminate/Pipeline/Pipeline.php(127): Illuminate\\Pipeline\\Pipeline->Illuminate\\Pipeline\\{closure}()
#24 /var/www/gpdsgame/vendor/laravel/framework/src/Illuminate/Routing/Router.php(807): Illuminate\\Pipeline\\Pipeline->then()
#25 /var/www/gpdsgame/vendor/laravel/framework/src/Illuminate/Routing/Router.php(786): Illuminate\\Routing\\Router->runRouteWithinStack()
#26 /var/www/gpdsgame/vendor/laravel/framework/src/Illuminate/Routing/Router.php(750): Illuminate\\Routing\\Router->runRoute()
#27 /var/www/gpdsgame/vendor/laravel/framework/src/Illuminate/Routing/Router.php(739): Illuminate\\Routing\\Router->dispatchToRoute()
#28 /var/www/gpdsgame/vendor/laravel/framework/src/Illuminate/Foundation/Http/Kernel.php(201): Illuminate\\Routing\\Router->dispatch()
#29 /var/www/gpdsgame/vendor/laravel/framework/src/Illuminate/Pipeline/Pipeline.php(170): Illuminate\\Foundation\\Http\\Kernel->Illuminate\\Foundation\\Http\\{closure}()
#30 /var/www/gpdsgame/vendor/laravel/framework/src/Illuminate/Foundation/Http/Middleware/TransformsRequest.php(21): Illuminate\\Pipeline\\Pipeline->Illuminate\\Pipeline\\{closure}()
#31 /var/www/gpdsgame/vendor/laravel/framework/src/Illuminate/Foundation/Http/Middleware/ConvertEmptyStringsToNull.php(31): Illuminate\\Foundation\\Http\\Middleware\\TransformsRequest->handle()
#32 /var/www/gpdsgame/vendor/laravel/framework/src/Illuminate/Pipeline/Pipeline.php(209): Illuminate\\Foundation\\Http\\Middleware\\ConvertEmptyStringsToNull->handle()
#33 /var/www/gpdsgame/vendor/laravel/framework/src/Illuminate/Foundation/Http/Middleware/TransformsRequest.php(21): Illuminate\\Pipeline\\Pipeline->Illuminate\\Pipeline\\{closure}()
#34 /var/www/gpdsgame/vendor/laravel/framework/src/Illuminate/Foundation/Http/Middleware/TrimStrings.php(51): Illuminate\\Foundation\\Http\\Middleware\\TransformsRequest->handle()
#35 /var/www/gpdsgame/vendor/laravel/framework/src/Illuminate/Pipeline/Pipeline.php(209): Illuminate\\Foundation\\Http\\Middleware\\TrimStrings->handle()
#36 /var/www/gpdsgame/vendor/laravel/framework/src/Illuminate/Http/Middleware/ValidatePostSize.php(27): Illuminate\\Pipeline\\Pipeline->Illuminate\\Pipeline\\{closure}()
#37 /var/www/gpdsgame/vendor/laravel/framework/src/Illuminate/Pipeline/Pipeline.php(209): Illuminate\\Http\\Middleware\\ValidatePostSize->handle()
#38 /var/www/gpdsgame/vendor/laravel/framework/src/Illuminate/Foundation/Http/Middleware/PreventRequestsDuringMaintenance.php(110): Illuminate\\Pipeline\\Pipeline->Illuminate\\Pipeline\\{closure}()
#39 /var/www/gpdsgame/vendor/laravel/framework/src/Illuminate/Pipeline/Pipeline.php(209): Illuminate\\Foundation\\Http\\Middleware\\PreventRequestsDuringMaintenance->handle()
#40 /var/www/gpdsgame/vendor/laravel/framework/src/Illuminate/Http/Middleware/HandleCors.php(62): Illuminate\\Pipeline\\Pipeline->Illuminate\\Pipeline\\{closure}()
#41 /var/www/gpdsgame/vendor/laravel/framework/src/Illuminate/Pipeline/Pipeline.php(209): Illuminate\\Http\\Middleware\\HandleCors->handle()
#42 /var/www/gpdsgame/vendor/laravel/framework/src/Illuminate/Http/Middleware/TrustProxies.php(58): Illuminate\\Pipeline\\Pipeline->Illuminate\\Pipeline\\{closure}()
#43 /var/www/gpdsgame/vendor/laravel/framework/src/Illuminate/Pipeline/Pipeline.php(209): Illuminate\\Http\\Middleware\\TrustProxies->handle()
#44 /var/www/gpdsgame/vendor/laravel/framework/src/Illuminate/Foundation/Http/Middleware/InvokeDeferredCallbacks.php(22): Illuminate\\Pipeline\\Pipeline->Illuminate\\Pipeline\\{closure}()
#45 /var/www/gpdsgame/vendor/laravel/framework/src/Illuminate/Pipeline/Pipeline.php(209): Illuminate\\Foundation\\Http\\Middleware\\InvokeDeferredCallbacks->handle()
#46 /var/www/gpdsgame/app/Http/Middleware/CheckBanned.php(23): Illuminate\\Pipeline\\Pipeline->Illuminate\\Pipeline\\{closure}()
#47 /var/www/gpdsgame/vendor/laravel/framework/src/Illuminate/Pipeline/Pipeline.php(209): App\\Http\\Middleware\\CheckBanned->handle()
#48 /var/www/gpdsgame/app/Http/Middleware/CheckBannedIp.php(24): Illuminate\\Pipeline\\Pipeline->Illuminate\\Pipeline\\{closure}()
#49 /var/www/gpdsgame/vendor/laravel/framework/src/Illuminate/Pipeline/Pipeline.php(209): App\\Http\\Middleware\\CheckBannedIp->handle()
#50 /var/www/gpdsgame/vendor/laravel/framework/src/Illuminate/Pipeline/Pipeline.php(127): Illuminate\\Pipeline\\Pipeline->Illuminate\\Pipeline\\{closure}()
#51 /var/www/gpdsgame/vendor/laravel/framework/src/Illuminate/Foundation/Http/Kernel.php(176): Illuminate\\Pipeline\\Pipeline->then()
#52 /var/www/gpdsgame/vendor/laravel/framework/src/Illuminate/Foundation/Http/Kernel.php(145): Illuminate\\Foundation\\Http\\Kernel->sendRequestThroughRouter()
#53 /var/www/gpdsgame/public/index.php(57): Illuminate\\Foundation\\Http\\Kernel->handle()
#54 {main}

[previous exception] [object] (PDOException(code: 42S22): SQLSTATE[42S22]: Column not found: 1054 Unknown column 'ecommerce_variant_options.product_id' in 'where clause' at /var/www/gpdsgame/vendor/laravel/framework/src/Illuminate/Database/Connection.php:407)
[stacktrace]
#0 /var/www/gpdsgame/vendor/laravel/framework/src/Illuminate/Database/Connection.php(407): PDO->prepare()
#1 /var/www/gpdsgame/vendor/laravel/framework/src/Illuminate/Database/Connection.php(812): Illuminate\\Database\\Connection->Illuminate\\Database\\{closure}()
#2 /var/www/gpdsgame/vendor/laravel/framework/src/Illuminate/Database/Connection.php(779): Illuminate\\Database\\Connection->runQueryCallback()
#3 /var/www/gpdsgame/vendor/laravel/framework/src/Illuminate/Database/Connection.php(398): Illuminate\\Database\\Connection->run()
#4 /var/www/gpdsgame/vendor/laravel/framework/src/Illuminate/Database/Query/Builder.php(3106): Illuminate\\Database\\Connection->select()
#5 /var/www/gpdsgame/vendor/laravel/framework/src/Illuminate/Database/Query/Builder.php(3091): Illuminate\\Database\\Query\\Builder->runSelect()
#6 /var/www/gpdsgame/vendor/laravel/framework/src/Illuminate/Database/Query/Builder.php(3676): Illuminate\\Database\\Query\\Builder->Illuminate\\Database\\Query\\{closure}()
#7 /var/www/gpdsgame/vendor/laravel/framework/src/Illuminate/Database/Query/Builder.php(3090): Illuminate\\Database\\Query\\Builder->onceWithColumns()
#8 /var/www/gpdsgame/vendor/laravel/framework/src/Illuminate/Database/Eloquent/Builder.php(811): Illuminate\\Database\\Query\\Builder->get()
#9 /var/www/gpdsgame/vendor/laravel/framework/src/Illuminate/Database/Eloquent/Builder.php(793): Illuminate\\Database\\Eloquent\\Builder->getModels()
#10 /var/www/gpdsgame/vendor/laravel/framework/src/Illuminate/Database/Eloquent/Relations/Relation.php(213): Illuminate\\Database\\Eloquent\\Builder->get()
#11 /var/www/gpdsgame/vendor/laravel/framework/src/Illuminate/Database/Eloquent/Relations/Relation.php(176): Illuminate\\Database\\Eloquent\\Relations\\Relation->get()
#12 /var/www/gpdsgame/vendor/laravel/framework/src/Illuminate/Database/Eloquent/Builder.php(859): Illuminate\\Database\\Eloquent\\Relations\\Relation->getEager()
#13 /var/www/gpdsgame/vendor/laravel/framework/src/Illuminate/Database/Eloquent/Builder.php(828): Illuminate\\Database\\Eloquent\\Builder->eagerLoadRelation()
#14 /var/www/gpdsgame/vendor/laravel/framework/src/Illuminate/Database/Eloquent/Builder.php(794): Illuminate\\Database\\Eloquent\\Builder->eagerLoadRelations()
#15 /var/www/gpdsgame/vendor/laravel/framework/src/Illuminate/Database/Eloquent/Builder.php(1034): Illuminate\\Database\\Eloquent\\Builder->get()
#16 /var/www/gpdsgame/app/Http/Controllers/Api/EcommerceApiController.php(86): Illuminate\\Database\\Eloquent\\Builder->paginate()
#17 /var/www/gpdsgame/vendor/laravel/framework/src/Illuminate/Routing/Controller.php(54): App\\Http\\Controllers\\Api\\EcommerceApiController->products()
#18 /var/www/gpdsgame/vendor/laravel/framework/src/Illuminate/Routing/ControllerDispatcher.php(44): Illuminate\\Routing\\Controller->callAction()
#19 /var/www/gpdsgame/vendor/laravel/framework/src/Illuminate/Routing/Route.php(266): Illuminate\\Routing\\ControllerDispatcher->dispatch()
#20 /var/www/gpdsgame/vendor/laravel/framework/src/Illuminate/Routing/Route.php(212): Illuminate\\Routing\\Route->runController()
#21 /var/www/gpdsgame/vendor/laravel/framework/src/Illuminate/Routing/Router.php(808): Illuminate\\Routing\\Route->run()
#22 /var/www/gpdsgame/vendor/laravel/framework/src/Illuminate/Pipeline/Pipeline.php(170): Illuminate\\Routing\\Router->Illuminate\\Routing\\{closure}()
#23 /var/www/gpdsgame/vendor/laravel/framework/src/Illuminate/Routing/Middleware/SubstituteBindings.php(51): Illuminate\\Pipeline\\Pipeline->Illuminate\\Pipeline\\{closure}()
#24 /var/www/gpdsgame/vendor/laravel/framework/src/Illuminate/Pipeline/Pipeline.php(209): Illuminate\\Routing\\Middleware\\SubstituteBindings->handle()
#25 /var/www/gpdsgame/vendor/laravel/framework/src/Illuminate/Pipeline/Pipeline.php(127): Illuminate\\Pipeline\\Pipeline->Illuminate\\Pipeline\\{closure}()
#26 /var/www/gpdsgame/vendor/laravel/framework/src/Illuminate/Routing/Router.php(807): Illuminate\\Pipeline\\Pipeline->then()
#27 /var/www/gpdsgame/vendor/laravel/framework/src/Illuminate/Routing/Router.php(786): Illuminate\\Routing\\Router->runRouteWithinStack()
#28 /var/www/gpdsgame/vendor/laravel/framework/src/Illuminate/Routing/Router.php(750): Illuminate\\Routing\\Router->runRoute()
#29 /var/www/gpdsgame/vendor/laravel/framework/src/Illuminate/Routing/Router.php(739): Illuminate\\Routing\\Router->dispatchToRoute()
#30 /var/www/gpdsgame/vendor/laravel/framework/src/Illuminate/Foundation/Http/Kernel.php(201): Illuminate\\Routing\\Router->dispatch()
#31 /var/www/gpdsgame/vendor/laravel/framework/src/Illuminate/Pipeline/Pipeline.php(170): Illuminate\\Foundation\\Http\\Kernel->Illuminate\\Foundation\\Http\\{closure}()
#32 /var/www/gpdsgame/vendor/laravel/framework/src/Illuminate/Foundation/Http/Middleware/TransformsRequest.php(21): Illuminate\\Pipeline\\Pipeline->Illuminate\\Pipeline\\{closure}()
#33 /var/www/gpdsgame/vendor/laravel/framework/src/Illuminate/Foundation/Http/Middleware/ConvertEmptyStringsToNull.php(31): Illuminate\\Foundation\\Http\\Middleware\\TransformsRequest->handle()
#34 /var/www/gpdsgame/vendor/laravel/framework/src/Illuminate/Pipeline/Pipeline.php(209): Illuminate\\Foundation\\Http\\Middleware\\ConvertEmptyStringsToNull->handle()
#35 /var/www/gpdsgame/vendor/laravel/framework/src/Illuminate/Foundation/Http/Middleware/TransformsRequest.php(21): Illuminate\\Pipeline\\Pipeline->Illuminate\\Pipeline\\{closure}()
#36 /var/www/gpdsgame/vendor/laravel/framework/src/Illuminate/Foundation/Http/Middleware/TrimStrings.php(51): Illuminate\\Foundation\\Http\\Middleware\\TransformsRequest->handle()
#37 /var/www/gpdsgame/vendor/laravel/framework/src/Illuminate/Pipeline/Pipeline.php(209): Illuminate\\Foundation\\Http\\Middleware\\TrimStrings->handle()
#38 /var/www/gpdsgame/vendor/laravel/framework/src/Illuminate/Http/Middleware/ValidatePostSize.php(27): Illuminate\\Pipeline\\Pipeline->Illuminate\\Pipeline\\{closure}()
#39 /var/www/gpdsgame/vendor/laravel/framework/src/Illuminate/Pipeline/Pipeline.php(209): Illuminate\\Http\\Middleware\\ValidatePostSize->handle()
#40 /var/www/gpdsgame/vendor/laravel/framework/src/Illuminate/Foundation/Http/Middleware/PreventRequestsDuringMaintenance.php(110): Illuminate\\Pipeline\\Pipeline->Illuminate\\Pipeline\\{closure}()
#41 /var/www/gpdsgame/vendor/laravel/framework/src/Illuminate/Pipeline/Pipeline.php(209): Illuminate\\Foundation\\Http\\Middleware\\PreventRequestsDuringMaintenance->handle()
#42 /var/www/gpdsgame/vendor/laravel/framework/src/Illuminate/Http/Middleware/HandleCors.php(62): Illuminate\\Pipeline\\Pipeline->Illuminate\\Pipeline\\{closure}()
#43 /var/www/gpdsgame/vendor/laravel/framework/src/Illuminate/Pipeline/Pipeline.php(209): Illuminate\\Http\\Middleware\\HandleCors->handle()
#44 /var/www/gpdsgame/vendor/laravel/framework/src/Illuminate/Http/Middleware/TrustProxies.php(58): Illuminate\\Pipeline\\Pipeline->Illuminate\\Pipeline\\{closure}()
#45 /var/www/gpdsgame/vendor/laravel/framework/src/Illuminate/Pipeline/Pipeline.php(209): Illuminate\\Http\\Middleware\\TrustProxies->handle()
#46 /var/www/gpdsgame/vendor/laravel/framework/src/Illuminate/Foundation/Http/Middleware/InvokeDeferredCallbacks.php(22): Illuminate\\Pipeline\\Pipeline->Illuminate\\Pipeline\\{closure}()
#47 /var/www/gpdsgame/vendor/laravel/framework/src/Illuminate/Pipeline/Pipeline.php(209): Illuminate\\Foundation\\Http\\Middleware\\InvokeDeferredCallbacks->handle()
#48 /var/www/gpdsgame/app/Http/Middleware/CheckBanned.php(23): Illuminate\\Pipeline\\Pipeline->Illuminate\\Pipeline\\{closure}()
#49 /var/www/gpdsgame/vendor/laravel/framework/src/Illuminate/Pipeline/Pipeline.php(209): App\\Http\\Middleware\\CheckBanned->handle()
#50 /var/www/gpdsgame/app/Http/Middleware/CheckBannedIp.php(24): Illuminate\\Pipeline\\Pipeline->Illuminate\\Pipeline\\{closure}()
#51 /var/www/gpdsgame/vendor/laravel/framework/src/Illuminate/Pipeline/Pipeline.php(209): App\\Http\\Middleware\\CheckBannedIp->handle()
#52 /var/www/gpdsgame/vendor/laravel/framework/src/Illuminate/Pipeline/Pipeline.php(127): Illuminate\\Pipeline\\Pipeline->Illuminate\\Pipeline\\{closure}()
#53 /var/www/gpdsgame/vendor/laravel/framework/src/Illuminate/Foundation/Http/Kernel.php(176): Illuminate\\Pipeline\\Pipeline->then()
#54 /var/www/gpdsgame/vendor/laravel/framework/src/Illuminate/Foundation/Http/Kernel.php(145): Illuminate\\Foundation\\Http\\Kernel->sendRequestThroughRouter()
#55 /var/www/gpdsgame/public/index.php(57): Illuminate\\Foundation\\Http\\Kernel->handle()
#56 {main}
"} 
[2026-01-19 11:29:46] production.ERROR: SQLSTATE[42S21]: Column already exists: 1060 Duplicate column name 'capital_price' (Connection: mysql, SQL: alter table `ecommerce_products` add `capital_price` decimal(12, 2) not null default '0' after `sale_price`) {"exception":"[object] (Illuminate\\Database\\QueryException(code: 42S21): SQLSTATE[42S21]: Column already exists: 1060 Duplicate column name 'capital_price' (Connection: mysql, SQL: alter table `ecommerce_products` add `capital_price` decimal(12, 2) not null default '0' after `sale_price`) at /var/www/gpdsgame/vendor/laravel/framework/src/Illuminate/Database/Connection.php:825)
[stacktrace]
#0 /var/www/gpdsgame/vendor/laravel/framework/src/Illuminate/Database/Connection.php(779): Illuminate\\Database\\Connection->runQueryCallback()
#1 /var/www/gpdsgame/vendor/laravel/framework/src/Illuminate/Database/Connection.php(560): Illuminate\\Database\\Connection->run()
#2 /var/www/gpdsgame/vendor/laravel/framework/src/Illuminate/Database/Schema/Blueprint.php(118): Illuminate\\Database\\Connection->statement()
#3 /var/www/gpdsgame/vendor/laravel/framework/src/Illuminate/Database/Schema/Builder.php(564): Illuminate\\Database\\Schema\\Blueprint->build()
#4 /var/www/gpdsgame/vendor/laravel/framework/src/Illuminate/Database/Schema/Builder.php(406): Illuminate\\Database\\Schema\\Builder->build()
#5 /var/www/gpdsgame/vendor/laravel/framework/src/Illuminate/Support/Facades/Facade.php(361): Illuminate\\Database\\Schema\\Builder->table()
#6 /var/www/gpdsgame/database/migrations/2026_01_19_112909_add_capital_seo_logs_to_ecommerce.php(11): Illuminate\\Support\\Facades\\Facade::__callStatic()
#7 /var/www/gpdsgame/vendor/laravel/framework/src/Illuminate/Database/Migrations/Migrator.php(507): Illuminate\\Database\\Migrations\\Migration@anonymous->up()
#8 /var/www/gpdsgame/vendor/laravel/framework/src/Illuminate/Database/Migrations/Migrator.php(432): Illuminate\\Database\\Migrations\\Migrator->runMethod()
#9 /var/www/gpdsgame/vendor/laravel/framework/src/Illuminate/Database/Migrations/Migrator.php(441): Illuminate\\Database\\Migrations\\Migrator->Illuminate\\Database\\Migrations\\{closure}()
#10 /var/www/gpdsgame/vendor/laravel/framework/src/Illuminate/Database/Migrations/Migrator.php(244): Illuminate\\Database\\Migrations\\Migrator->runMigration()
#11 /var/www/gpdsgame/vendor/laravel/framework/src/Illuminate/Console/View/Components/Task.php(40): Illuminate\\Database\\Migrations\\Migrator->Illuminate\\Database\\Migrations\\{closure}()
#12 /var/www/gpdsgame/vendor/laravel/framework/src/Illuminate/Database/Migrations/Migrator.php(798): Illuminate\\Console\\View\\Components\\Task->render()
#13 /var/www/gpdsgame/vendor/laravel/framework/src/Illuminate/Database/Migrations/Migrator.php(244): Illuminate\\Database\\Migrations\\Migrator->write()
#14 /var/www/gpdsgame/vendor/laravel/framework/src/Illuminate/Database/Migrations/Migrator.php(211): Illuminate\\Database\\Migrations\\Migrator->runUp()
#15 /var/www/gpdsgame/vendor/laravel/framework/src/Illuminate/Database/Migrations/Migrator.php(138): Illuminate\\Database\\Migrations\\Migrator->runPending()
#16 /var/www/gpdsgame/vendor/laravel/framework/src/Illuminate/Database/Console/Migrations/MigrateCommand.php(117): Illuminate\\Database\\Migrations\\Migrator->run()
#17 /var/www/gpdsgame/vendor/laravel/framework/src/Illuminate/Database/Migrations/Migrator.php(658): Illuminate\\Database\\Console\\Migrations\\MigrateCommand->Illuminate\\Database\\Console\\Migrations\\{closure}()
#18 /var/www/gpdsgame/vendor/laravel/framework/src/Illuminate/Database/Console/Migrations/MigrateCommand.php(110): Illuminate\\Database\\Migrations\\Migrator->usingConnection()
#19 /var/www/gpdsgame/vendor/laravel/framework/src/Illuminate/Database/Console/Migrations/MigrateCommand.php(89): Illuminate\\Database\\Console\\Migrations\\MigrateCommand->runMigrations()
#20 /var/www/gpdsgame/vendor/laravel/framework/src/Illuminate/Container/BoundMethod.php(36): Illuminate\\Database\\Console\\Migrations\\MigrateCommand->handle()
#21 /var/www/gpdsgame/vendor/laravel/framework/src/Illuminate/Container/Util.php(43): Illuminate\\Container\\BoundMethod::Illuminate\\Container\\{closure}()
#22 /var/www/gpdsgame/vendor/laravel/framework/src/Illuminate/Container/BoundMethod.php(95): Illuminate\\Container\\Util::unwrapIfClosure()
#23 /var/www/gpdsgame/vendor/laravel/framework/src/Illuminate/Container/BoundMethod.php(35): Illuminate\\Container\\BoundMethod::callBoundMethod()
#24 /var/www/gpdsgame/vendor/laravel/framework/src/Illuminate/Container/Container.php(696): Illuminate\\Container\\BoundMethod::call()
#25 /var/www/gpdsgame/vendor/laravel/framework/src/Illuminate/Console/Command.php(213): Illuminate\\Container\\Container->call()
#26 /var/www/gpdsgame/vendor/symfony/console/Command/Command.php(318): Illuminate\\Console\\Command->execute()
#27 /var/www/gpdsgame/vendor/laravel/framework/src/Illuminate/Console/Command.php(182): Symfony\\Component\\Console\\Command\\Command->run()
#28 /var/www/gpdsgame/vendor/symfony/console/Application.php(1073): Illuminate\\Console\\Command->run()
#29 /var/www/gpdsgame/vendor/symfony/console/Application.php(356): Symfony\\Component\\Console\\Application->doRunCommand()
#30 /var/www/gpdsgame/vendor/symfony/console/Application.php(195): Symfony\\Component\\Console\\Application->doRun()
#31 /var/www/gpdsgame/vendor/laravel/framework/src/Illuminate/Foundation/Console/Kernel.php(198): Symfony\\Component\\Console\\Application->run()
#32 /var/www/gpdsgame/vendor/laravel/framework/src/Illuminate/Foundation/Application.php(1235): Illuminate\\Foundation\\Console\\Kernel->handle()
#33 /var/www/gpdsgame/artisan(16): Illuminate\\Foundation\\Application->handleCommand()
#34 {main}

[previous exception] [object] (PDOException(code: 42S21): SQLSTATE[42S21]: Column already exists: 1060 Duplicate column name 'capital_price' at /var/www/gpdsgame/vendor/laravel/framework/src/Illuminate/Database/Connection.php:571)
[stacktrace]
#0 /var/www/gpdsgame/vendor/laravel/framework/src/Illuminate/Database/Connection.php(571): PDOStatement->execute()
#1 /var/www/gpdsgame/vendor/laravel/framework/src/Illuminate/Database/Connection.php(812): Illuminate\\Database\\Connection->Illuminate\\Database\\{closure}()
#2 /var/www/gpdsgame/vendor/laravel/framework/src/Illuminate/Database/Connection.php(779): Illuminate\\Database\\Connection->runQueryCallback()
#3 /var/www/gpdsgame/vendor/laravel/framework/src/Illuminate/Database/Connection.php(560): Illuminate\\Database\\Connection->run()
#4 /var/www/gpdsgame/vendor/laravel/framework/src/Illuminate/Database/Schema/Blueprint.php(118): Illuminate\\Database\\Connection->statement()
#5 /var/www/gpdsgame/vendor/laravel/framework/src/Illuminate/Database/Schema/Builder.php(564): Illuminate\\Database\\Schema\\Blueprint->build()
#6 /var/www/gpdsgame/vendor/laravel/framework/src/Illuminate/Database/Schema/Builder.php(406): Illuminate\\Database\\Schema\\Builder->build()
#7 /var/www/gpdsgame/vendor/laravel/framework/src/Illuminate/Support/Facades/Facade.php(361): Illuminate\\Database\\Schema\\Builder->table()
#8 /var/www/gpdsgame/database/migrations/2026_01_19_112909_add_capital_seo_logs_to_ecommerce.php(11): Illuminate\\Support\\Facades\\Facade::__callStatic()
#9 /var/www/gpdsgame/vendor/laravel/framework/src/Illuminate/Database/Migrations/Migrator.php(507): Illuminate\\Database\\Migrations\\Migration@anonymous->up()
#10 /var/www/gpdsgame/vendor/laravel/framework/src/Illuminate/Database/Migrations/Migrator.php(432): Illuminate\\Database\\Migrations\\Migrator->runMethod()
#11 /var/www/gpdsgame/vendor/laravel/framework/src/Illuminate/Database/Migrations/Migrator.php(441): Illuminate\\Database\\Migrations\\Migrator->Illuminate\\Database\\Migrations\\{closure}()
#12 /var/www/gpdsgame/vendor/laravel/framework/src/Illuminate/Database/Migrations/Migrator.php(244): Illuminate\\Database\\Migrations\\Migrator->runMigration()
#13 /var/www/gpdsgame/vendor/laravel/framework/src/Illuminate/Console/View/Components/Task.php(40): Illuminate\\Database\\Migrations\\Migrator->Illuminate\\Database\\Migrations\\{closure}()
#14 /var/www/gpdsgame/vendor/laravel/framework/src/Illuminate/Database/Migrations/Migrator.php(798): Illuminate\\Console\\View\\Components\\Task->render()
#15 /var/www/gpdsgame/vendor/laravel/framework/src/Illuminate/Database/Migrations/Migrator.php(244): Illuminate\\Database\\Migrations\\Migrator->write()
#16 /var/www/gpdsgame/vendor/laravel/framework/src/Illuminate/Database/Migrations/Migrator.php(211): Illuminate\\Database\\Migrations\\Migrator->runUp()
#17 /var/www/gpdsgame/vendor/laravel/framework/src/Illuminate/Database/Migrations/Migrator.php(138): Illuminate\\Database\\Migrations\\Migrator->runPending()
#18 /var/www/gpdsgame/vendor/laravel/framework/src/Illuminate/Database/Console/Migrations/MigrateCommand.php(117): Illuminate\\Database\\Migrations\\Migrator->run()
#19 /var/www/gpdsgame/vendor/laravel/framework/src/Illuminate/Database/Migrations/Migrator.php(658): Illuminate\\Database\\Console\\Migrations\\MigrateCommand->Illuminate\\Database\\Console\\Migrations\\{closure}()
#20 /var/www/gpdsgame/vendor/laravel/framework/src/Illuminate/Database/Console/Migrations/MigrateCommand.php(110): Illuminate\\Database\\Migrations\\Migrator->usingConnection()
#21 /var/www/gpdsgame/vendor/laravel/framework/src/Illuminate/Database/Console/Migrations/MigrateCommand.php(89): Illuminate\\Database\\Console\\Migrations\\MigrateCommand->runMigrations()
#22 /var/www/gpdsgame/vendor/laravel/framework/src/Illuminate/Container/BoundMethod.php(36): Illuminate\\Database\\Console\\Migrations\\MigrateCommand->handle()
#23 /var/www/gpdsgame/vendor/laravel/framework/src/Illuminate/Container/Util.php(43): Illuminate\\Container\\BoundMethod::Illuminate\\Container\\{closure}()
#24 /var/www/gpdsgame/vendor/laravel/framework/src/Illuminate/Container/BoundMethod.php(95): Illuminate\\Container\\Util::unwrapIfClosure()
#25 /var/www/gpdsgame/vendor/laravel/framework/src/Illuminate/Container/BoundMethod.php(35): Illuminate\\Container\\BoundMethod::callBoundMethod()
#26 /var/www/gpdsgame/vendor/laravel/framework/src/Illuminate/Container/Container.php(696): Illuminate\\Container\\BoundMethod::call()
#27 /var/www/gpdsgame/vendor/laravel/framework/src/Illuminate/Console/Command.php(213): Illuminate\\Container\\Container->call()
#28 /var/www/gpdsgame/vendor/symfony/console/Command/Command.php(318): Illuminate\\Console\\Command->execute()
#29 /var/www/gpdsgame/vendor/laravel/framework/src/Illuminate/Console/Command.php(182): Symfony\\Component\\Console\\Command\\Command->run()
#30 /var/www/gpdsgame/vendor/symfony/console/Application.php(1073): Illuminate\\Console\\Command->run()
#31 /var/www/gpdsgame/vendor/symfony/console/Application.php(356): Symfony\\Component\\Console\\Application->doRunCommand()
#32 /var/www/gpdsgame/vendor/symfony/console/Application.php(195): Symfony\\Component\\Console\\Application->doRun()
#33 /var/www/gpdsgame/vendor/laravel/framework/src/Illuminate/Foundation/Console/Kernel.php(198): Symfony\\Component\\Console\\Application->run()
#34 /var/www/gpdsgame/vendor/laravel/framework/src/Illuminate/Foundation/Application.php(1235): Illuminate\\Foundation\\Console\\Kernel->handle()
#35 /var/www/gpdsgame/artisan(16): Illuminate\\Foundation\\Application->handleCommand()
#36 {main}
"} 
[2026-01-19 11:30:53] production.ERROR: SQLSTATE[42S21]: Column already exists: 1060 Duplicate column name 'capital_price' (Connection: mysql, SQL: alter table `ecommerce_products` add `capital_price` decimal(12, 2) not null default '0' after `sale_price`) {"exception":"[object] (Illuminate\\Database\\QueryException(code: 42S21): SQLSTATE[42S21]: Column already exists: 1060 Duplicate column name 'capital_price' (Connection: mysql, SQL: alter table `ecommerce_products` add `capital_price` decimal(12, 2) not null default '0' after `sale_price`) at /var/www/gpdsgame/vendor/laravel/framework/src/Illuminate/Database/Connection.php:825)
[stacktrace]
#0 /var/www/gpdsgame/vendor/laravel/framework/src/Illuminate/Database/Connection.php(779): Illuminate\\Database\\Connection->runQueryCallback()
#1 /var/www/gpdsgame/vendor/laravel/framework/src/Illuminate/Database/Connection.php(560): Illuminate\\Database\\Connection->run()
#2 /var/www/gpdsgame/vendor/laravel/framework/src/Illuminate/Database/Schema/Blueprint.php(118): Illuminate\\Database\\Connection->statement()
#3 /var/www/gpdsgame/vendor/laravel/framework/src/Illuminate/Database/Schema/Builder.php(564): Illuminate\\Database\\Schema\\Blueprint->build()
#4 /var/www/gpdsgame/vendor/laravel/framework/src/Illuminate/Database/Schema/Builder.php(406): Illuminate\\Database\\Schema\\Builder->build()
#5 /var/www/gpdsgame/vendor/laravel/framework/src/Illuminate/Support/Facades/Facade.php(361): Illuminate\\Database\\Schema\\Builder->table()
#6 /var/www/gpdsgame/database/migrations/2026_01_19_112909_add_capital_seo_logs_to_ecommerce.php(11): Illuminate\\Support\\Facades\\Facade::__callStatic()
#7 /var/www/gpdsgame/vendor/laravel/framework/src/Illuminate/Database/Migrations/Migrator.php(507): Illuminate\\Database\\Migrations\\Migration@anonymous->up()
#8 /var/www/gpdsgame/vendor/laravel/framework/src/Illuminate/Database/Migrations/Migrator.php(432): Illuminate\\Database\\Migrations\\Migrator->runMethod()
#9 /var/www/gpdsgame/vendor/laravel/framework/src/Illuminate/Database/Migrations/Migrator.php(441): Illuminate\\Database\\Migrations\\Migrator->Illuminate\\Database\\Migrations\\{closure}()
#10 /var/www/gpdsgame/vendor/laravel/framework/src/Illuminate/Database/Migrations/Migrator.php(244): Illuminate\\Database\\Migrations\\Migrator->runMigration()
#11 /var/www/gpdsgame/vendor/laravel/framework/src/Illuminate/Console/View/Components/Task.php(40): Illuminate\\Database\\Migrations\\Migrator->Illuminate\\Database\\Migrations\\{closure}()
#12 /var/www/gpdsgame/vendor/laravel/framework/src/Illuminate/Database/Migrations/Migrator.php(798): Illuminate\\Console\\View\\Components\\Task->render()
#13 /var/www/gpdsgame/vendor/laravel/framework/src/Illuminate/Database/Migrations/Migrator.php(244): Illuminate\\Database\\Migrations\\Migrator->write()
#14 /var/www/gpdsgame/vendor/laravel/framework/src/Illuminate/Database/Migrations/Migrator.php(211): Illuminate\\Database\\Migrations\\Migrator->runUp()
#15 /var/www/gpdsgame/vendor/laravel/framework/src/Illuminate/Database/Migrations/Migrator.php(138): Illuminate\\Database\\Migrations\\Migrator->runPending()
#16 /var/www/gpdsgame/vendor/laravel/framework/src/Illuminate/Database/Console/Migrations/MigrateCommand.php(117): Illuminate\\Database\\Migrations\\Migrator->run()
#17 /var/www/gpdsgame/vendor/laravel/framework/src/Illuminate/Database/Migrations/Migrator.php(658): Illuminate\\Database\\Console\\Migrations\\MigrateCommand->Illuminate\\Database\\Console\\Migrations\\{closure}()
#18 /var/www/gpdsgame/vendor/laravel/framework/src/Illuminate/Database/Console/Migrations/MigrateCommand.php(110): Illuminate\\Database\\Migrations\\Migrator->usingConnection()
#19 /var/www/gpdsgame/vendor/laravel/framework/src/Illuminate/Database/Console/Migrations/MigrateCommand.php(89): Illuminate\\Database\\Console\\Migrations\\MigrateCommand->runMigrations()
#20 /var/www/gpdsgame/vendor/laravel/framework/src/Illuminate/Container/BoundMethod.php(36): Illuminate\\Database\\Console\\Migrations\\MigrateCommand->handle()
#21 /var/www/gpdsgame/vendor/laravel/framework/src/Illuminate/Container/Util.php(43): Illuminate\\Container\\BoundMethod::Illuminate\\Container\\{closure}()
#22 /var/www/gpdsgame/vendor/laravel/framework/src/Illuminate/Container/BoundMethod.php(95): Illuminate\\Container\\Util::unwrapIfClosure()
#23 /var/www/gpdsgame/vendor/laravel/framework/src/Illuminate/Container/BoundMethod.php(35): Illuminate\\Container\\BoundMethod::callBoundMethod()
#24 /var/www/gpdsgame/vendor/laravel/framework/src/Illuminate/Container/Container.php(696): Illuminate\\Container\\BoundMethod::call()
#25 /var/www/gpdsgame/vendor/laravel/framework/src/Illuminate/Console/Command.php(213): Illuminate\\Container\\Container->call()
#26 /var/www/gpdsgame/vendor/symfony/console/Command/Command.php(318): Illuminate\\Console\\Command->execute()
#27 /var/www/gpdsgame/vendor/laravel/framework/src/Illuminate/Console/Command.php(182): Symfony\\Component\\Console\\Command\\Command->run()
#28 /var/www/gpdsgame/vendor/symfony/console/Application.php(1073): Illuminate\\Console\\Command->run()
#29 /var/www/gpdsgame/vendor/symfony/console/Application.php(356): Symfony\\Component\\Console\\Application->doRunCommand()
#30 /var/www/gpdsgame/vendor/symfony/console/Application.php(195): Symfony\\Component\\Console\\Application->doRun()
#31 /var/www/gpdsgame/vendor/laravel/framework/src/Illuminate/Foundation/Console/Kernel.php(198): Symfony\\Component\\Console\\Application->run()
#32 /var/www/gpdsgame/vendor/laravel/framework/src/Illuminate/Foundation/Application.php(1235): Illuminate\\Foundation\\Console\\Kernel->handle()
#33 /var/www/gpdsgame/artisan(16): Illuminate\\Foundation\\Application->handleCommand()
#34 {main}

[previous exception] [object] (PDOException(code: 42S21): SQLSTATE[42S21]: Column already exists: 1060 Duplicate column name 'capital_price' at /var/www/gpdsgame/vendor/laravel/framework/src/Illuminate/Database/Connection.php:571)
[stacktrace]
#0 /var/www/gpdsgame/vendor/laravel/framework/src/Illuminate/Database/Connection.php(571): PDOStatement->execute()
#1 /var/www/gpdsgame/vendor/laravel/framework/src/Illuminate/Database/Connection.php(812): Illuminate\\Database\\Connection->Illuminate\\Database\\{closure}()
#2 /var/www/gpdsgame/vendor/laravel/framework/src/Illuminate/Database/Connection.php(779): Illuminate\\Database\\Connection->runQueryCallback()
#3 /var/www/gpdsgame/vendor/laravel/framework/src/Illuminate/Database/Connection.php(560): Illuminate\\Database\\Connection->run()
#4 /var/www/gpdsgame/vendor/laravel/framework/src/Illuminate/Database/Schema/Blueprint.php(118): Illuminate\\Database\\Connection->statement()
#5 /var/www/gpdsgame/vendor/laravel/framework/src/Illuminate/Database/Schema/Builder.php(564): Illuminate\\Database\\Schema\\Blueprint->build()
#6 /var/www/gpdsgame/vendor/laravel/framework/src/Illuminate/Database/Schema/Builder.php(406): Illuminate\\Database\\Schema\\Builder->build()
#7 /var/www/gpdsgame/vendor/laravel/framework/src/Illuminate/Support/Facades/Facade.php(361): Illuminate\\Database\\Schema\\Builder->table()
#8 /var/www/gpdsgame/database/migrations/2026_01_19_112909_add_capital_seo_logs_to_ecommerce.php(11): Illuminate\\Support\\Facades\\Facade::__callStatic()
#9 /var/www/gpdsgame/vendor/laravel/framework/src/Illuminate/Database/Migrations/Migrator.php(507): Illuminate\\Database\\Migrations\\Migration@anonymous->up()
#10 /var/www/gpdsgame/vendor/laravel/framework/src/Illuminate/Database/Migrations/Migrator.php(432): Illuminate\\Database\\Migrations\\Migrator->runMethod()
#11 /var/www/gpdsgame/vendor/laravel/framework/src/Illuminate/Database/Migrations/Migrator.php(441): Illuminate\\Database\\Migrations\\Migrator->Illuminate\\Database\\Migrations\\{closure}()
#12 /var/www/gpdsgame/vendor/laravel/framework/src/Illuminate/Database/Migrations/Migrator.php(244): Illuminate\\Database\\Migrations\\Migrator->runMigration()
#13 /var/www/gpdsgame/vendor/laravel/framework/src/Illuminate/Console/View/Components/Task.php(40): Illuminate\\Database\\Migrations\\Migrator->Illuminate\\Database\\Migrations\\{closure}()
#14 /var/www/gpdsgame/vendor/laravel/framework/src/Illuminate/Database/Migrations/Migrator.php(798): Illuminate\\Console\\View\\Components\\Task->render()
#15 /var/www/gpdsgame/vendor/laravel/framework/src/Illuminate/Database/Migrations/Migrator.php(244): Illuminate\\Database\\Migrations\\Migrator->write()
#16 /var/www/gpdsgame/vendor/laravel/framework/src/Illuminate/Database/Migrations/Migrator.php(211): Illuminate\\Database\\Migrations\\Migrator->runUp()
#17 /var/www/gpdsgame/vendor/laravel/framework/src/Illuminate/Database/Migrations/Migrator.php(138): Illuminate\\Database\\Migrations\\Migrator->runPending()
#18 /var/www/gpdsgame/vendor/laravel/framework/src/Illuminate/Database/Console/Migrations/MigrateCommand.php(117): Illuminate\\Database\\Migrations\\Migrator->run()
#19 /var/www/gpdsgame/vendor/laravel/framework/src/Illuminate/Database/Migrations/Migrator.php(658): Illuminate\\Database\\Console\\Migrations\\MigrateCommand->Illuminate\\Database\\Console\\Migrations\\{closure}()
#20 /var/www/gpdsgame/vendor/laravel/framework/src/Illuminate/Database/Console/Migrations/MigrateCommand.php(110): Illuminate\\Database\\Migrations\\Migrator->usingConnection()
#21 /var/www/gpdsgame/vendor/laravel/framework/src/Illuminate/Database/Console/Migrations/MigrateCommand.php(89): Illuminate\\Database\\Console\\Migrations\\MigrateCommand->runMigrations()
#22 /var/www/gpdsgame/vendor/laravel/framework/src/Illuminate/Container/BoundMethod.php(36): Illuminate\\Database\\Console\\Migrations\\MigrateCommand->handle()
#23 /var/www/gpdsgame/vendor/laravel/framework/src/Illuminate/Container/Util.php(43): Illuminate\\Container\\BoundMethod::Illuminate\\Container\\{closure}()
#24 /var/www/gpdsgame/vendor/laravel/framework/src/Illuminate/Container/BoundMethod.php(95): Illuminate\\Container\\Util::unwrapIfClosure()
#25 /var/www/gpdsgame/vendor/laravel/framework/src/Illuminate/Container/BoundMethod.php(35): Illuminate\\Container\\BoundMethod::callBoundMethod()
#26 /var/www/gpdsgame/vendor/laravel/framework/src/Illuminate/Container/Container.php(696): Illuminate\\Container\\BoundMethod::call()
#27 /var/www/gpdsgame/vendor/laravel/framework/src/Illuminate/Console/Command.php(213): Illuminate\\Container\\Container->call()
#28 /var/www/gpdsgame/vendor/symfony/console/Command/Command.php(318): Illuminate\\Console\\Command->execute()
#29 /var/www/gpdsgame/vendor/laravel/framework/src/Illuminate/Console/Command.php(182): Symfony\\Component\\Console\\Command\\Command->run()
#30 /var/www/gpdsgame/vendor/symfony/console/Application.php(1073): Illuminate\\Console\\Command->run()
#31 /var/www/gpdsgame/vendor/symfony/console/Application.php(356): Symfony\\Component\\Console\\Application->doRunCommand()
#32 /var/www/gpdsgame/vendor/symfony/console/Application.php(195): Symfony\\Component\\Console\\Application->doRun()
#33 /var/www/gpdsgame/vendor/laravel/framework/src/Illuminate/Foundation/Console/Kernel.php(198): Symfony\\Component\\Console\\Application->run()
#34 /var/www/gpdsgame/vendor/laravel/framework/src/Illuminate/Foundation/Application.php(1235): Illuminate\\Foundation\\Console\\Kernel->handle()
#35 /var/www/gpdsgame/artisan(16): Illuminate\\Foundation\\Application->handleCommand()
#36 {main}
"} 
[2026-01-19 11:36:36] production.ERROR: Undefined variable $categories (View: /var/www/gpdsgame/resources/views/ecommerce/products/index.blade.php) {"userId":3364,"exception":"[object] (Illuminate\\View\\ViewException(code: 0): Undefined variable $categories (View: /var/www/gpdsgame/resources/views/ecommerce/products/index.blade.php) at /var/www/gpdsgame/storage/framework/views/b6f51383a1265b584fae659c17fa80b3.php:24)
[stacktrace]
#0 /var/www/gpdsgame/vendor/laravel/framework/src/Illuminate/View/Engines/PhpEngine.php(60): Illuminate\\View\\Engines\\CompilerEngine->handleViewException()
#1 /var/www/gpdsgame/vendor/laravel/framework/src/Illuminate/View/Engines/CompilerEngine.php(75): Illuminate\\View\\Engines\\PhpEngine->evaluatePath()
#2 /var/www/gpdsgame/vendor/laravel/framework/src/Illuminate/View/View.php(209): Illuminate\\View\\Engines\\CompilerEngine->get()
#3 /var/www/gpdsgame/vendor/laravel/framework/src/Illuminate/View/View.php(192): Illuminate\\View\\View->getContents()
#4 /var/www/gpdsgame/vendor/laravel/framework/src/Illuminate/View/View.php(161): Illuminate\\View\\View->renderContents()
#5 /var/www/gpdsgame/vendor/laravel/framework/src/Illuminate/Http/Response.php(79): Illuminate\\View\\View->render()
#6 /var/www/gpdsgame/vendor/laravel/framework/src/Illuminate/Http/Response.php(35): Illuminate\\Http\\Response->setContent()
#7 /var/www/gpdsgame/vendor/laravel/framework/src/Illuminate/Routing/Router.php(920): Illuminate\\Http\\Response->__construct()
#8 /var/www/gpdsgame/vendor/laravel/framework/src/Illuminate/Routing/Router.php(887): Illuminate\\Routing\\Router::toResponse()
#9 /var/www/gpdsgame/vendor/laravel/framework/src/Illuminate/Routing/Router.php(807): Illuminate\\Routing\\Router->prepareResponse()
#10 /var/www/gpdsgame/vendor/laravel/framework/src/Illuminate/Pipeline/Pipeline.php(170): Illuminate\\Routing\\Router->Illuminate\\Routing\\{closure}()
#11 /var/www/gpdsgame/vendor/spatie/laravel-permission/src/Middleware/PermissionMiddleware.php(37): Illuminate\\Pipeline\\Pipeline->Illuminate\\Pipeline\\{closure}()
#12 /var/www/gpdsgame/vendor/laravel/framework/src/Illuminate/Pipeline/Pipeline.php(209): Spatie\\Permission\\Middleware\\PermissionMiddleware->handle()
#13 /var/www/gpdsgame/app/Http/Middleware/EnsureNotCustomer.php(32): Illuminate\\Pipeline\\Pipeline->Illuminate\\Pipeline\\{closure}()
#14 /var/www/gpdsgame/vendor/laravel/framework/src/Illuminate/Pipeline/Pipeline.php(209): App\\Http\\Middleware\\EnsureNotCustomer->handle()
#15 /var/www/gpdsgame/vendor/laravel/framework/src/Illuminate/Routing/Middleware/SubstituteBindings.php(51): Illuminate\\Pipeline\\Pipeline->Illuminate\\Pipeline\\{closure}()
#16 /var/www/gpdsgame/vendor/laravel/framework/src/Illuminate/Pipeline/Pipeline.php(209): Illuminate\\Routing\\Middleware\\SubstituteBindings->handle()
#17 /var/www/gpdsgame/vendor/laravel/framework/src/Illuminate/Auth/Middleware/Authenticate.php(64): Illuminate\\Pipeline\\Pipeline->Illuminate\\Pipeline\\{closure}()
#18 /var/www/gpdsgame/vendor/laravel/framework/src/Illuminate/Pipeline/Pipeline.php(209): Illuminate\\Auth\\Middleware\\Authenticate->handle()
#19 /var/www/gpdsgame/vendor/laravel/framework/src/Illuminate/Foundation/Http/Middleware/VerifyCsrfToken.php(88): Illuminate\\Pipeline\\Pipeline->Illuminate\\Pipeline\\{closure}()
#20 /var/www/gpdsgame/vendor/laravel/framework/src/Illuminate/Pipeline/Pipeline.php(209): Illuminate\\Foundation\\Http\\Middleware\\VerifyCsrfToken->handle()
#21 /var/www/gpdsgame/vendor/laravel/framework/src/Illuminate/View/Middleware/ShareErrorsFromSession.php(49): Illuminate\\Pipeline\\Pipeline->Illuminate\\Pipeline\\{closure}()
#22 /var/www/gpdsgame/vendor/laravel/framework/src/Illuminate/Pipeline/Pipeline.php(209): Illuminate\\View\\Middleware\\ShareErrorsFromSession->handle()
#23 /var/www/gpdsgame/vendor/laravel/framework/src/Illuminate/Session/Middleware/StartSession.php(121): Illuminate\\Pipeline\\Pipeline->Illuminate\\Pipeline\\{closure}()
#24 /var/www/gpdsgame/vendor/laravel/framework/src/Illuminate/Session/Middleware/StartSession.php(64): Illuminate\\Session\\Middleware\\StartSession->handleStatefulRequest()
#25 /var/www/gpdsgame/vendor/laravel/framework/src/Illuminate/Pipeline/Pipeline.php(209): Illuminate\\Session\\Middleware\\StartSession->handle()
#26 /var/www/gpdsgame/vendor/laravel/framework/src/Illuminate/Cookie/Middleware/AddQueuedCookiesToResponse.php(37): Illuminate\\Pipeline\\Pipeline->Illuminate\\Pipeline\\{closure}()
#27 /var/www/gpdsgame/vendor/laravel/framework/src/Illuminate/Pipeline/Pipeline.php(209): Illuminate\\Cookie\\Middleware\\AddQueuedCookiesToResponse->handle()
#28 /var/www/gpdsgame/vendor/laravel/framework/src/Illuminate/Cookie/Middleware/EncryptCookies.php(75): Illuminate\\Pipeline\\Pipeline->Illuminate\\Pipeline\\{closure}()
#29 /var/www/gpdsgame/vendor/laravel/framework/src/Illuminate/Pipeline/Pipeline.php(209): Illuminate\\Cookie\\Middleware\\EncryptCookies->handle()
#30 /var/www/gpdsgame/vendor/laravel/framework/src/Illuminate/Pipeline/Pipeline.php(127): Illuminate\\Pipeline\\Pipeline->Illuminate\\Pipeline\\{closure}()
#31 /var/www/gpdsgame/vendor/laravel/framework/src/Illuminate/Routing/Router.php(807): Illuminate\\Pipeline\\Pipeline->then()
#32 /var/www/gpdsgame/vendor/laravel/framework/src/Illuminate/Routing/Router.php(786): Illuminate\\Routing\\Router->runRouteWithinStack()
#33 /var/www/gpdsgame/vendor/laravel/framework/src/Illuminate/Routing/Router.php(750): Illuminate\\Routing\\Router->runRoute()
#34 /var/www/gpdsgame/vendor/laravel/framework/src/Illuminate/Routing/Router.php(739): Illuminate\\Routing\\Router->dispatchToRoute()
#35 /var/www/gpdsgame/vendor/laravel/framework/src/Illuminate/Foundation/Http/Kernel.php(201): Illuminate\\Routing\\Router->dispatch()
#36 /var/www/gpdsgame/vendor/laravel/framework/src/Illuminate/Pipeline/Pipeline.php(170): Illuminate\\Foundation\\Http\\Kernel->Illuminate\\Foundation\\Http\\{closure}()
#37 /var/www/gpdsgame/vendor/laravel/framework/src/Illuminate/Foundation/Http/Middleware/TransformsRequest.php(21): Illuminate\\Pipeline\\Pipeline->Illuminate\\Pipeline\\{closure}()
#38 /var/www/gpdsgame/vendor/laravel/framework/src/Illuminate/Foundation/Http/Middleware/ConvertEmptyStringsToNull.php(31): Illuminate\\Foundation\\Http\\Middleware\\TransformsRequest->handle()
#39 /var/www/gpdsgame/vendor/laravel/framework/src/Illuminate/Pipeline/Pipeline.php(209): Illuminate\\Foundation\\Http\\Middleware\\ConvertEmptyStringsToNull->handle()
#40 /var/www/gpdsgame/vendor/laravel/framework/src/Illuminate/Foundation/Http/Middleware/TransformsRequest.php(21): Illuminate\\Pipeline\\Pipeline->Illuminate\\Pipeline\\{closure}()
#41 /var/www/gpdsgame/vendor/laravel/framework/src/Illuminate/Foundation/Http/Middleware/TrimStrings.php(51): Illuminate\\Foundation\\Http\\Middleware\\TransformsRequest->handle()
#42 /var/www/gpdsgame/vendor/laravel/framework/src/Illuminate/Pipeline/Pipeline.php(209): Illuminate\\Foundation\\Http\\Middleware\\TrimStrings->handle()
#43 /var/www/gpdsgame/vendor/laravel/framework/src/Illuminate/Http/Middleware/ValidatePostSize.php(27): Illuminate\\Pipeline\\Pipeline->Illuminate\\Pipeline\\{closure}()
#44 /var/www/gpdsgame/vendor/laravel/framework/src/Illuminate/Pipeline/Pipeline.php(209): Illuminate\\Http\\Middleware\\ValidatePostSize->handle()
#45 /var/www/gpdsgame/vendor/laravel/framework/src/Illuminate/Foundation/Http/Middleware/PreventRequestsDuringMaintenance.php(110): Illuminate\\Pipeline\\Pipeline->Illuminate\\Pipeline\\{closure}()
#46 /var/www/gpdsgame/vendor/laravel/framework/src/Illuminate/Pipeline/Pipeline.php(209): Illuminate\\Foundation\\Http\\Middleware\\PreventRequestsDuringMaintenance->handle()
#47 /var/www/gpdsgame/vendor/laravel/framework/src/Illuminate/Http/Middleware/HandleCors.php(49): Illuminate\\Pipeline\\Pipeline->Illuminate\\Pipeline\\{closure}()
#48 /var/www/gpdsgame/vendor/laravel/framework/src/Illuminate/Pipeline/Pipeline.php(209): Illuminate\\Http\\Middleware\\HandleCors->handle()
#49 /var/www/gpdsgame/vendor/laravel/framework/src/Illuminate/Http/Middleware/TrustProxies.php(58): Illuminate\\Pipeline\\Pipeline->Illuminate\\Pipeline\\{closure}()
#50 /var/www/gpdsgame/vendor/laravel/framework/src/Illuminate/Pipeline/Pipeline.php(209): Illuminate\\Http\\Middleware\\TrustProxies->handle()
#51 /var/www/gpdsgame/vendor/laravel/framework/src/Illuminate/Foundation/Http/Middleware/InvokeDeferredCallbacks.php(22): Illuminate\\Pipeline\\Pipeline->Illuminate\\Pipeline\\{closure}()
#52 /var/www/gpdsgame/vendor/laravel/framework/src/Illuminate/Pipeline/Pipeline.php(209): Illuminate\\Foundation\\Http\\Middleware\\InvokeDeferredCallbacks->handle()
#53 /var/www/gpdsgame/app/Http/Middleware/CheckBanned.php(23): Illuminate\\Pipeline\\Pipeline->Illuminate\\Pipeline\\{closure}()
#54 /var/www/gpdsgame/vendor/laravel/framework/src/Illuminate/Pipeline/Pipeline.php(209): App\\Http\\Middleware\\CheckBanned->handle()
#55 /var/www/gpdsgame/app/Http/Middleware/CheckBannedIp.php(24): Illuminate\\Pipeline\\Pipeline->Illuminate\\Pipeline\\{closure}()
#56 /var/www/gpdsgame/vendor/laravel/framework/src/Illuminate/Pipeline/Pipeline.php(209): App\\Http\\Middleware\\CheckBannedIp->handle()
#57 /var/www/gpdsgame/vendor/laravel/framework/src/Illuminate/Pipeline/Pipeline.php(127): Illuminate\\Pipeline\\Pipeline->Illuminate\\Pipeline\\{closure}()
#58 /var/www/gpdsgame/vendor/laravel/framework/src/Illuminate/Foundation/Http/Kernel.php(176): Illuminate\\Pipeline\\Pipeline->then()
#59 /var/www/gpdsgame/vendor/laravel/framework/src/Illuminate/Foundation/Http/Kernel.php(145): Illuminate\\Foundation\\Http\\Kernel->sendRequestThroughRouter()
#60 /var/www/gpdsgame/public/index.php(57): Illuminate\\Foundation\\Http\\Kernel->handle()
#61 {main}

[previous exception] [object] (ErrorException(code: 0): Undefined variable $categories at /var/www/gpdsgame/storage/framework/views/b6f51383a1265b584fae659c17fa80b3.php:24)
[stacktrace]
#0 /var/www/gpdsgame/vendor/laravel/framework/src/Illuminate/Foundation/Bootstrap/HandleExceptions.php(258): Illuminate\\Foundation\\Bootstrap\\HandleExceptions->handleError()
#1 /var/www/gpdsgame/storage/framework/views/b6f51383a1265b584fae659c17fa80b3.php(24): Illuminate\\Foundation\\Bootstrap\\HandleExceptions->Illuminate\\Foundation\\Bootstrap\\{closure}()
#2 /var/www/gpdsgame/vendor/laravel/framework/src/Illuminate/Filesystem/Filesystem.php(123): require('...')
#3 /var/www/gpdsgame/vendor/laravel/framework/src/Illuminate/Filesystem/Filesystem.php(124): Illuminate\\Filesystem\\Filesystem::Illuminate\\Filesystem\\{closure}()
#4 /var/www/gpdsgame/vendor/laravel/framework/src/Illuminate/View/Engines/PhpEngine.php(58): Illuminate\\Filesystem\\Filesystem->getRequire()
#5 /var/www/gpdsgame/vendor/laravel/framework/src/Illuminate/View/Engines/CompilerEngine.php(75): Illuminate\\View\\Engines\\PhpEngine->evaluatePath()
#6 /var/www/gpdsgame/vendor/laravel/framework/src/Illuminate/View/View.php(209): Illuminate\\View\\Engines\\CompilerEngine->get()
#7 /var/www/gpdsgame/vendor/laravel/framework/src/Illuminate/View/View.php(192): Illuminate\\View\\View->getContents()
#8 /var/www/gpdsgame/vendor/laravel/framework/src/Illuminate/View/View.php(161): Illuminate\\View\\View->renderContents()
#9 /var/www/gpdsgame/vendor/laravel/framework/src/Illuminate/Http/Response.php(79): Illuminate\\View\\View->render()
#10 /var/www/gpdsgame/vendor/laravel/framework/src/Illuminate/Http/Response.php(35): Illuminate\\Http\\Response->setContent()
#11 /var/www/gpdsgame/vendor/laravel/framework/src/Illuminate/Routing/Router.php(920): Illuminate\\Http\\Response->__construct()
#12 /var/www/gpdsgame/vendor/laravel/framework/src/Illuminate/Routing/Router.php(887): Illuminate\\Routing\\Router::toResponse()
#13 /var/www/gpdsgame/vendor/laravel/framework/src/Illuminate/Routing/Router.php(807): Illuminate\\Routing\\Router->prepareResponse()
#14 /var/www/gpdsgame/vendor/laravel/framework/src/Illuminate/Pipeline/Pipeline.php(170): Illuminate\\Routing\\Router->Illuminate\\Routing\\{closure}()
#15 /var/www/gpdsgame/vendor/spatie/laravel-permission/src/Middleware/PermissionMiddleware.php(37): Illuminate\\Pipeline\\Pipeline->Illuminate\\Pipeline\\{closure}()
#16 /var/www/gpdsgame/vendor/laravel/framework/src/Illuminate/Pipeline/Pipeline.php(209): Spatie\\Permission\\Middleware\\PermissionMiddleware->handle()
#17 /var/www/gpdsgame/app/Http/Middleware/EnsureNotCustomer.php(32): Illuminate\\Pipeline\\Pipeline->Illuminate\\Pipeline\\{closure}()
#18 /var/www/gpdsgame/vendor/laravel/framework/src/Illuminate/Pipeline/Pipeline.php(209): App\\Http\\Middleware\\EnsureNotCustomer->handle()
#19 /var/www/gpdsgame/vendor/laravel/framework/src/Illuminate/Routing/Middleware/SubstituteBindings.php(51): Illuminate\\Pipeline\\Pipeline->Illuminate\\Pipeline\\{closure}()
#20 /var/www/gpdsgame/vendor/laravel/framework/src/Illuminate/Pipeline/Pipeline.php(209): Illuminate\\Routing\\Middleware\\SubstituteBindings->handle()
#21 /var/www/gpdsgame/vendor/laravel/framework/src/Illuminate/Auth/Middleware/Authenticate.php(64): Illuminate\\Pipeline\\Pipeline->Illuminate\\Pipeline\\{closure}()
#22 /var/www/gpdsgame/vendor/laravel/framework/src/Illuminate/Pipeline/Pipeline.php(209): Illuminate\\Auth\\Middleware\\Authenticate->handle()
#23 /var/www/gpdsgame/vendor/laravel/framework/src/Illuminate/Foundation/Http/Middleware/VerifyCsrfToken.php(88): Illuminate\\Pipeline\\Pipeline->Illuminate\\Pipeline\\{closure}()
#24 /var/www/gpdsgame/vendor/laravel/framework/src/Illuminate/Pipeline/Pipeline.php(209): Illuminate\\Foundation\\Http\\Middleware\\VerifyCsrfToken->handle()
#25 /var/www/gpdsgame/vendor/laravel/framework/src/Illuminate/View/Middleware/ShareErrorsFromSession.php(49): Illuminate\\Pipeline\\Pipeline->Illuminate\\Pipeline\\{closure}()
#26 /var/www/gpdsgame/vendor/laravel/framework/src/Illuminate/Pipeline/Pipeline.php(209): Illuminate\\View\\Middleware\\ShareErrorsFromSession->handle()
#27 /var/www/gpdsgame/vendor/laravel/framework/src/Illuminate/Session/Middleware/StartSession.php(121): Illuminate\\Pipeline\\Pipeline->Illuminate\\Pipeline\\{closure}()
#28 /var/www/gpdsgame/vendor/laravel/framework/src/Illuminate/Session/Middleware/StartSession.php(64): Illuminate\\Session\\Middleware\\StartSession->handleStatefulRequest()
#29 /var/www/gpdsgame/vendor/laravel/framework/src/Illuminate/Pipeline/Pipeline.php(209): Illuminate\\Session\\Middleware\\StartSession->handle()
#30 /var/www/gpdsgame/vendor/laravel/framework/src/Illuminate/Cookie/Middleware/AddQueuedCookiesToResponse.php(37): Illuminate\\Pipeline\\Pipeline->Illuminate\\Pipeline\\{closure}()
#31 /var/www/gpdsgame/vendor/laravel/framework/src/Illuminate/Pipeline/Pipeline.php(209): Illuminate\\Cookie\\Middleware\\AddQueuedCookiesToResponse->handle()
#32 /var/www/gpdsgame/vendor/laravel/framework/src/Illuminate/Cookie/Middleware/EncryptCookies.php(75): Illuminate\\Pipeline\\Pipeline->Illuminate\\Pipeline\\{closure}()
#33 /var/www/gpdsgame/vendor/laravel/framework/src/Illuminate/Pipeline/Pipeline.php(209): Illuminate\\Cookie\\Middleware\\EncryptCookies->handle()
#34 /var/www/gpdsgame/vendor/laravel/framework/src/Illuminate/Pipeline/Pipeline.php(127): Illuminate\\Pipeline\\Pipeline->Illuminate\\Pipeline\\{closure}()
#35 /var/www/gpdsgame/vendor/laravel/framework/src/Illuminate/Routing/Router.php(807): Illuminate\\Pipeline\\Pipeline->then()
#36 /var/www/gpdsgame/vendor/laravel/framework/src/Illuminate/Routing/Router.php(786): Illuminate\\Routing\\Router->runRouteWithinStack()
#37 /var/www/gpdsgame/vendor/laravel/framework/src/Illuminate/Routing/Router.php(750): Illuminate\\Routing\\Router->runRoute()
#38 /var/www/gpdsgame/vendor/laravel/framework/src/Illuminate/Routing/Router.php(739): Illuminate\\Routing\\Router->dispatchToRoute()
#39 /var/www/gpdsgame/vendor/laravel/framework/src/Illuminate/Foundation/Http/Kernel.php(201): Illuminate\\Routing\\Router->dispatch()
#40 /var/www/gpdsgame/vendor/laravel/framework/src/Illuminate/Pipeline/Pipeline.php(170): Illuminate\\Foundation\\Http\\Kernel->Illuminate\\Foundation\\Http\\{closure}()
#41 /var/www/gpdsgame/vendor/laravel/framework/src/Illuminate/Foundation/Http/Middleware/TransformsRequest.php(21): Illuminate\\Pipeline\\Pipeline->Illuminate\\Pipeline\\{closure}()
#42 /var/www/gpdsgame/vendor/laravel/framework/src/Illuminate/Foundation/Http/Middleware/ConvertEmptyStringsToNull.php(31): Illuminate\\Foundation\\Http\\Middleware\\TransformsRequest->handle()
#43 /var/www/gpdsgame/vendor/laravel/framework/src/Illuminate/Pipeline/Pipeline.php(209): Illuminate\\Foundation\\Http\\Middleware\\ConvertEmptyStringsToNull->handle()
#44 /var/www/gpdsgame/vendor/laravel/framework/src/Illuminate/Foundation/Http/Middleware/TransformsRequest.php(21): Illuminate\\Pipeline\\Pipeline->Illuminate\\Pipeline\\{closure}()
#45 /var/www/gpdsgame/vendor/laravel/framework/src/Illuminate/Foundation/Http/Middleware/TrimStrings.php(51): Illuminate\\Foundation\\Http\\Middleware\\TransformsRequest->handle()
#46 /var/www/gpdsgame/vendor/laravel/framework/src/Illuminate/Pipeline/Pipeline.php(209): Illuminate\\Foundation\\Http\\Middleware\\TrimStrings->handle()
#47 /var/www/gpdsgame/vendor/laravel/framework/src/Illuminate/Http/Middleware/ValidatePostSize.php(27): Illuminate\\Pipeline\\Pipeline->Illuminate\\Pipeline\\{closure}()
#48 /var/www/gpdsgame/vendor/laravel/framework/src/Illuminate/Pipeline/Pipeline.php(209): Illuminate\\Http\\Middleware\\ValidatePostSize->handle()
#49 /var/www/gpdsgame/vendor/laravel/framework/src/Illuminate/Foundation/Http/Middleware/PreventRequestsDuringMaintenance.php(110): Illuminate\\Pipeline\\Pipeline->Illuminate\\Pipeline\\{closure}()
#50 /var/www/gpdsgame/vendor/laravel/framework/src/Illuminate/Pipeline/Pipeline.php(209): Illuminate\\Foundation\\Http\\Middleware\\PreventRequestsDuringMaintenance->handle()
#51 /var/www/gpdsgame/vendor/laravel/framework/src/Illuminate/Http/Middleware/HandleCors.php(49): Illuminate\\Pipeline\\Pipeline->Illuminate\\Pipeline\\{closure}()
#52 /var/www/gpdsgame/vendor/laravel/framework/src/Illuminate/Pipeline/Pipeline.php(209): Illuminate\\Http\\Middleware\\HandleCors->handle()
#53 /var/www/gpdsgame/vendor/laravel/framework/src/Illuminate/Http/Middleware/TrustProxies.php(58): Illuminate\\Pipeline\\Pipeline->Illuminate\\Pipeline\\{closure}()
#54 /var/www/gpdsgame/vendor/laravel/framework/src/Illuminate/Pipeline/Pipeline.php(209): Illuminate\\Http\\Middleware\\TrustProxies->handle()
#55 /var/www/gpdsgame/vendor/laravel/framework/src/Illuminate/Foundation/Http/Middleware/InvokeDeferredCallbacks.php(22): Illuminate\\Pipeline\\Pipeline->Illuminate\\Pipeline\\{closure}()
#56 /var/www/gpdsgame/vendor/laravel/framework/src/Illuminate/Pipeline/Pipeline.php(209): Illuminate\\Foundation\\Http\\Middleware\\InvokeDeferredCallbacks->handle()
#57 /var/www/gpdsgame/app/Http/Middleware/CheckBanned.php(23): Illuminate\\Pipeline\\Pipeline->Illuminate\\Pipeline\\{closure}()
#58 /var/www/gpdsgame/vendor/laravel/framework/src/Illuminate/Pipeline/Pipeline.php(209): App\\Http\\Middleware\\CheckBanned->handle()
#59 /var/www/gpdsgame/app/Http/Middleware/CheckBannedIp.php(24): Illuminate\\Pipeline\\Pipeline->Illuminate\\Pipeline\\{closure}()
#60 /var/www/gpdsgame/vendor/laravel/framework/src/Illuminate/Pipeline/Pipeline.php(209): App\\Http\\Middleware\\CheckBannedIp->handle()
#61 /var/www/gpdsgame/vendor/laravel/framework/src/Illuminate/Pipeline/Pipeline.php(127): Illuminate\\Pipeline\\Pipeline->Illuminate\\Pipeline\\{closure}()
#62 /var/www/gpdsgame/vendor/laravel/framework/src/Illuminate/Foundation/Http/Kernel.php(176): Illuminate\\Pipeline\\Pipeline->then()
#63 /var/www/gpdsgame/vendor/laravel/framework/src/Illuminate/Foundation/Http/Kernel.php(145): Illuminate\\Foundation\\Http\\Kernel->sendRequestThroughRouter()
#64 /var/www/gpdsgame/public/index.php(57): Illuminate\\Foundation\\Http\\Kernel->handle()
#65 {main}
"} 
[2026-01-19 11:42:14] production.ERROR: SQLSTATE[42S22]: Column not found: 1054 Unknown column 'ecommerce_variant_options.product_id' in 'where clause' (Connection: mysql, SQL: select * from `ecommerce_variant_options` where `ecommerce_variant_options`.`product_id` in (1)) {"exception":"[object] (Illuminate\\Database\\QueryException(code: 42S22): SQLSTATE[42S22]: Column not found: 1054 Unknown column 'ecommerce_variant_options.product_id' in 'where clause' (Connection: mysql, SQL: select * from `ecommerce_variant_options` where `ecommerce_variant_options`.`product_id` in (1)) at /var/www/gpdsgame/vendor/laravel/framework/src/Illuminate/Database/Connection.php:825)
[stacktrace]
#0 /var/www/gpdsgame/vendor/laravel/framework/src/Illuminate/Database/Connection.php(779): Illuminate\\Database\\Connection->runQueryCallback()
#1 /var/www/gpdsgame/vendor/laravel/framework/src/Illuminate/Database/Connection.php(398): Illuminate\\Database\\Connection->run()
#2 /var/www/gpdsgame/vendor/laravel/framework/src/Illuminate/Database/Query/Builder.php(3106): Illuminate\\Database\\Connection->select()
#3 /var/www/gpdsgame/vendor/laravel/framework/src/Illuminate/Database/Query/Builder.php(3091): Illuminate\\Database\\Query\\Builder->runSelect()
#4 /var/www/gpdsgame/vendor/laravel/framework/src/Illuminate/Database/Query/Builder.php(3676): Illuminate\\Database\\Query\\Builder->Illuminate\\Database\\Query\\{closure}()
#5 /var/www/gpdsgame/vendor/laravel/framework/src/Illuminate/Database/Query/Builder.php(3090): Illuminate\\Database\\Query\\Builder->onceWithColumns()
#6 /var/www/gpdsgame/vendor/laravel/framework/src/Illuminate/Database/Eloquent/Builder.php(811): Illuminate\\Database\\Query\\Builder->get()
#7 /var/www/gpdsgame/vendor/laravel/framework/src/Illuminate/Database/Eloquent/Builder.php(793): Illuminate\\Database\\Eloquent\\Builder->getModels()
#8 /var/www/gpdsgame/vendor/laravel/framework/src/Illuminate/Database/Eloquent/Relations/Relation.php(213): Illuminate\\Database\\Eloquent\\Builder->get()
#9 /var/www/gpdsgame/vendor/laravel/framework/src/Illuminate/Database/Eloquent/Relations/Relation.php(176): Illuminate\\Database\\Eloquent\\Relations\\Relation->get()
#10 /var/www/gpdsgame/vendor/laravel/framework/src/Illuminate/Database/Eloquent/Builder.php(859): Illuminate\\Database\\Eloquent\\Relations\\Relation->getEager()
#11 /var/www/gpdsgame/vendor/laravel/framework/src/Illuminate/Database/Eloquent/Builder.php(828): Illuminate\\Database\\Eloquent\\Builder->eagerLoadRelation()
#12 /var/www/gpdsgame/vendor/laravel/framework/src/Illuminate/Database/Eloquent/Builder.php(794): Illuminate\\Database\\Eloquent\\Builder->eagerLoadRelations()
#13 /var/www/gpdsgame/vendor/laravel/framework/src/Illuminate/Database/Eloquent/Builder.php(1034): Illuminate\\Database\\Eloquent\\Builder->get()
#14 /var/www/gpdsgame/app/Http/Controllers/Api/EcommerceApiController.php(86): Illuminate\\Database\\Eloquent\\Builder->paginate()
#15 /var/www/gpdsgame/vendor/laravel/framework/src/Illuminate/Routing/Controller.php(54): App\\Http\\Controllers\\Api\\EcommerceApiController->products()
#16 /var/www/gpdsgame/vendor/laravel/framework/src/Illuminate/Routing/ControllerDispatcher.php(44): Illuminate\\Routing\\Controller->callAction()
#17 /var/www/gpdsgame/vendor/laravel/framework/src/Illuminate/Routing/Route.php(266): Illuminate\\Routing\\ControllerDispatcher->dispatch()
#18 /var/www/gpdsgame/vendor/laravel/framework/src/Illuminate/Routing/Route.php(212): Illuminate\\Routing\\Route->runController()
#19 /var/www/gpdsgame/vendor/laravel/framework/src/Illuminate/Routing/Router.php(808): Illuminate\\Routing\\Route->run()
#20 /var/www/gpdsgame/vendor/laravel/framework/src/Illuminate/Pipeline/Pipeline.php(170): Illuminate\\Routing\\Router->Illuminate\\Routing\\{closure}()
#21 /var/www/gpdsgame/vendor/laravel/framework/src/Illuminate/Routing/Middleware/SubstituteBindings.php(51): Illuminate\\Pipeline\\Pipeline->Illuminate\\Pipeline\\{closure}()
#22 /var/www/gpdsgame/vendor/laravel/framework/src/Illuminate/Pipeline/Pipeline.php(209): Illuminate\\Routing\\Middleware\\SubstituteBindings->handle()
#23 /var/www/gpdsgame/vendor/laravel/framework/src/Illuminate/Pipeline/Pipeline.php(127): Illuminate\\Pipeline\\Pipeline->Illuminate\\Pipeline\\{closure}()
#24 /var/www/gpdsgame/vendor/laravel/framework/src/Illuminate/Routing/Router.php(807): Illuminate\\Pipeline\\Pipeline->then()
#25 /var/www/gpdsgame/vendor/laravel/framework/src/Illuminate/Routing/Router.php(786): Illuminate\\Routing\\Router->runRouteWithinStack()
#26 /var/www/gpdsgame/vendor/laravel/framework/src/Illuminate/Routing/Router.php(750): Illuminate\\Routing\\Router->runRoute()
#27 /var/www/gpdsgame/vendor/laravel/framework/src/Illuminate/Routing/Router.php(739): Illuminate\\Routing\\Router->dispatchToRoute()
#28 /var/www/gpdsgame/vendor/laravel/framework/src/Illuminate/Foundation/Http/Kernel.php(201): Illuminate\\Routing\\Router->dispatch()
#29 /var/www/gpdsgame/vendor/laravel/framework/src/Illuminate/Pipeline/Pipeline.php(170): Illuminate\\Foundation\\Http\\Kernel->Illuminate\\Foundation\\Http\\{closure}()
#30 /var/www/gpdsgame/vendor/laravel/framework/src/Illuminate/Foundation/Http/Middleware/TransformsRequest.php(21): Illuminate\\Pipeline\\Pipeline->Illuminate\\Pipeline\\{closure}()
#31 /var/www/gpdsgame/vendor/laravel/framework/src/Illuminate/Foundation/Http/Middleware/ConvertEmptyStringsToNull.php(31): Illuminate\\Foundation\\Http\\Middleware\\TransformsRequest->handle()
#32 /var/www/gpdsgame/vendor/laravel/framework/src/Illuminate/Pipeline/Pipeline.php(209): Illuminate\\Foundation\\Http\\Middleware\\ConvertEmptyStringsToNull->handle()
#33 /var/www/gpdsgame/vendor/laravel/framework/src/Illuminate/Foundation/Http/Middleware/TransformsRequest.php(21): Illuminate\\Pipeline\\Pipeline->Illuminate\\Pipeline\\{closure}()
#34 /var/www/gpdsgame/vendor/laravel/framework/src/Illuminate/Foundation/Http/Middleware/TrimStrings.php(51): Illuminate\\Foundation\\Http\\Middleware\\TransformsRequest->handle()
#35 /var/www/gpdsgame/vendor/laravel/framework/src/Illuminate/Pipeline/Pipeline.php(209): Illuminate\\Foundation\\Http\\Middleware\\TrimStrings->handle()
#36 /var/www/gpdsgame/vendor/laravel/framework/src/Illuminate/Http/Middleware/ValidatePostSize.php(27): Illuminate\\Pipeline\\Pipeline->Illuminate\\Pipeline\\{closure}()
#37 /var/www/gpdsgame/vendor/laravel/framework/src/Illuminate/Pipeline/Pipeline.php(209): Illuminate\\Http\\Middleware\\ValidatePostSize->handle()
#38 /var/www/gpdsgame/vendor/laravel/framework/src/Illuminate/Foundation/Http/Middleware/PreventRequestsDuringMaintenance.php(110): Illuminate\\Pipeline\\Pipeline->Illuminate\\Pipeline\\{closure}()
#39 /var/www/gpdsgame/vendor/laravel/framework/src/Illuminate/Pipeline/Pipeline.php(209): Illuminate\\Foundation\\Http\\Middleware\\PreventRequestsDuringMaintenance->handle()
#40 /var/www/gpdsgame/vendor/laravel/framework/src/Illuminate/Http/Middleware/HandleCors.php(62): Illuminate\\Pipeline\\Pipeline->Illuminate\\Pipeline\\{closure}()
#41 /var/www/gpdsgame/vendor/laravel/framework/src/Illuminate/Pipeline/Pipeline.php(209): Illuminate\\Http\\Middleware\\HandleCors->handle()
#42 /var/www/gpdsgame/vendor/laravel/framework/src/Illuminate/Http/Middleware/TrustProxies.php(58): Illuminate\\Pipeline\\Pipeline->Illuminate\\Pipeline\\{closure}()
#43 /var/www/gpdsgame/vendor/laravel/framework/src/Illuminate/Pipeline/Pipeline.php(209): Illuminate\\Http\\Middleware\\TrustProxies->handle()
#44 /var/www/gpdsgame/vendor/laravel/framework/src/Illuminate/Foundation/Http/Middleware/InvokeDeferredCallbacks.php(22): Illuminate\\Pipeline\\Pipeline->Illuminate\\Pipeline\\{closure}()
#45 /var/www/gpdsgame/vendor/laravel/framework/src/Illuminate/Pipeline/Pipeline.php(209): Illuminate\\Foundation\\Http\\Middleware\\InvokeDeferredCallbacks->handle()
#46 /var/www/gpdsgame/app/Http/Middleware/CheckBanned.php(23): Illuminate\\Pipeline\\Pipeline->Illuminate\\Pipeline\\{closure}()
#47 /var/www/gpdsgame/vendor/laravel/framework/src/Illuminate/Pipeline/Pipeline.php(209): App\\Http\\Middleware\\CheckBanned->handle()
#48 /var/www/gpdsgame/app/Http/Middleware/CheckBannedIp.php(24): Illuminate\\Pipeline\\Pipeline->Illuminate\\Pipeline\\{closure}()
#49 /var/www/gpdsgame/vendor/laravel/framework/src/Illuminate/Pipeline/Pipeline.php(209): App\\Http\\Middleware\\CheckBannedIp->handle()
#50 /var/www/gpdsgame/vendor/laravel/framework/src/Illuminate/Pipeline/Pipeline.php(127): Illuminate\\Pipeline\\Pipeline->Illuminate\\Pipeline\\{closure}()
#51 /var/www/gpdsgame/vendor/laravel/framework/src/Illuminate/Foundation/Http/Kernel.php(176): Illuminate\\Pipeline\\Pipeline->then()
#52 /var/www/gpdsgame/vendor/laravel/framework/src/Illuminate/Foundation/Http/Kernel.php(145): Illuminate\\Foundation\\Http\\Kernel->sendRequestThroughRouter()
#53 /var/www/gpdsgame/public/index.php(57): Illuminate\\Foundation\\Http\\Kernel->handle()
#54 {main}

[previous exception] [object] (PDOException(code: 42S22): SQLSTATE[42S22]: Column not found: 1054 Unknown column 'ecommerce_variant_options.product_id' in 'where clause' at /var/www/gpdsgame/vendor/laravel/framework/src/Illuminate/Database/Connection.php:407)
[stacktrace]
#0 /var/www/gpdsgame/vendor/laravel/framework/src/Illuminate/Database/Connection.php(407): PDO->prepare()
#1 /var/www/gpdsgame/vendor/laravel/framework/src/Illuminate/Database/Connection.php(812): Illuminate\\Database\\Connection->Illuminate\\Database\\{closure}()
#2 /var/www/gpdsgame/vendor/laravel/framework/src/Illuminate/Database/Connection.php(779): Illuminate\\Database\\Connection->runQueryCallback()
#3 /var/www/gpdsgame/vendor/laravel/framework/src/Illuminate/Database/Connection.php(398): Illuminate\\Database\\Connection->run()
#4 /var/www/gpdsgame/vendor/laravel/framework/src/Illuminate/Database/Query/Builder.php(3106): Illuminate\\Database\\Connection->select()
#5 /var/www/gpdsgame/vendor/laravel/framework/src/Illuminate/Database/Query/Builder.php(3091): Illuminate\\Database\\Query\\Builder->runSelect()
#6 /var/www/gpdsgame/vendor/laravel/framework/src/Illuminate/Database/Query/Builder.php(3676): Illuminate\\Database\\Query\\Builder->Illuminate\\Database\\Query\\{closure}()
#7 /var/www/gpdsgame/vendor/laravel/framework/src/Illuminate/Database/Query/Builder.php(3090): Illuminate\\Database\\Query\\Builder->onceWithColumns()
#8 /var/www/gpdsgame/vendor/laravel/framework/src/Illuminate/Database/Eloquent/Builder.php(811): Illuminate\\Database\\Query\\Builder->get()
#9 /var/www/gpdsgame/vendor/laravel/framework/src/Illuminate/Database/Eloquent/Builder.php(793): Illuminate\\Database\\Eloquent\\Builder->getModels()
#10 /var/www/gpdsgame/vendor/laravel/framework/src/Illuminate/Database/Eloquent/Relations/Relation.php(213): Illuminate\\Database\\Eloquent\\Builder->get()
#11 /var/www/gpdsgame/vendor/laravel/framework/src/Illuminate/Database/Eloquent/Relations/Relation.php(176): Illuminate\\Database\\Eloquent\\Relations\\Relation->get()
#12 /var/www/gpdsgame/vendor/laravel/framework/src/Illuminate/Database/Eloquent/Builder.php(859): Illuminate\\Database\\Eloquent\\Relations\\Relation->getEager()
#13 /var/www/gpdsgame/vendor/laravel/framework/src/Illuminate/Database/Eloquent/Builder.php(828): Illuminate\\Database\\Eloquent\\Builder->eagerLoadRelation()
#14 /var/www/gpdsgame/vendor/laravel/framework/src/Illuminate/Database/Eloquent/Builder.php(794): Illuminate\\Database\\Eloquent\\Builder->eagerLoadRelations()
#15 /var/www/gpdsgame/vendor/laravel/framework/src/Illuminate/Database/Eloquent/Builder.php(1034): Illuminate\\Database\\Eloquent\\Builder->get()
#16 /var/www/gpdsgame/app/Http/Controllers/Api/EcommerceApiController.php(86): Illuminate\\Database\\Eloquent\\Builder->paginate()
#17 /var/www/gpdsgame/vendor/laravel/framework/src/Illuminate/Routing/Controller.php(54): App\\Http\\Controllers\\Api\\EcommerceApiController->products()
#18 /var/www/gpdsgame/vendor/laravel/framework/src/Illuminate/Routing/ControllerDispatcher.php(44): Illuminate\\Routing\\Controller->callAction()
#19 /var/www/gpdsgame/vendor/laravel/framework/src/Illuminate/Routing/Route.php(266): Illuminate\\Routing\\ControllerDispatcher->dispatch()
#20 /var/www/gpdsgame/vendor/laravel/framework/src/Illuminate/Routing/Route.php(212): Illuminate\\Routing\\Route->runController()
#21 /var/www/gpdsgame/vendor/laravel/framework/src/Illuminate/Routing/Router.php(808): Illuminate\\Routing\\Route->run()
#22 /var/www/gpdsgame/vendor/laravel/framework/src/Illuminate/Pipeline/Pipeline.php(170): Illuminate\\Routing\\Router->Illuminate\\Routing\\{closure}()
#23 /var/www/gpdsgame/vendor/laravel/framework/src/Illuminate/Routing/Middleware/SubstituteBindings.php(51): Illuminate\\Pipeline\\Pipeline->Illuminate\\Pipeline\\{closure}()
#24 /var/www/gpdsgame/vendor/laravel/framework/src/Illuminate/Pipeline/Pipeline.php(209): Illuminate\\Routing\\Middleware\\SubstituteBindings->handle()
#25 /var/www/gpdsgame/vendor/laravel/framework/src/Illuminate/Pipeline/Pipeline.php(127): Illuminate\\Pipeline\\Pipeline->Illuminate\\Pipeline\\{closure}()
#26 /var/www/gpdsgame/vendor/laravel/framework/src/Illuminate/Routing/Router.php(807): Illuminate\\Pipeline\\Pipeline->then()
#27 /var/www/gpdsgame/vendor/laravel/framework/src/Illuminate/Routing/Router.php(786): Illuminate\\Routing\\Router->runRouteWithinStack()
#28 /var/www/gpdsgame/vendor/laravel/framework/src/Illuminate/Routing/Router.php(750): Illuminate\\Routing\\Router->runRoute()
#29 /var/www/gpdsgame/vendor/laravel/framework/src/Illuminate/Routing/Router.php(739): Illuminate\\Routing\\Router->dispatchToRoute()
#30 /var/www/gpdsgame/vendor/laravel/framework/src/Illuminate/Foundation/Http/Kernel.php(201): Illuminate\\Routing\\Router->dispatch()
#31 /var/www/gpdsgame/vendor/laravel/framework/src/Illuminate/Pipeline/Pipeline.php(170): Illuminate\\Foundation\\Http\\Kernel->Illuminate\\Foundation\\Http\\{closure}()
#32 /var/www/gpdsgame/vendor/laravel/framework/src/Illuminate/Foundation/Http/Middleware/TransformsRequest.php(21): Illuminate\\Pipeline\\Pipeline->Illuminate\\Pipeline\\{closure}()
#33 /var/www/gpdsgame/vendor/laravel/framework/src/Illuminate/Foundation/Http/Middleware/ConvertEmptyStringsToNull.php(31): Illuminate\\Foundation\\Http\\Middleware\\TransformsRequest->handle()
#34 /var/www/gpdsgame/vendor/laravel/framework/src/Illuminate/Pipeline/Pipeline.php(209): Illuminate\\Foundation\\Http\\Middleware\\ConvertEmptyStringsToNull->handle()
#35 /var/www/gpdsgame/vendor/laravel/framework/src/Illuminate/Foundation/Http/Middleware/TransformsRequest.php(21): Illuminate\\Pipeline\\Pipeline->Illuminate\\Pipeline\\{closure}()
#36 /var/www/gpdsgame/vendor/laravel/framework/src/Illuminate/Foundation/Http/Middleware/TrimStrings.php(51): Illuminate\\Foundation\\Http\\Middleware\\TransformsRequest->handle()
#37 /var/www/gpdsgame/vendor/laravel/framework/src/Illuminate/Pipeline/Pipeline.php(209): Illuminate\\Foundation\\Http\\Middleware\\TrimStrings->handle()
#38 /var/www/gpdsgame/vendor/laravel/framework/src/Illuminate/Http/Middleware/ValidatePostSize.php(27): Illuminate\\Pipeline\\Pipeline->Illuminate\\Pipeline\\{closure}()
#39 /var/www/gpdsgame/vendor/laravel/framework/src/Illuminate/Pipeline/Pipeline.php(209): Illuminate\\Http\\Middleware\\ValidatePostSize->handle()
#40 /var/www/gpdsgame/vendor/laravel/framework/src/Illuminate/Foundation/Http/Middleware/PreventRequestsDuringMaintenance.php(110): Illuminate\\Pipeline\\Pipeline->Illuminate\\Pipeline\\{closure}()
#41 /var/www/gpdsgame/vendor/laravel/framework/src/Illuminate/Pipeline/Pipeline.php(209): Illuminate\\Foundation\\Http\\Middleware\\PreventRequestsDuringMaintenance->handle()
#42 /var/www/gpdsgame/vendor/laravel/framework/src/Illuminate/Http/Middleware/HandleCors.php(62): Illuminate\\Pipeline\\Pipeline->Illuminate\\Pipeline\\{closure}()
#43 /var/www/gpdsgame/vendor/laravel/framework/src/Illuminate/Pipeline/Pipeline.php(209): Illuminate\\Http\\Middleware\\HandleCors->handle()
#44 /var/www/gpdsgame/vendor/laravel/framework/src/Illuminate/Http/Middleware/TrustProxies.php(58): Illuminate\\Pipeline\\Pipeline->Illuminate\\Pipeline\\{closure}()
#45 /var/www/gpdsgame/vendor/laravel/framework/src/Illuminate/Pipeline/Pipeline.php(209): Illuminate\\Http\\Middleware\\TrustProxies->handle()
#46 /var/www/gpdsgame/vendor/laravel/framework/src/Illuminate/Foundation/Http/Middleware/InvokeDeferredCallbacks.php(22): Illuminate\\Pipeline\\Pipeline->Illuminate\\Pipeline\\{closure}()
#47 /var/www/gpdsgame/vendor/laravel/framework/src/Illuminate/Pipeline/Pipeline.php(209): Illuminate\\Foundation\\Http\\Middleware\\InvokeDeferredCallbacks->handle()
#48 /var/www/gpdsgame/app/Http/Middleware/CheckBanned.php(23): Illuminate\\Pipeline\\Pipeline->Illuminate\\Pipeline\\{closure}()
#49 /var/www/gpdsgame/vendor/laravel/framework/src/Illuminate/Pipeline/Pipeline.php(209): App\\Http\\Middleware\\CheckBanned->handle()
#50 /var/www/gpdsgame/app/Http/Middleware/CheckBannedIp.php(24): Illuminate\\Pipeline\\Pipeline->Illuminate\\Pipeline\\{closure}()
#51 /var/www/gpdsgame/vendor/laravel/framework/src/Illuminate/Pipeline/Pipeline.php(209): App\\Http\\Middleware\\CheckBannedIp->handle()
#52 /var/www/gpdsgame/vendor/laravel/framework/src/Illuminate/Pipeline/Pipeline.php(127): Illuminate\\Pipeline\\Pipeline->Illuminate\\Pipeline\\{closure}()
#53 /var/www/gpdsgame/vendor/laravel/framework/src/Illuminate/Foundation/Http/Kernel.php(176): Illuminate\\Pipeline\\Pipeline->then()
#54 /var/www/gpdsgame/vendor/laravel/framework/src/Illuminate/Foundation/Http/Kernel.php(145): Illuminate\\Foundation\\Http\\Kernel->sendRequestThroughRouter()
#55 /var/www/gpdsgame/public/index.php(57): Illuminate\\Foundation\\Http\\Kernel->handle()
#56 {main}
"} 
[2026-01-19 11:42:23] production.ERROR: SQLSTATE[42S22]: Column not found: 1054 Unknown column 'ecommerce_variant_options.product_id' in 'where clause' (Connection: mysql, SQL: select * from `ecommerce_variant_options` where `ecommerce_variant_options`.`product_id` = 1 and `ecommerce_variant_options`.`product_id` is not null) (View: /var/www/gpdsgame/resources/views/ecommerce/products/index.blade.php) {"userId":3364,"exception":"[object] (Illuminate\\View\\ViewException(code: 0): SQLSTATE[42S22]: Column not found: 1054 Unknown column 'ecommerce_variant_options.product_id' in 'where clause' (Connection: mysql, SQL: select * from `ecommerce_variant_options` where `ecommerce_variant_options`.`product_id` = 1 and `ecommerce_variant_options`.`product_id` is not null) (View: /var/www/gpdsgame/resources/views/ecommerce/products/index.blade.php) at /var/www/gpdsgame/vendor/laravel/framework/src/Illuminate/Database/Connection.php:825)
[stacktrace]
#0 /var/www/gpdsgame/vendor/laravel/framework/src/Illuminate/View/Engines/PhpEngine.php(60): Illuminate\\View\\Engines\\CompilerEngine->handleViewException()
#1 /var/www/gpdsgame/vendor/laravel/framework/src/Illuminate/View/Engines/CompilerEngine.php(75): Illuminate\\View\\Engines\\PhpEngine->evaluatePath()
#2 /var/www/gpdsgame/vendor/laravel/framework/src/Illuminate/View/View.php(209): Illuminate\\View\\Engines\\CompilerEngine->get()
#3 /var/www/gpdsgame/vendor/laravel/framework/src/Illuminate/View/View.php(192): Illuminate\\View\\View->getContents()
#4 /var/www/gpdsgame/vendor/laravel/framework/src/Illuminate/View/View.php(161): Illuminate\\View\\View->renderContents()
#5 /var/www/gpdsgame/vendor/laravel/framework/src/Illuminate/Http/Response.php(79): Illuminate\\View\\View->render()
#6 /var/www/gpdsgame/vendor/laravel/framework/src/Illuminate/Http/Response.php(35): Illuminate\\Http\\Response->setContent()
#7 /var/www/gpdsgame/vendor/laravel/framework/src/Illuminate/Routing/Router.php(920): Illuminate\\Http\\Response->__construct()
#8 /var/www/gpdsgame/vendor/laravel/framework/src/Illuminate/Routing/Router.php(887): Illuminate\\Routing\\Router::toResponse()
#9 /var/www/gpdsgame/vendor/laravel/framework/src/Illuminate/Routing/Router.php(807): Illuminate\\Routing\\Router->prepareResponse()
#10 /var/www/gpdsgame/vendor/laravel/framework/src/Illuminate/Pipeline/Pipeline.php(170): Illuminate\\Routing\\Router->Illuminate\\Routing\\{closure}()
#11 /var/www/gpdsgame/vendor/spatie/laravel-permission/src/Middleware/PermissionMiddleware.php(37): Illuminate\\Pipeline\\Pipeline->Illuminate\\Pipeline\\{closure}()
#12 /var/www/gpdsgame/vendor/laravel/framework/src/Illuminate/Pipeline/Pipeline.php(209): Spatie\\Permission\\Middleware\\PermissionMiddleware->handle()
#13 /var/www/gpdsgame/app/Http/Middleware/EnsureNotCustomer.php(32): Illuminate\\Pipeline\\Pipeline->Illuminate\\Pipeline\\{closure}()
#14 /var/www/gpdsgame/vendor/laravel/framework/src/Illuminate/Pipeline/Pipeline.php(209): App\\Http\\Middleware\\EnsureNotCustomer->handle()
#15 /var/www/gpdsgame/vendor/laravel/framework/src/Illuminate/Routing/Middleware/SubstituteBindings.php(51): Illuminate\\Pipeline\\Pipeline->Illuminate\\Pipeline\\{closure}()
#16 /var/www/gpdsgame/vendor/laravel/framework/src/Illuminate/Pipeline/Pipeline.php(209): Illuminate\\Routing\\Middleware\\SubstituteBindings->handle()
#17 /var/www/gpdsgame/vendor/laravel/framework/src/Illuminate/Auth/Middleware/Authenticate.php(64): Illuminate\\Pipeline\\Pipeline->Illuminate\\Pipeline\\{closure}()
#18 /var/www/gpdsgame/vendor/laravel/framework/src/Illuminate/Pipeline/Pipeline.php(209): Illuminate\\Auth\\Middleware\\Authenticate->handle()
#19 /var/www/gpdsgame/vendor/laravel/framework/src/Illuminate/Foundation/Http/Middleware/VerifyCsrfToken.php(88): Illuminate\\Pipeline\\Pipeline->Illuminate\\Pipeline\\{closure}()
#20 /var/www/gpdsgame/vendor/laravel/framework/src/Illuminate/Pipeline/Pipeline.php(209): Illuminate\\Foundation\\Http\\Middleware\\VerifyCsrfToken->handle()
#21 /var/www/gpdsgame/vendor/laravel/framework/src/Illuminate/View/Middleware/ShareErrorsFromSession.php(49): Illuminate\\Pipeline\\Pipeline->Illuminate\\Pipeline\\{closure}()
#22 /var/www/gpdsgame/vendor/laravel/framework/src/Illuminate/Pipeline/Pipeline.php(209): Illuminate\\View\\Middleware\\ShareErrorsFromSession->handle()
#23 /var/www/gpdsgame/vendor/laravel/framework/src/Illuminate/Session/Middleware/StartSession.php(121): Illuminate\\Pipeline\\Pipeline->Illuminate\\Pipeline\\{closure}()
#24 /var/www/gpdsgame/vendor/laravel/framework/src/Illuminate/Session/Middleware/StartSession.php(64): Illuminate\\Session\\Middleware\\StartSession->handleStatefulRequest()
#25 /var/www/gpdsgame/vendor/laravel/framework/src/Illuminate/Pipeline/Pipeline.php(209): Illuminate\\Session\\Middleware\\StartSession->handle()
#26 /var/www/gpdsgame/vendor/laravel/framework/src/Illuminate/Cookie/Middleware/AddQueuedCookiesToResponse.php(37): Illuminate\\Pipeline\\Pipeline->Illuminate\\Pipeline\\{closure}()
#27 /var/www/gpdsgame/vendor/laravel/framework/src/Illuminate/Pipeline/Pipeline.php(209): Illuminate\\Cookie\\Middleware\\AddQueuedCookiesToResponse->handle()
#28 /var/www/gpdsgame/vendor/laravel/framework/src/Illuminate/Cookie/Middleware/EncryptCookies.php(75): Illuminate\\Pipeline\\Pipeline->Illuminate\\Pipeline\\{closure}()
#29 /var/www/gpdsgame/vendor/laravel/framework/src/Illuminate/Pipeline/Pipeline.php(209): Illuminate\\Cookie\\Middleware\\EncryptCookies->handle()
#30 /var/www/gpdsgame/vendor/laravel/framework/src/Illuminate/Pipeline/Pipeline.php(127): Illuminate\\Pipeline\\Pipeline->Illuminate\\Pipeline\\{closure}()
#31 /var/www/gpdsgame/vendor/laravel/framework/src/Illuminate/Routing/Router.php(807): Illuminate\\Pipeline\\Pipeline->then()
#32 /var/www/gpdsgame/vendor/laravel/framework/src/Illuminate/Routing/Router.php(786): Illuminate\\Routing\\Router->runRouteWithinStack()
#33 /var/www/gpdsgame/vendor/laravel/framework/src/Illuminate/Routing/Router.php(750): Illuminate\\Routing\\Router->runRoute()
#34 /var/www/gpdsgame/vendor/laravel/framework/src/Illuminate/Routing/Router.php(739): Illuminate\\Routing\\Router->dispatchToRoute()
#35 /var/www/gpdsgame/vendor/laravel/framework/src/Illuminate/Foundation/Http/Kernel.php(201): Illuminate\\Routing\\Router->dispatch()
#36 /var/www/gpdsgame/vendor/laravel/framework/src/Illuminate/Pipeline/Pipeline.php(170): Illuminate\\Foundation\\Http\\Kernel->Illuminate\\Foundation\\Http\\{closure}()
#37 /var/www/gpdsgame/vendor/laravel/framework/src/Illuminate/Foundation/Http/Middleware/TransformsRequest.php(21): Illuminate\\Pipeline\\Pipeline->Illuminate\\Pipeline\\{closure}()
#38 /var/www/gpdsgame/vendor/laravel/framework/src/Illuminate/Foundation/Http/Middleware/ConvertEmptyStringsToNull.php(31): Illuminate\\Foundation\\Http\\Middleware\\TransformsRequest->handle()
#39 /var/www/gpdsgame/vendor/laravel/framework/src/Illuminate/Pipeline/Pipeline.php(209): Illuminate\\Foundation\\Http\\Middleware\\ConvertEmptyStringsToNull->handle()
#40 /var/www/gpdsgame/vendor/laravel/framework/src/Illuminate/Foundation/Http/Middleware/TransformsRequest.php(21): Illuminate\\Pipeline\\Pipeline->Illuminate\\Pipeline\\{closure}()
#41 /var/www/gpdsgame/vendor/laravel/framework/src/Illuminate/Foundation/Http/Middleware/TrimStrings.php(51): Illuminate\\Foundation\\Http\\Middleware\\TransformsRequest->handle()
#42 /var/www/gpdsgame/vendor/laravel/framework/src/Illuminate/Pipeline/Pipeline.php(209): Illuminate\\Foundation\\Http\\Middleware\\TrimStrings->handle()
#43 /var/www/gpdsgame/vendor/laravel/framework/src/Illuminate/Http/Middleware/ValidatePostSize.php(27): Illuminate\\Pipeline\\Pipeline->Illuminate\\Pipeline\\{closure}()
#44 /var/www/gpdsgame/vendor/laravel/framework/src/Illuminate/Pipeline/Pipeline.php(209): Illuminate\\Http\\Middleware\\ValidatePostSize->handle()
#45 /var/www/gpdsgame/vendor/laravel/framework/src/Illuminate/Foundation/Http/Middleware/PreventRequestsDuringMaintenance.php(110): Illuminate\\Pipeline\\Pipeline->Illuminate\\Pipeline\\{closure}()
#46 /var/www/gpdsgame/vendor/laravel/framework/src/Illuminate/Pipeline/Pipeline.php(209): Illuminate\\Foundation\\Http\\Middleware\\PreventRequestsDuringMaintenance->handle()
#47 /var/www/gpdsgame/vendor/laravel/framework/src/Illuminate/Http/Middleware/HandleCors.php(49): Illuminate\\Pipeline\\Pipeline->Illuminate\\Pipeline\\{closure}()
#48 /var/www/gpdsgame/vendor/laravel/framework/src/Illuminate/Pipeline/Pipeline.php(209): Illuminate\\Http\\Middleware\\HandleCors->handle()
#49 /var/www/gpdsgame/vendor/laravel/framework/src/Illuminate/Http/Middleware/TrustProxies.php(58): Illuminate\\Pipeline\\Pipeline->Illuminate\\Pipeline\\{closure}()
#50 /var/www/gpdsgame/vendor/laravel/framework/src/Illuminate/Pipeline/Pipeline.php(209): Illuminate\\Http\\Middleware\\TrustProxies->handle()
#51 /var/www/gpdsgame/vendor/laravel/framework/src/Illuminate/Foundation/Http/Middleware/InvokeDeferredCallbacks.php(22): Illuminate\\Pipeline\\Pipeline->Illuminate\\Pipeline\\{closure}()
#52 /var/www/gpdsgame/vendor/laravel/framework/src/Illuminate/Pipeline/Pipeline.php(209): Illuminate\\Foundation\\Http\\Middleware\\InvokeDeferredCallbacks->handle()
#53 /var/www/gpdsgame/app/Http/Middleware/CheckBanned.php(23): Illuminate\\Pipeline\\Pipeline->Illuminate\\Pipeline\\{closure}()
#54 /var/www/gpdsgame/vendor/laravel/framework/src/Illuminate/Pipeline/Pipeline.php(209): App\\Http\\Middleware\\CheckBanned->handle()
#55 /var/www/gpdsgame/app/Http/Middleware/CheckBannedIp.php(24): Illuminate\\Pipeline\\Pipeline->Illuminate\\Pipeline\\{closure}()
#56 /var/www/gpdsgame/vendor/laravel/framework/src/Illuminate/Pipeline/Pipeline.php(209): App\\Http\\Middleware\\CheckBannedIp->handle()
#57 /var/www/gpdsgame/vendor/laravel/framework/src/Illuminate/Pipeline/Pipeline.php(127): Illuminate\\Pipeline\\Pipeline->Illuminate\\Pipeline\\{closure}()
#58 /var/www/gpdsgame/vendor/laravel/framework/src/Illuminate/Foundation/Http/Kernel.php(176): Illuminate\\Pipeline\\Pipeline->then()
#59 /var/www/gpdsgame/vendor/laravel/framework/src/Illuminate/Foundation/Http/Kernel.php(145): Illuminate\\Foundation\\Http\\Kernel->sendRequestThroughRouter()
#60 /var/www/gpdsgame/public/index.php(57): Illuminate\\Foundation\\Http\\Kernel->handle()
#61 {main}

[previous exception] [object] (Illuminate\\Database\\QueryException(code: 42S22): SQLSTATE[42S22]: Column not found: 1054 Unknown column 'ecommerce_variant_options.product_id' in 'where clause' (Connection: mysql, SQL: select * from `ecommerce_variant_options` where `ecommerce_variant_options`.`product_id` = 1 and `ecommerce_variant_options`.`product_id` is not null) at /var/www/gpdsgame/vendor/laravel/framework/src/Illuminate/Database/Connection.php:825)
[stacktrace]
#0 /var/www/gpdsgame/vendor/laravel/framework/src/Illuminate/Database/Connection.php(779): Illuminate\\Database\\Connection->runQueryCallback()
#1 /var/www/gpdsgame/vendor/laravel/framework/src/Illuminate/Database/Connection.php(398): Illuminate\\Database\\Connection->run()
#2 /var/www/gpdsgame/vendor/laravel/framework/src/Illuminate/Database/Query/Builder.php(3106): Illuminate\\Database\\Connection->select()
#3 /var/www/gpdsgame/vendor/laravel/framework/src/Illuminate/Database/Query/Builder.php(3091): Illuminate\\Database\\Query\\Builder->runSelect()
#4 /var/www/gpdsgame/vendor/laravel/framework/src/Illuminate/Database/Query/Builder.php(3676): Illuminate\\Database\\Query\\Builder->Illuminate\\Database\\Query\\{closure}()
#5 /var/www/gpdsgame/vendor/laravel/framework/src/Illuminate/Database/Query/Builder.php(3090): Illuminate\\Database\\Query\\Builder->onceWithColumns()
#6 /var/www/gpdsgame/vendor/laravel/framework/src/Illuminate/Database/Eloquent/Builder.php(811): Illuminate\\Database\\Query\\Builder->get()
#7 /var/www/gpdsgame/vendor/laravel/framework/src/Illuminate/Database/Eloquent/Builder.php(793): Illuminate\\Database\\Eloquent\\Builder->getModels()
#8 /var/www/gpdsgame/vendor/laravel/framework/src/Illuminate/Database/Eloquent/Relations/HasMany.php(41): Illuminate\\Database\\Eloquent\\Builder->get()
#9 /var/www/gpdsgame/vendor/laravel/framework/src/Illuminate/Database/Eloquent/Concerns/HasAttributes.php(622): Illuminate\\Database\\Eloquent\\Relations\\HasMany->getResults()
#10 /var/www/gpdsgame/vendor/laravel/framework/src/Illuminate/Database/Eloquent/Concerns/HasAttributes.php(560): Illuminate\\Database\\Eloquent\\Model->getRelationshipFromMethod()
#11 /var/www/gpdsgame/vendor/laravel/framework/src/Illuminate/Database/Eloquent/Concerns/HasAttributes.php(485): Illuminate\\Database\\Eloquent\\Model->getRelationValue()
#12 /var/www/gpdsgame/vendor/laravel/framework/src/Illuminate/Database/Eloquent/Model.php(2260): Illuminate\\Database\\Eloquent\\Model->getAttribute()
#13 /var/www/gpdsgame/storage/framework/views/b6f51383a1265b584fae659c17fa80b3.php(87): Illuminate\\Database\\Eloquent\\Model->__get()
#14 /var/www/gpdsgame/vendor/laravel/framework/src/Illuminate/Filesystem/Filesystem.php(123): require('...')
#15 /var/www/gpdsgame/vendor/laravel/framework/src/Illuminate/Filesystem/Filesystem.php(124): Illuminate\\Filesystem\\Filesystem::Illuminate\\Filesystem\\{closure}()
#16 /var/www/gpdsgame/vendor/laravel/framework/src/Illuminate/View/Engines/PhpEngine.php(58): Illuminate\\Filesystem\\Filesystem->getRequire()
#17 /var/www/gpdsgame/vendor/laravel/framework/src/Illuminate/View/Engines/CompilerEngine.php(75): Illuminate\\View\\Engines\\PhpEngine->evaluatePath()
#18 /var/www/gpdsgame/vendor/laravel/framework/src/Illuminate/View/View.php(209): Illuminate\\View\\Engines\\CompilerEngine->get()
#19 /var/www/gpdsgame/vendor/laravel/framework/src/Illuminate/View/View.php(192): Illuminate\\View\\View->getContents()
#20 /var/www/gpdsgame/vendor/laravel/framework/src/Illuminate/View/View.php(161): Illuminate\\View\\View->renderContents()
#21 /var/www/gpdsgame/vendor/laravel/framework/src/Illuminate/Http/Response.php(79): Illuminate\\View\\View->render()
#22 /var/www/gpdsgame/vendor/laravel/framework/src/Illuminate/Http/Response.php(35): Illuminate\\Http\\Response->setContent()
#23 /var/www/gpdsgame/vendor/laravel/framework/src/Illuminate/Routing/Router.php(920): Illuminate\\Http\\Response->__construct()
#24 /var/www/gpdsgame/vendor/laravel/framework/src/Illuminate/Routing/Router.php(887): Illuminate\\Routing\\Router::toResponse()
#25 /var/www/gpdsgame/vendor/laravel/framework/src/Illuminate/Routing/Router.php(807): Illuminate\\Routing\\Router->prepareResponse()
#26 /var/www/gpdsgame/vendor/laravel/framework/src/Illuminate/Pipeline/Pipeline.php(170): Illuminate\\Routing\\Router->Illuminate\\Routing\\{closure}()
#27 /var/www/gpdsgame/vendor/spatie/laravel-permission/src/Middleware/PermissionMiddleware.php(37): Illuminate\\Pipeline\\Pipeline->Illuminate\\Pipeline\\{closure}()
#28 /var/www/gpdsgame/vendor/laravel/framework/src/Illuminate/Pipeline/Pipeline.php(209): Spatie\\Permission\\Middleware\\PermissionMiddleware->handle()
#29 /var/www/gpdsgame/app/Http/Middleware/EnsureNotCustomer.php(32): Illuminate\\Pipeline\\Pipeline->Illuminate\\Pipeline\\{closure}()
#30 /var/www/gpdsgame/vendor/laravel/framework/src/Illuminate/Pipeline/Pipeline.php(209): App\\Http\\Middleware\\EnsureNotCustomer->handle()
#31 /var/www/gpdsgame/vendor/laravel/framework/src/Illuminate/Routing/Middleware/SubstituteBindings.php(51): Illuminate\\Pipeline\\Pipeline->Illuminate\\Pipeline\\{closure}()
#32 /var/www/gpdsgame/vendor/laravel/framework/src/Illuminate/Pipeline/Pipeline.php(209): Illuminate\\Routing\\Middleware\\SubstituteBindings->handle()
#33 /var/www/gpdsgame/vendor/laravel/framework/src/Illuminate/Auth/Middleware/Authenticate.php(64): Illuminate\\Pipeline\\Pipeline->Illuminate\\Pipeline\\{closure}()
#34 /var/www/gpdsgame/vendor/laravel/framework/src/Illuminate/Pipeline/Pipeline.php(209): Illuminate\\Auth\\Middleware\\Authenticate->handle()
#35 /var/www/gpdsgame/vendor/laravel/framework/src/Illuminate/Foundation/Http/Middleware/VerifyCsrfToken.php(88): Illuminate\\Pipeline\\Pipeline->Illuminate\\Pipeline\\{closure}()
#36 /var/www/gpdsgame/vendor/laravel/framework/src/Illuminate/Pipeline/Pipeline.php(209): Illuminate\\Foundation\\Http\\Middleware\\VerifyCsrfToken->handle()
#37 /var/www/gpdsgame/vendor/laravel/framework/src/Illuminate/View/Middleware/ShareErrorsFromSession.php(49): Illuminate\\Pipeline\\Pipeline->Illuminate\\Pipeline\\{closure}()
#38 /var/www/gpdsgame/vendor/laravel/framework/src/Illuminate/Pipeline/Pipeline.php(209): Illuminate\\View\\Middleware\\ShareErrorsFromSession->handle()
#39 /var/www/gpdsgame/vendor/laravel/framework/src/Illuminate/Session/Middleware/StartSession.php(121): Illuminate\\Pipeline\\Pipeline->Illuminate\\Pipeline\\{closure}()
#40 /var/www/gpdsgame/vendor/laravel/framework/src/Illuminate/Session/Middleware/StartSession.php(64): Illuminate\\Session\\Middleware\\StartSession->handleStatefulRequest()
#41 /var/www/gpdsgame/vendor/laravel/framework/src/Illuminate/Pipeline/Pipeline.php(209): Illuminate\\Session\\Middleware\\StartSession->handle()
#42 /var/www/gpdsgame/vendor/laravel/framework/src/Illuminate/Cookie/Middleware/AddQueuedCookiesToResponse.php(37): Illuminate\\Pipeline\\Pipeline->Illuminate\\Pipeline\\{closure}()
#43 /var/www/gpdsgame/vendor/laravel/framework/src/Illuminate/Pipeline/Pipeline.php(209): Illuminate\\Cookie\\Middleware\\AddQueuedCookiesToResponse->handle()
#44 /var/www/gpdsgame/vendor/laravel/framework/src/Illuminate/Cookie/Middleware/EncryptCookies.php(75): Illuminate\\Pipeline\\Pipeline->Illuminate\\Pipeline\\{closure}()
#45 /var/www/gpdsgame/vendor/laravel/framework/src/Illuminate/Pipeline/Pipeline.php(209): Illuminate\\Cookie\\Middleware\\EncryptCookies->handle()
#46 /var/www/gpdsgame/vendor/laravel/framework/src/Illuminate/Pipeline/Pipeline.php(127): Illuminate\\Pipeline\\Pipeline->Illuminate\\Pipeline\\{closure}()
#47 /var/www/gpdsgame/vendor/laravel/framework/src/Illuminate/Routing/Router.php(807): Illuminate\\Pipeline\\Pipeline->then()
#48 /var/www/gpdsgame/vendor/laravel/framework/src/Illuminate/Routing/Router.php(786): Illuminate\\Routing\\Router->runRouteWithinStack()
#49 /var/www/gpdsgame/vendor/laravel/framework/src/Illuminate/Routing/Router.php(750): Illuminate\\Routing\\Router->runRoute()
#50 /var/www/gpdsgame/vendor/laravel/framework/src/Illuminate/Routing/Router.php(739): Illuminate\\Routing\\Router->dispatchToRoute()
#51 /var/www/gpdsgame/vendor/laravel/framework/src/Illuminate/Foundation/Http/Kernel.php(201): Illuminate\\Routing\\Router->dispatch()
#52 /var/www/gpdsgame/vendor/laravel/framework/src/Illuminate/Pipeline/Pipeline.php(170): Illuminate\\Foundation\\Http\\Kernel->Illuminate\\Foundation\\Http\\{closure}()
#53 /var/www/gpdsgame/vendor/laravel/framework/src/Illuminate/Foundation/Http/Middleware/TransformsRequest.php(21): Illuminate\\Pipeline\\Pipeline->Illuminate\\Pipeline\\{closure}()
#54 /var/www/gpdsgame/vendor/laravel/framework/src/Illuminate/Foundation/Http/Middleware/ConvertEmptyStringsToNull.php(31): Illuminate\\Foundation\\Http\\Middleware\\TransformsRequest->handle()
#55 /var/www/gpdsgame/vendor/laravel/framework/src/Illuminate/Pipeline/Pipeline.php(209): Illuminate\\Foundation\\Http\\Middleware\\ConvertEmptyStringsToNull->handle()
#56 /var/www/gpdsgame/vendor/laravel/framework/src/Illuminate/Foundation/Http/Middleware/TransformsRequest.php(21): Illuminate\\Pipeline\\Pipeline->Illuminate\\Pipeline\\{closure}()
#57 /var/www/gpdsgame/vendor/laravel/framework/src/Illuminate/Foundation/Http/Middleware/TrimStrings.php(51): Illuminate\\Foundation\\Http\\Middleware\\TransformsRequest->handle()
#58 /var/www/gpdsgame/vendor/laravel/framework/src/Illuminate/Pipeline/Pipeline.php(209): Illuminate\\Foundation\\Http\\Middleware\\TrimStrings->handle()
#59 /var/www/gpdsgame/vendor/laravel/framework/src/Illuminate/Http/Middleware/ValidatePostSize.php(27): Illuminate\\Pipeline\\Pipeline->Illuminate\\Pipeline\\{closure}()
#60 /var/www/gpdsgame/vendor/laravel/framework/src/Illuminate/Pipeline/Pipeline.php(209): Illuminate\\Http\\Middleware\\ValidatePostSize->handle()
#61 /var/www/gpdsgame/vendor/laravel/framework/src/Illuminate/Foundation/Http/Middleware/PreventRequestsDuringMaintenance.php(110): Illuminate\\Pipeline\\Pipeline->Illuminate\\Pipeline\\{closure}()
#62 /var/www/gpdsgame/vendor/laravel/framework/src/Illuminate/Pipeline/Pipeline.php(209): Illuminate\\Foundation\\Http\\Middleware\\PreventRequestsDuringMaintenance->handle()
#63 /var/www/gpdsgame/vendor/laravel/framework/src/Illuminate/Http/Middleware/HandleCors.php(49): Illuminate\\Pipeline\\Pipeline->Illuminate\\Pipeline\\{closure}()
#64 /var/www/gpdsgame/vendor/laravel/framework/src/Illuminate/Pipeline/Pipeline.php(209): Illuminate\\Http\\Middleware\\HandleCors->handle()
#65 /var/www/gpdsgame/vendor/laravel/framework/src/Illuminate/Http/Middleware/TrustProxies.php(58): Illuminate\\Pipeline\\Pipeline->Illuminate\\Pipeline\\{closure}()
#66 /var/www/gpdsgame/vendor/laravel/framework/src/Illuminate/Pipeline/Pipeline.php(209): Illuminate\\Http\\Middleware\\TrustProxies->handle()
#67 /var/www/gpdsgame/vendor/laravel/framework/src/Illuminate/Foundation/Http/Middleware/InvokeDeferredCallbacks.php(22): Illuminate\\Pipeline\\Pipeline->Illuminate\\Pipeline\\{closure}()
#68 /var/www/gpdsgame/vendor/laravel/framework/src/Illuminate/Pipeline/Pipeline.php(209): Illuminate\\Foundation\\Http\\Middleware\\InvokeDeferredCallbacks->handle()
#69 /var/www/gpdsgame/app/Http/Middleware/CheckBanned.php(23): Illuminate\\Pipeline\\Pipeline->Illuminate\\Pipeline\\{closure}()
#70 /var/www/gpdsgame/vendor/laravel/framework/src/Illuminate/Pipeline/Pipeline.php(209): App\\Http\\Middleware\\CheckBanned->handle()
#71 /var/www/gpdsgame/app/Http/Middleware/CheckBannedIp.php(24): Illuminate\\Pipeline\\Pipeline->Illuminate\\Pipeline\\{closure}()
#72 /var/www/gpdsgame/vendor/laravel/framework/src/Illuminate/Pipeline/Pipeline.php(209): App\\Http\\Middleware\\CheckBannedIp->handle()
#73 /var/www/gpdsgame/vendor/laravel/framework/src/Illuminate/Pipeline/Pipeline.php(127): Illuminate\\Pipeline\\Pipeline->Illuminate\\Pipeline\\{closure}()
#74 /var/www/gpdsgame/vendor/laravel/framework/src/Illuminate/Foundation/Http/Kernel.php(176): Illuminate\\Pipeline\\Pipeline->then()
#75 /var/www/gpdsgame/vendor/laravel/framework/src/Illuminate/Foundation/Http/Kernel.php(145): Illuminate\\Foundation\\Http\\Kernel->sendRequestThroughRouter()
#76 /var/www/gpdsgame/public/index.php(57): Illuminate\\Foundation\\Http\\Kernel->handle()
#77 {main}

[previous exception] [object] (PDOException(code: 42S22): SQLSTATE[42S22]: Column not found: 1054 Unknown column 'ecommerce_variant_options.product_id' in 'where clause' at /var/www/gpdsgame/vendor/laravel/framework/src/Illuminate/Database/Connection.php:407)
[stacktrace]
#0 /var/www/gpdsgame/vendor/laravel/framework/src/Illuminate/Database/Connection.php(407): PDO->prepare()
#1 /var/www/gpdsgame/vendor/laravel/framework/src/Illuminate/Database/Connection.php(812): Illuminate\\Database\\Connection->Illuminate\\Database\\{closure}()
#2 /var/www/gpdsgame/vendor/laravel/framework/src/Illuminate/Database/Connection.php(779): Illuminate\\Database\\Connection->runQueryCallback()
#3 /var/www/gpdsgame/vendor/laravel/framework/src/Illuminate/Database/Connection.php(398): Illuminate\\Database\\Connection->run()
#4 /var/www/gpdsgame/vendor/laravel/framework/src/Illuminate/Database/Query/Builder.php(3106): Illuminate\\Database\\Connection->select()
#5 /var/www/gpdsgame/vendor/laravel/framework/src/Illuminate/Database/Query/Builder.php(3091): Illuminate\\Database\\Query\\Builder->runSelect()
#6 /var/www/gpdsgame/vendor/laravel/framework/src/Illuminate/Database/Query/Builder.php(3676): Illuminate\\Database\\Query\\Builder->Illuminate\\Database\\Query\\{closure}()
#7 /var/www/gpdsgame/vendor/laravel/framework/src/Illuminate/Database/Query/Builder.php(3090): Illuminate\\Database\\Query\\Builder->onceWithColumns()
#8 /var/www/gpdsgame/vendor/laravel/framework/src/Illuminate/Database/Eloquent/Builder.php(811): Illuminate\\Database\\Query\\Builder->get()
#9 /var/www/gpdsgame/vendor/laravel/framework/src/Illuminate/Database/Eloquent/Builder.php(793): Illuminate\\Database\\Eloquent\\Builder->getModels()
#10 /var/www/gpdsgame/vendor/laravel/framework/src/Illuminate/Database/Eloquent/Relations/HasMany.php(41): Illuminate\\Database\\Eloquent\\Builder->get()
#11 /var/www/gpdsgame/vendor/laravel/framework/src/Illuminate/Database/Eloquent/Concerns/HasAttributes.php(622): Illuminate\\Database\\Eloquent\\Relations\\HasMany->getResults()
#12 /var/www/gpdsgame/vendor/laravel/framework/src/Illuminate/Database/Eloquent/Concerns/HasAttributes.php(560): Illuminate\\Database\\Eloquent\\Model->getRelationshipFromMethod()
#13 /var/www/gpdsgame/vendor/laravel/framework/src/Illuminate/Database/Eloquent/Concerns/HasAttributes.php(485): Illuminate\\Database\\Eloquent\\Model->getRelationValue()
#14 /var/www/gpdsgame/vendor/laravel/framework/src/Illuminate/Database/Eloquent/Model.php(2260): Illuminate\\Database\\Eloquent\\Model->getAttribute()
#15 /var/www/gpdsgame/storage/framework/views/b6f51383a1265b584fae659c17fa80b3.php(87): Illuminate\\Database\\Eloquent\\Model->__get()
#16 /var/www/gpdsgame/vendor/laravel/framework/src/Illuminate/Filesystem/Filesystem.php(123): require('...')
#17 /var/www/gpdsgame/vendor/laravel/framework/src/Illuminate/Filesystem/Filesystem.php(124): Illuminate\\Filesystem\\Filesystem::Illuminate\\Filesystem\\{closure}()
#18 /var/www/gpdsgame/vendor/laravel/framework/src/Illuminate/View/Engines/PhpEngine.php(58): Illuminate\\Filesystem\\Filesystem->getRequire()
#19 /var/www/gpdsgame/vendor/laravel/framework/src/Illuminate/View/Engines/CompilerEngine.php(75): Illuminate\\View\\Engines\\PhpEngine->evaluatePath()
#20 /var/www/gpdsgame/vendor/laravel/framework/src/Illuminate/View/View.php(209): Illuminate\\View\\Engines\\CompilerEngine->get()
#21 /var/www/gpdsgame/vendor/laravel/framework/src/Illuminate/View/View.php(192): Illuminate\\View\\View->getContents()
#22 /var/www/gpdsgame/vendor/laravel/framework/src/Illuminate/View/View.php(161): Illuminate\\View\\View->renderContents()
#23 /var/www/gpdsgame/vendor/laravel/framework/src/Illuminate/Http/Response.php(79): Illuminate\\View\\View->render()
#24 /var/www/gpdsgame/vendor/laravel/framework/src/Illuminate/Http/Response.php(35): Illuminate\\Http\\Response->setContent()
#25 /var/www/gpdsgame/vendor/laravel/framework/src/Illuminate/Routing/Router.php(920): Illuminate\\Http\\Response->__construct()
#26 /var/www/gpdsgame/vendor/laravel/framework/src/Illuminate/Routing/Router.php(887): Illuminate\\Routing\\Router::toResponse()
#27 /var/www/gpdsgame/vendor/laravel/framework/src/Illuminate/Routing/Router.php(807): Illuminate\\Routing\\Router->prepareResponse()
#28 /var/www/gpdsgame/vendor/laravel/framework/src/Illuminate/Pipeline/Pipeline.php(170): Illuminate\\Routing\\Router->Illuminate\\Routing\\{closure}()
#29 /var/www/gpdsgame/vendor/spatie/laravel-permission/src/Middleware/PermissionMiddleware.php(37): Illuminate\\Pipeline\\Pipeline->Illuminate\\Pipeline\\{closure}()
#30 /var/www/gpdsgame/vendor/laravel/framework/src/Illuminate/Pipeline/Pipeline.php(209): Spatie\\Permission\\Middleware\\PermissionMiddleware->handle()
#31 /var/www/gpdsgame/app/Http/Middleware/EnsureNotCustomer.php(32): Illuminate\\Pipeline\\Pipeline->Illuminate\\Pipeline\\{closure}()
#32 /var/www/gpdsgame/vendor/laravel/framework/src/Illuminate/Pipeline/Pipeline.php(209): App\\Http\\Middleware\\EnsureNotCustomer->handle()
#33 /var/www/gpdsgame/vendor/laravel/framework/src/Illuminate/Routing/Middleware/SubstituteBindings.php(51): Illuminate\\Pipeline\\Pipeline->Illuminate\\Pipeline\\{closure}()
#34 /var/www/gpdsgame/vendor/laravel/framework/src/Illuminate/Pipeline/Pipeline.php(209): Illuminate\\Routing\\Middleware\\SubstituteBindings->handle()
#35 /var/www/gpdsgame/vendor/laravel/framework/src/Illuminate/Auth/Middleware/Authenticate.php(64): Illuminate\\Pipeline\\Pipeline->Illuminate\\Pipeline\\{closure}()
#36 /var/www/gpdsgame/vendor/laravel/framework/src/Illuminate/Pipeline/Pipeline.php(209): Illuminate\\Auth\\Middleware\\Authenticate->handle()
#37 /var/www/gpdsgame/vendor/laravel/framework/src/Illuminate/Foundation/Http/Middleware/VerifyCsrfToken.php(88): Illuminate\\Pipeline\\Pipeline->Illuminate\\Pipeline\\{closure}()
#38 /var/www/gpdsgame/vendor/laravel/framework/src/Illuminate/Pipeline/Pipeline.php(209): Illuminate\\Foundation\\Http\\Middleware\\VerifyCsrfToken->handle()
#39 /var/www/gpdsgame/vendor/laravel/framework/src/Illuminate/View/Middleware/ShareErrorsFromSession.php(49): Illuminate\\Pipeline\\Pipeline->Illuminate\\Pipeline\\{closure}()
#40 /var/www/gpdsgame/vendor/laravel/framework/src/Illuminate/Pipeline/Pipeline.php(209): Illuminate\\View\\Middleware\\ShareErrorsFromSession->handle()
#41 /var/www/gpdsgame/vendor/laravel/framework/src/Illuminate/Session/Middleware/StartSession.php(121): Illuminate\\Pipeline\\Pipeline->Illuminate\\Pipeline\\{closure}()
#42 /var/www/gpdsgame/vendor/laravel/framework/src/Illuminate/Session/Middleware/StartSession.php(64): Illuminate\\Session\\Middleware\\StartSession->handleStatefulRequest()
#43 /var/www/gpdsgame/vendor/laravel/framework/src/Illuminate/Pipeline/Pipeline.php(209): Illuminate\\Session\\Middleware\\StartSession->handle()
#44 /var/www/gpdsgame/vendor/laravel/framework/src/Illuminate/Cookie/Middleware/AddQueuedCookiesToResponse.php(37): Illuminate\\Pipeline\\Pipeline->Illuminate\\Pipeline\\{closure}()
#45 /var/www/gpdsgame/vendor/laravel/framework/src/Illuminate/Pipeline/Pipeline.php(209): Illuminate\\Cookie\\Middleware\\AddQueuedCookiesToResponse->handle()
#46 /var/www/gpdsgame/vendor/laravel/framework/src/Illuminate/Cookie/Middleware/EncryptCookies.php(75): Illuminate\\Pipeline\\Pipeline->Illuminate\\Pipeline\\{closure}()
#47 /var/www/gpdsgame/vendor/laravel/framework/src/Illuminate/Pipeline/Pipeline.php(209): Illuminate\\Cookie\\Middleware\\EncryptCookies->handle()
#48 /var/www/gpdsgame/vendor/laravel/framework/src/Illuminate/Pipeline/Pipeline.php(127): Illuminate\\Pipeline\\Pipeline->Illuminate\\Pipeline\\{closure}()
#49 /var/www/gpdsgame/vendor/laravel/framework/src/Illuminate/Routing/Router.php(807): Illuminate\\Pipeline\\Pipeline->then()
#50 /var/www/gpdsgame/vendor/laravel/framework/src/Illuminate/Routing/Router.php(786): Illuminate\\Routing\\Router->runRouteWithinStack()
#51 /var/www/gpdsgame/vendor/laravel/framework/src/Illuminate/Routing/Router.php(750): Illuminate\\Routing\\Router->runRoute()
#52 /var/www/gpdsgame/vendor/laravel/framework/src/Illuminate/Routing/Router.php(739): Illuminate\\Routing\\Router->dispatchToRoute()
#53 /var/www/gpdsgame/vendor/laravel/framework/src/Illuminate/Foundation/Http/Kernel.php(201): Illuminate\\Routing\\Router->dispatch()
#54 /var/www/gpdsgame/vendor/laravel/framework/src/Illuminate/Pipeline/Pipeline.php(170): Illuminate\\Foundation\\Http\\Kernel->Illuminate\\Foundation\\Http\\{closure}()
#55 /var/www/gpdsgame/vendor/laravel/framework/src/Illuminate/Foundation/Http/Middleware/TransformsRequest.php(21): Illuminate\\Pipeline\\Pipeline->Illuminate\\Pipeline\\{closure}()
#56 /var/www/gpdsgame/vendor/laravel/framework/src/Illuminate/Foundation/Http/Middleware/ConvertEmptyStringsToNull.php(31): Illuminate\\Foundation\\Http\\Middleware\\TransformsRequest->handle()
#57 /var/www/gpdsgame/vendor/laravel/framework/src/Illuminate/Pipeline/Pipeline.php(209): Illuminate\\Foundation\\Http\\Middleware\\ConvertEmptyStringsToNull->handle()
#58 /var/www/gpdsgame/vendor/laravel/framework/src/Illuminate/Foundation/Http/Middleware/TransformsRequest.php(21): Illuminate\\Pipeline\\Pipeline->Illuminate\\Pipeline\\{closure}()
#59 /var/www/gpdsgame/vendor/laravel/framework/src/Illuminate/Foundation/Http/Middleware/TrimStrings.php(51): Illuminate\\Foundation\\Http\\Middleware\\TransformsRequest->handle()
#60 /var/www/gpdsgame/vendor/laravel/framework/src/Illuminate/Pipeline/Pipeline.php(209): Illuminate\\Foundation\\Http\\Middleware\\TrimStrings->handle()
#61 /var/www/gpdsgame/vendor/laravel/framework/src/Illuminate/Http/Middleware/ValidatePostSize.php(27): Illuminate\\Pipeline\\Pipeline->Illuminate\\Pipeline\\{closure}()
#62 /var/www/gpdsgame/vendor/laravel/framework/src/Illuminate/Pipeline/Pipeline.php(209): Illuminate\\Http\\Middleware\\ValidatePostSize->handle()
#63 /var/www/gpdsgame/vendor/laravel/framework/src/Illuminate/Foundation/Http/Middleware/PreventRequestsDuringMaintenance.php(110): Illuminate\\Pipeline\\Pipeline->Illuminate\\Pipeline\\{closure}()
#64 /var/www/gpdsgame/vendor/laravel/framework/src/Illuminate/Pipeline/Pipeline.php(209): Illuminate\\Foundation\\Http\\Middleware\\PreventRequestsDuringMaintenance->handle()
#65 /var/www/gpdsgame/vendor/laravel/framework/src/Illuminate/Http/Middleware/HandleCors.php(49): Illuminate\\Pipeline\\Pipeline->Illuminate\\Pipeline\\{closure}()
#66 /var/www/gpdsgame/vendor/laravel/framework/src/Illuminate/Pipeline/Pipeline.php(209): Illuminate\\Http\\Middleware\\HandleCors->handle()
#67 /var/www/gpdsgame/vendor/laravel/framework/src/Illuminate/Http/Middleware/TrustProxies.php(58): Illuminate\\Pipeline\\Pipeline->Illuminate\\Pipeline\\{closure}()
#68 /var/www/gpdsgame/vendor/laravel/framework/src/Illuminate/Pipeline/Pipeline.php(209): Illuminate\\Http\\Middleware\\TrustProxies->handle()
#69 /var/www/gpdsgame/vendor/laravel/framework/src/Illuminate/Foundation/Http/Middleware/InvokeDeferredCallbacks.php(22): Illuminate\\Pipeline\\Pipeline->Illuminate\\Pipeline\\{closure}()
#70 /var/www/gpdsgame/vendor/laravel/framework/src/Illuminate/Pipeline/Pipeline.php(209): Illuminate\\Foundation\\Http\\Middleware\\InvokeDeferredCallbacks->handle()
#71 /var/www/gpdsgame/app/Http/Middleware/CheckBanned.php(23): Illuminate\\Pipeline\\Pipeline->Illuminate\\Pipeline\\{closure}()
#72 /var/www/gpdsgame/vendor/laravel/framework/src/Illuminate/Pipeline/Pipeline.php(209): App\\Http\\Middleware\\CheckBanned->handle()
#73 /var/www/gpdsgame/app/Http/Middleware/CheckBannedIp.php(24): Illuminate\\Pipeline\\Pipeline->Illuminate\\Pipeline\\{closure}()
#74 /var/www/gpdsgame/vendor/laravel/framework/src/Illuminate/Pipeline/Pipeline.php(209): App\\Http\\Middleware\\CheckBannedIp->handle()
#75 /var/www/gpdsgame/vendor/laravel/framework/src/Illuminate/Pipeline/Pipeline.php(127): Illuminate\\Pipeline\\Pipeline->Illuminate\\Pipeline\\{closure}()
#76 /var/www/gpdsgame/vendor/laravel/framework/src/Illuminate/Foundation/Http/Kernel.php(176): Illuminate\\Pipeline\\Pipeline->then()
#77 /var/www/gpdsgame/vendor/laravel/framework/src/Illuminate/Foundation/Http/Kernel.php(145): Illuminate\\Foundation\\Http\\Kernel->sendRequestThroughRouter()
#78 /var/www/gpdsgame/public/index.php(57): Illuminate\\Foundation\\Http\\Kernel->handle()
#79 {main}
"} 
[2026-01-19 11:42:34] production.ERROR: SQLSTATE[42S22]: Column not found: 1054 Unknown column 'ecommerce_variant_options.product_id' in 'where clause' (Connection: mysql, SQL: select * from `ecommerce_variant_options` where `ecommerce_variant_options`.`product_id` = 1 and `ecommerce_variant_options`.`product_id` is not null) (View: /var/www/gpdsgame/resources/views/ecommerce/products/index.blade.php) {"userId":3364,"exception":"[object] (Illuminate\\View\\ViewException(code: 0): SQLSTATE[42S22]: Column not found: 1054 Unknown column 'ecommerce_variant_options.product_id' in 'where clause' (Connection: mysql, SQL: select * from `ecommerce_variant_options` where `ecommerce_variant_options`.`product_id` = 1 and `ecommerce_variant_options`.`product_id` is not null) (View: /var/www/gpdsgame/resources/views/ecommerce/products/index.blade.php) at /var/www/gpdsgame/vendor/laravel/framework/src/Illuminate/Database/Connection.php:825)
[stacktrace]
#0 /var/www/gpdsgame/vendor/laravel/framework/src/Illuminate/View/Engines/PhpEngine.php(60): Illuminate\\View\\Engines\\CompilerEngine->handleViewException()
#1 /var/www/gpdsgame/vendor/laravel/framework/src/Illuminate/View/Engines/CompilerEngine.php(75): Illuminate\\View\\Engines\\PhpEngine->evaluatePath()
#2 /var/www/gpdsgame/vendor/laravel/framework/src/Illuminate/View/View.php(209): Illuminate\\View\\Engines\\CompilerEngine->get()
#3 /var/www/gpdsgame/vendor/laravel/framework/src/Illuminate/View/View.php(192): Illuminate\\View\\View->getContents()
#4 /var/www/gpdsgame/vendor/laravel/framework/src/Illuminate/View/View.php(161): Illuminate\\View\\View->renderContents()
#5 /var/www/gpdsgame/vendor/laravel/framework/src/Illuminate/Http/Response.php(79): Illuminate\\View\\View->render()
#6 /var/www/gpdsgame/vendor/laravel/framework/src/Illuminate/Http/Response.php(35): Illuminate\\Http\\Response->setContent()
#7 /var/www/gpdsgame/vendor/laravel/framework/src/Illuminate/Routing/Router.php(920): Illuminate\\Http\\Response->__construct()
#8 /var/www/gpdsgame/vendor/laravel/framework/src/Illuminate/Routing/Router.php(887): Illuminate\\Routing\\Router::toResponse()
#9 /var/www/gpdsgame/vendor/laravel/framework/src/Illuminate/Routing/Router.php(807): Illuminate\\Routing\\Router->prepareResponse()
#10 /var/www/gpdsgame/vendor/laravel/framework/src/Illuminate/Pipeline/Pipeline.php(170): Illuminate\\Routing\\Router->Illuminate\\Routing\\{closure}()
#11 /var/www/gpdsgame/vendor/spatie/laravel-permission/src/Middleware/PermissionMiddleware.php(37): Illuminate\\Pipeline\\Pipeline->Illuminate\\Pipeline\\{closure}()
#12 /var/www/gpdsgame/vendor/laravel/framework/src/Illuminate/Pipeline/Pipeline.php(209): Spatie\\Permission\\Middleware\\PermissionMiddleware->handle()
#13 /var/www/gpdsgame/app/Http/Middleware/EnsureNotCustomer.php(32): Illuminate\\Pipeline\\Pipeline->Illuminate\\Pipeline\\{closure}()
#14 /var/www/gpdsgame/vendor/laravel/framework/src/Illuminate/Pipeline/Pipeline.php(209): App\\Http\\Middleware\\EnsureNotCustomer->handle()
#15 /var/www/gpdsgame/vendor/laravel/framework/src/Illuminate/Routing/Middleware/SubstituteBindings.php(51): Illuminate\\Pipeline\\Pipeline->Illuminate\\Pipeline\\{closure}()
#16 /var/www/gpdsgame/vendor/laravel/framework/src/Illuminate/Pipeline/Pipeline.php(209): Illuminate\\Routing\\Middleware\\SubstituteBindings->handle()
#17 /var/www/gpdsgame/vendor/laravel/framework/src/Illuminate/Auth/Middleware/Authenticate.php(64): Illuminate\\Pipeline\\Pipeline->Illuminate\\Pipeline\\{closure}()
#18 /var/www/gpdsgame/vendor/laravel/framework/src/Illuminate/Pipeline/Pipeline.php(209): Illuminate\\Auth\\Middleware\\Authenticate->handle()
#19 /var/www/gpdsgame/vendor/laravel/framework/src/Illuminate/Foundation/Http/Middleware/VerifyCsrfToken.php(88): Illuminate\\Pipeline\\Pipeline->Illuminate\\Pipeline\\{closure}()
#20 /var/www/gpdsgame/vendor/laravel/framework/src/Illuminate/Pipeline/Pipeline.php(209): Illuminate\\Foundation\\Http\\Middleware\\VerifyCsrfToken->handle()
#21 /var/www/gpdsgame/vendor/laravel/framework/src/Illuminate/View/Middleware/ShareErrorsFromSession.php(49): Illuminate\\Pipeline\\Pipeline->Illuminate\\Pipeline\\{closure}()
#22 /var/www/gpdsgame/vendor/laravel/framework/src/Illuminate/Pipeline/Pipeline.php(209): Illuminate\\View\\Middleware\\ShareErrorsFromSession->handle()
#23 /var/www/gpdsgame/vendor/laravel/framework/src/Illuminate/Session/Middleware/StartSession.php(121): Illuminate\\Pipeline\\Pipeline->Illuminate\\Pipeline\\{closure}()
#24 /var/www/gpdsgame/vendor/laravel/framework/src/Illuminate/Session/Middleware/StartSession.php(64): Illuminate\\Session\\Middleware\\StartSession->handleStatefulRequest()
#25 /var/www/gpdsgame/vendor/laravel/framework/src/Illuminate/Pipeline/Pipeline.php(209): Illuminate\\Session\\Middleware\\StartSession->handle()
#26 /var/www/gpdsgame/vendor/laravel/framework/src/Illuminate/Cookie/Middleware/AddQueuedCookiesToResponse.php(37): Illuminate\\Pipeline\\Pipeline->Illuminate\\Pipeline\\{closure}()
#27 /var/www/gpdsgame/vendor/laravel/framework/src/Illuminate/Pipeline/Pipeline.php(209): Illuminate\\Cookie\\Middleware\\AddQueuedCookiesToResponse->handle()
#28 /var/www/gpdsgame/vendor/laravel/framework/src/Illuminate/Cookie/Middleware/EncryptCookies.php(75): Illuminate\\Pipeline\\Pipeline->Illuminate\\Pipeline\\{closure}()
#29 /var/www/gpdsgame/vendor/laravel/framework/src/Illuminate/Pipeline/Pipeline.php(209): Illuminate\\Cookie\\Middleware\\EncryptCookies->handle()
#30 /var/www/gpdsgame/vendor/laravel/framework/src/Illuminate/Pipeline/Pipeline.php(127): Illuminate\\Pipeline\\Pipeline->Illuminate\\Pipeline\\{closure}()
#31 /var/www/gpdsgame/vendor/laravel/framework/src/Illuminate/Routing/Router.php(807): Illuminate\\Pipeline\\Pipeline->then()
#32 /var/www/gpdsgame/vendor/laravel/framework/src/Illuminate/Routing/Router.php(786): Illuminate\\Routing\\Router->runRouteWithinStack()
#33 /var/www/gpdsgame/vendor/laravel/framework/src/Illuminate/Routing/Router.php(750): Illuminate\\Routing\\Router->runRoute()
#34 /var/www/gpdsgame/vendor/laravel/framework/src/Illuminate/Routing/Router.php(739): Illuminate\\Routing\\Router->dispatchToRoute()
#35 /var/www/gpdsgame/vendor/laravel/framework/src/Illuminate/Foundation/Http/Kernel.php(201): Illuminate\\Routing\\Router->dispatch()
#36 /var/www/gpdsgame/vendor/laravel/framework/src/Illuminate/Pipeline/Pipeline.php(170): Illuminate\\Foundation\\Http\\Kernel->Illuminate\\Foundation\\Http\\{closure}()
#37 /var/www/gpdsgame/vendor/laravel/framework/src/Illuminate/Foundation/Http/Middleware/TransformsRequest.php(21): Illuminate\\Pipeline\\Pipeline->Illuminate\\Pipeline\\{closure}()
#38 /var/www/gpdsgame/vendor/laravel/framework/src/Illuminate/Foundation/Http/Middleware/ConvertEmptyStringsToNull.php(31): Illuminate\\Foundation\\Http\\Middleware\\TransformsRequest->handle()
#39 /var/www/gpdsgame/vendor/laravel/framework/src/Illuminate/Pipeline/Pipeline.php(209): Illuminate\\Foundation\\Http\\Middleware\\ConvertEmptyStringsToNull->handle()
#40 /var/www/gpdsgame/vendor/laravel/framework/src/Illuminate/Foundation/Http/Middleware/TransformsRequest.php(21): Illuminate\\Pipeline\\Pipeline->Illuminate\\Pipeline\\{closure}()
#41 /var/www/gpdsgame/vendor/laravel/framework/src/Illuminate/Foundation/Http/Middleware/TrimStrings.php(51): Illuminate\\Foundation\\Http\\Middleware\\TransformsRequest->handle()
#42 /var/www/gpdsgame/vendor/laravel/framework/src/Illuminate/Pipeline/Pipeline.php(209): Illuminate\\Foundation\\Http\\Middleware\\TrimStrings->handle()
#43 /var/www/gpdsgame/vendor/laravel/framework/src/Illuminate/Http/Middleware/ValidatePostSize.php(27): Illuminate\\Pipeline\\Pipeline->Illuminate\\Pipeline\\{closure}()
#44 /var/www/gpdsgame/vendor/laravel/framework/src/Illuminate/Pipeline/Pipeline.php(209): Illuminate\\Http\\Middleware\\ValidatePostSize->handle()
#45 /var/www/gpdsgame/vendor/laravel/framework/src/Illuminate/Foundation/Http/Middleware/PreventRequestsDuringMaintenance.php(110): Illuminate\\Pipeline\\Pipeline->Illuminate\\Pipeline\\{closure}()
#46 /var/www/gpdsgame/vendor/laravel/framework/src/Illuminate/Pipeline/Pipeline.php(209): Illuminate\\Foundation\\Http\\Middleware\\PreventRequestsDuringMaintenance->handle()
#47 /var/www/gpdsgame/vendor/laravel/framework/src/Illuminate/Http/Middleware/HandleCors.php(49): Illuminate\\Pipeline\\Pipeline->Illuminate\\Pipeline\\{closure}()
#48 /var/www/gpdsgame/vendor/laravel/framework/src/Illuminate/Pipeline/Pipeline.php(209): Illuminate\\Http\\Middleware\\HandleCors->handle()
#49 /var/www/gpdsgame/vendor/laravel/framework/src/Illuminate/Http/Middleware/TrustProxies.php(58): Illuminate\\Pipeline\\Pipeline->Illuminate\\Pipeline\\{closure}()
#50 /var/www/gpdsgame/vendor/laravel/framework/src/Illuminate/Pipeline/Pipeline.php(209): Illuminate\\Http\\Middleware\\TrustProxies->handle()
#51 /var/www/gpdsgame/vendor/laravel/framework/src/Illuminate/Foundation/Http/Middleware/InvokeDeferredCallbacks.php(22): Illuminate\\Pipeline\\Pipeline->Illuminate\\Pipeline\\{closure}()
#52 /var/www/gpdsgame/vendor/laravel/framework/src/Illuminate/Pipeline/Pipeline.php(209): Illuminate\\Foundation\\Http\\Middleware\\InvokeDeferredCallbacks->handle()
#53 /var/www/gpdsgame/app/Http/Middleware/CheckBanned.php(23): Illuminate\\Pipeline\\Pipeline->Illuminate\\Pipeline\\{closure}()
#54 /var/www/gpdsgame/vendor/laravel/framework/src/Illuminate/Pipeline/Pipeline.php(209): App\\Http\\Middleware\\CheckBanned->handle()
#55 /var/www/gpdsgame/app/Http/Middleware/CheckBannedIp.php(24): Illuminate\\Pipeline\\Pipeline->Illuminate\\Pipeline\\{closure}()
#56 /var/www/gpdsgame/vendor/laravel/framework/src/Illuminate/Pipeline/Pipeline.php(209): App\\Http\\Middleware\\CheckBannedIp->handle()
#57 /var/www/gpdsgame/vendor/laravel/framework/src/Illuminate/Pipeline/Pipeline.php(127): Illuminate\\Pipeline\\Pipeline->Illuminate\\Pipeline\\{closure}()
#58 /var/www/gpdsgame/vendor/laravel/framework/src/Illuminate/Foundation/Http/Kernel.php(176): Illuminate\\Pipeline\\Pipeline->then()
#59 /var/www/gpdsgame/vendor/laravel/framework/src/Illuminate/Foundation/Http/Kernel.php(145): Illuminate\\Foundation\\Http\\Kernel->sendRequestThroughRouter()
#60 /var/www/gpdsgame/public/index.php(57): Illuminate\\Foundation\\Http\\Kernel->handle()
#61 {main}

[previous exception] [object] (Illuminate\\Database\\QueryException(code: 42S22): SQLSTATE[42S22]: Column not found: 1054 Unknown column 'ecommerce_variant_options.product_id' in 'where clause' (Connection: mysql, SQL: select * from `ecommerce_variant_options` where `ecommerce_variant_options`.`product_id` = 1 and `ecommerce_variant_options`.`product_id` is not null) at /var/www/gpdsgame/vendor/laravel/framework/src/Illuminate/Database/Connection.php:825)
[stacktrace]
#0 /var/www/gpdsgame/vendor/laravel/framework/src/Illuminate/Database/Connection.php(779): Illuminate\\Database\\Connection->runQueryCallback()
#1 /var/www/gpdsgame/vendor/laravel/framework/src/Illuminate/Database/Connection.php(398): Illuminate\\Database\\Connection->run()
#2 /var/www/gpdsgame/vendor/laravel/framework/src/Illuminate/Database/Query/Builder.php(3106): Illuminate\\Database\\Connection->select()
#3 /var/www/gpdsgame/vendor/laravel/framework/src/Illuminate/Database/Query/Builder.php(3091): Illuminate\\Database\\Query\\Builder->runSelect()
#4 /var/www/gpdsgame/vendor/laravel/framework/src/Illuminate/Database/Query/Builder.php(3676): Illuminate\\Database\\Query\\Builder->Illuminate\\Database\\Query\\{closure}()
#5 /var/www/gpdsgame/vendor/laravel/framework/src/Illuminate/Database/Query/Builder.php(3090): Illuminate\\Database\\Query\\Builder->onceWithColumns()
#6 /var/www/gpdsgame/vendor/laravel/framework/src/Illuminate/Database/Eloquent/Builder.php(811): Illuminate\\Database\\Query\\Builder->get()
#7 /var/www/gpdsgame/vendor/laravel/framework/src/Illuminate/Database/Eloquent/Builder.php(793): Illuminate\\Database\\Eloquent\\Builder->getModels()
#8 /var/www/gpdsgame/vendor/laravel/framework/src/Illuminate/Database/Eloquent/Relations/HasMany.php(41): Illuminate\\Database\\Eloquent\\Builder->get()
#9 /var/www/gpdsgame/vendor/laravel/framework/src/Illuminate/Database/Eloquent/Concerns/HasAttributes.php(622): Illuminate\\Database\\Eloquent\\Relations\\HasMany->getResults()
#10 /var/www/gpdsgame/vendor/laravel/framework/src/Illuminate/Database/Eloquent/Concerns/HasAttributes.php(560): Illuminate\\Database\\Eloquent\\Model->getRelationshipFromMethod()
#11 /var/www/gpdsgame/vendor/laravel/framework/src/Illuminate/Database/Eloquent/Concerns/HasAttributes.php(485): Illuminate\\Database\\Eloquent\\Model->getRelationValue()
#12 /var/www/gpdsgame/vendor/laravel/framework/src/Illuminate/Database/Eloquent/Model.php(2260): Illuminate\\Database\\Eloquent\\Model->getAttribute()
#13 /var/www/gpdsgame/storage/framework/views/b6f51383a1265b584fae659c17fa80b3.php(87): Illuminate\\Database\\Eloquent\\Model->__get()
#14 /var/www/gpdsgame/vendor/laravel/framework/src/Illuminate/Filesystem/Filesystem.php(123): require('...')
#15 /var/www/gpdsgame/vendor/laravel/framework/src/Illuminate/Filesystem/Filesystem.php(124): Illuminate\\Filesystem\\Filesystem::Illuminate\\Filesystem\\{closure}()
#16 /var/www/gpdsgame/vendor/laravel/framework/src/Illuminate/View/Engines/PhpEngine.php(58): Illuminate\\Filesystem\\Filesystem->getRequire()
#17 /var/www/gpdsgame/vendor/laravel/framework/src/Illuminate/View/Engines/CompilerEngine.php(75): Illuminate\\View\\Engines\\PhpEngine->evaluatePath()
#18 /var/www/gpdsgame/vendor/laravel/framework/src/Illuminate/View/View.php(209): Illuminate\\View\\Engines\\CompilerEngine->get()
#19 /var/www/gpdsgame/vendor/laravel/framework/src/Illuminate/View/View.php(192): Illuminate\\View\\View->getContents()
#20 /var/www/gpdsgame/vendor/laravel/framework/src/Illuminate/View/View.php(161): Illuminate\\View\\View->renderContents()
#21 /var/www/gpdsgame/vendor/laravel/framework/src/Illuminate/Http/Response.php(79): Illuminate\\View\\View->render()
#22 /var/www/gpdsgame/vendor/laravel/framework/src/Illuminate/Http/Response.php(35): Illuminate\\Http\\Response->setContent()
#23 /var/www/gpdsgame/vendor/laravel/framework/src/Illuminate/Routing/Router.php(920): Illuminate\\Http\\Response->__construct()
#24 /var/www/gpdsgame/vendor/laravel/framework/src/Illuminate/Routing/Router.php(887): Illuminate\\Routing\\Router::toResponse()
#25 /var/www/gpdsgame/vendor/laravel/framework/src/Illuminate/Routing/Router.php(807): Illuminate\\Routing\\Router->prepareResponse()
#26 /var/www/gpdsgame/vendor/laravel/framework/src/Illuminate/Pipeline/Pipeline.php(170): Illuminate\\Routing\\Router->Illuminate\\Routing\\{closure}()
#27 /var/www/gpdsgame/vendor/spatie/laravel-permission/src/Middleware/PermissionMiddleware.php(37): Illuminate\\Pipeline\\Pipeline->Illuminate\\Pipeline\\{closure}()
#28 /var/www/gpdsgame/vendor/laravel/framework/src/Illuminate/Pipeline/Pipeline.php(209): Spatie\\Permission\\Middleware\\PermissionMiddleware->handle()
#29 /var/www/gpdsgame/app/Http/Middleware/EnsureNotCustomer.php(32): Illuminate\\Pipeline\\Pipeline->Illuminate\\Pipeline\\{closure}()
#30 /var/www/gpdsgame/vendor/laravel/framework/src/Illuminate/Pipeline/Pipeline.php(209): App\\Http\\Middleware\\EnsureNotCustomer->handle()
#31 /var/www/gpdsgame/vendor/laravel/framework/src/Illuminate/Routing/Middleware/SubstituteBindings.php(51): Illuminate\\Pipeline\\Pipeline->Illuminate\\Pipeline\\{closure}()
#32 /var/www/gpdsgame/vendor/laravel/framework/src/Illuminate/Pipeline/Pipeline.php(209): Illuminate\\Routing\\Middleware\\SubstituteBindings->handle()
#33 /var/www/gpdsgame/vendor/laravel/framework/src/Illuminate/Auth/Middleware/Authenticate.php(64): Illuminate\\Pipeline\\Pipeline->Illuminate\\Pipeline\\{closure}()
#34 /var/www/gpdsgame/vendor/laravel/framework/src/Illuminate/Pipeline/Pipeline.php(209): Illuminate\\Auth\\Middleware\\Authenticate->handle()
#35 /var/www/gpdsgame/vendor/laravel/framework/src/Illuminate/Foundation/Http/Middleware/VerifyCsrfToken.php(88): Illuminate\\Pipeline\\Pipeline->Illuminate\\Pipeline\\{closure}()
#36 /var/www/gpdsgame/vendor/laravel/framework/src/Illuminate/Pipeline/Pipeline.php(209): Illuminate\\Foundation\\Http\\Middleware\\VerifyCsrfToken->handle()
#37 /var/www/gpdsgame/vendor/laravel/framework/src/Illuminate/View/Middleware/ShareErrorsFromSession.php(49): Illuminate\\Pipeline\\Pipeline->Illuminate\\Pipeline\\{closure}()
#38 /var/www/gpdsgame/vendor/laravel/framework/src/Illuminate/Pipeline/Pipeline.php(209): Illuminate\\View\\Middleware\\ShareErrorsFromSession->handle()
#39 /var/www/gpdsgame/vendor/laravel/framework/src/Illuminate/Session/Middleware/StartSession.php(121): Illuminate\\Pipeline\\Pipeline->Illuminate\\Pipeline\\{closure}()
#40 /var/www/gpdsgame/vendor/laravel/framework/src/Illuminate/Session/Middleware/StartSession.php(64): Illuminate\\Session\\Middleware\\StartSession->handleStatefulRequest()
#41 /var/www/gpdsgame/vendor/laravel/framework/src/Illuminate/Pipeline/Pipeline.php(209): Illuminate\\Session\\Middleware\\StartSession->handle()
#42 /var/www/gpdsgame/vendor/laravel/framework/src/Illuminate/Cookie/Middleware/AddQueuedCookiesToResponse.php(37): Illuminate\\Pipeline\\Pipeline->Illuminate\\Pipeline\\{closure}()
#43 /var/www/gpdsgame/vendor/laravel/framework/src/Illuminate/Pipeline/Pipeline.php(209): Illuminate\\Cookie\\Middleware\\AddQueuedCookiesToResponse->handle()
#44 /var/www/gpdsgame/vendor/laravel/framework/src/Illuminate/Cookie/Middleware/EncryptCookies.php(75): Illuminate\\Pipeline\\Pipeline->Illuminate\\Pipeline\\{closure}()
#45 /var/www/gpdsgame/vendor/laravel/framework/src/Illuminate/Pipeline/Pipeline.php(209): Illuminate\\Cookie\\Middleware\\EncryptCookies->handle()
#46 /var/www/gpdsgame/vendor/laravel/framework/src/Illuminate/Pipeline/Pipeline.php(127): Illuminate\\Pipeline\\Pipeline->Illuminate\\Pipeline\\{closure}()
#47 /var/www/gpdsgame/vendor/laravel/framework/src/Illuminate/Routing/Router.php(807): Illuminate\\Pipeline\\Pipeline->then()
#48 /var/www/gpdsgame/vendor/laravel/framework/src/Illuminate/Routing/Router.php(786): Illuminate\\Routing\\Router->runRouteWithinStack()
#49 /var/www/gpdsgame/vendor/laravel/framework/src/Illuminate/Routing/Router.php(750): Illuminate\\Routing\\Router->runRoute()
#50 /var/www/gpdsgame/vendor/laravel/framework/src/Illuminate/Routing/Router.php(739): Illuminate\\Routing\\Router->dispatchToRoute()
#51 /var/www/gpdsgame/vendor/laravel/framework/src/Illuminate/Foundation/Http/Kernel.php(201): Illuminate\\Routing\\Router->dispatch()
#52 /var/www/gpdsgame/vendor/laravel/framework/src/Illuminate/Pipeline/Pipeline.php(170): Illuminate\\Foundation\\Http\\Kernel->Illuminate\\Foundation\\Http\\{closure}()
#53 /var/www/gpdsgame/vendor/laravel/framework/src/Illuminate/Foundation/Http/Middleware/TransformsRequest.php(21): Illuminate\\Pipeline\\Pipeline->Illuminate\\Pipeline\\{closure}()
#54 /var/www/gpdsgame/vendor/laravel/framework/src/Illuminate/Foundation/Http/Middleware/ConvertEmptyStringsToNull.php(31): Illuminate\\Foundation\\Http\\Middleware\\TransformsRequest->handle()
#55 /var/www/gpdsgame/vendor/laravel/framework/src/Illuminate/Pipeline/Pipeline.php(209): Illuminate\\Foundation\\Http\\Middleware\\ConvertEmptyStringsToNull->handle()
#56 /var/www/gpdsgame/vendor/laravel/framework/src/Illuminate/Foundation/Http/Middleware/TransformsRequest.php(21): Illuminate\\Pipeline\\Pipeline->Illuminate\\Pipeline\\{closure}()
#57 /var/www/gpdsgame/vendor/laravel/framework/src/Illuminate/Foundation/Http/Middleware/TrimStrings.php(51): Illuminate\\Foundation\\Http\\Middleware\\TransformsRequest->handle()
#58 /var/www/gpdsgame/vendor/laravel/framework/src/Illuminate/Pipeline/Pipeline.php(209): Illuminate\\Foundation\\Http\\Middleware\\TrimStrings->handle()
#59 /var/www/gpdsgame/vendor/laravel/framework/src/Illuminate/Http/Middleware/ValidatePostSize.php(27): Illuminate\\Pipeline\\Pipeline->Illuminate\\Pipeline\\{closure}()
#60 /var/www/gpdsgame/vendor/laravel/framework/src/Illuminate/Pipeline/Pipeline.php(209): Illuminate\\Http\\Middleware\\ValidatePostSize->handle()
#61 /var/www/gpdsgame/vendor/laravel/framework/src/Illuminate/Foundation/Http/Middleware/PreventRequestsDuringMaintenance.php(110): Illuminate\\Pipeline\\Pipeline->Illuminate\\Pipeline\\{closure}()
#62 /var/www/gpdsgame/vendor/laravel/framework/src/Illuminate/Pipeline/Pipeline.php(209): Illuminate\\Foundation\\Http\\Middleware\\PreventRequestsDuringMaintenance->handle()
#63 /var/www/gpdsgame/vendor/laravel/framework/src/Illuminate/Http/Middleware/HandleCors.php(49): Illuminate\\Pipeline\\Pipeline->Illuminate\\Pipeline\\{closure}()
#64 /var/www/gpdsgame/vendor/laravel/framework/src/Illuminate/Pipeline/Pipeline.php(209): Illuminate\\Http\\Middleware\\HandleCors->handle()
#65 /var/www/gpdsgame/vendor/laravel/framework/src/Illuminate/Http/Middleware/TrustProxies.php(58): Illuminate\\Pipeline\\Pipeline->Illuminate\\Pipeline\\{closure}()
#66 /var/www/gpdsgame/vendor/laravel/framework/src/Illuminate/Pipeline/Pipeline.php(209): Illuminate\\Http\\Middleware\\TrustProxies->handle()
#67 /var/www/gpdsgame/vendor/laravel/framework/src/Illuminate/Foundation/Http/Middleware/InvokeDeferredCallbacks.php(22): Illuminate\\Pipeline\\Pipeline->Illuminate\\Pipeline\\{closure}()
#68 /var/www/gpdsgame/vendor/laravel/framework/src/Illuminate/Pipeline/Pipeline.php(209): Illuminate\\Foundation\\Http\\Middleware\\InvokeDeferredCallbacks->handle()
#69 /var/www/gpdsgame/app/Http/Middleware/CheckBanned.php(23): Illuminate\\Pipeline\\Pipeline->Illuminate\\Pipeline\\{closure}()
#70 /var/www/gpdsgame/vendor/laravel/framework/src/Illuminate/Pipeline/Pipeline.php(209): App\\Http\\Middleware\\CheckBanned->handle()
#71 /var/www/gpdsgame/app/Http/Middleware/CheckBannedIp.php(24): Illuminate\\Pipeline\\Pipeline->Illuminate\\Pipeline\\{closure}()
#72 /var/www/gpdsgame/vendor/laravel/framework/src/Illuminate/Pipeline/Pipeline.php(209): App\\Http\\Middleware\\CheckBannedIp->handle()
#73 /var/www/gpdsgame/vendor/laravel/framework/src/Illuminate/Pipeline/Pipeline.php(127): Illuminate\\Pipeline\\Pipeline->Illuminate\\Pipeline\\{closure}()
#74 /var/www/gpdsgame/vendor/laravel/framework/src/Illuminate/Foundation/Http/Kernel.php(176): Illuminate\\Pipeline\\Pipeline->then()
#75 /var/www/gpdsgame/vendor/laravel/framework/src/Illuminate/Foundation/Http/Kernel.php(145): Illuminate\\Foundation\\Http\\Kernel->sendRequestThroughRouter()
#76 /var/www/gpdsgame/public/index.php(57): Illuminate\\Foundation\\Http\\Kernel->handle()
#77 {main}

[previous exception] [object] (PDOException(code: 42S22): SQLSTATE[42S22]: Column not found: 1054 Unknown column 'ecommerce_variant_options.product_id' in 'where clause' at /var/www/gpdsgame/vendor/laravel/framework/src/Illuminate/Database/Connection.php:407)
[stacktrace]
#0 /var/www/gpdsgame/vendor/laravel/framework/src/Illuminate/Database/Connection.php(407): PDO->prepare()
#1 /var/www/gpdsgame/vendor/laravel/framework/src/Illuminate/Database/Connection.php(812): Illuminate\\Database\\Connection->Illuminate\\Database\\{closure}()
#2 /var/www/gpdsgame/vendor/laravel/framework/src/Illuminate/Database/Connection.php(779): Illuminate\\Database\\Connection->runQueryCallback()
#3 /var/www/gpdsgame/vendor/laravel/framework/src/Illuminate/Database/Connection.php(398): Illuminate\\Database\\Connection->run()
#4 /var/www/gpdsgame/vendor/laravel/framework/src/Illuminate/Database/Query/Builder.php(3106): Illuminate\\Database\\Connection->select()
#5 /var/www/gpdsgame/vendor/laravel/framework/src/Illuminate/Database/Query/Builder.php(3091): Illuminate\\Database\\Query\\Builder->runSelect()
#6 /var/www/gpdsgame/vendor/laravel/framework/src/Illuminate/Database/Query/Builder.php(3676): Illuminate\\Database\\Query\\Builder->Illuminate\\Database\\Query\\{closure}()
#7 /var/www/gpdsgame/vendor/laravel/framework/src/Illuminate/Database/Query/Builder.php(3090): Illuminate\\Database\\Query\\Builder->onceWithColumns()
#8 /var/www/gpdsgame/vendor/laravel/framework/src/Illuminate/Database/Eloquent/Builder.php(811): Illuminate\\Database\\Query\\Builder->get()
#9 /var/www/gpdsgame/vendor/laravel/framework/src/Illuminate/Database/Eloquent/Builder.php(793): Illuminate\\Database\\Eloquent\\Builder->getModels()
#10 /var/www/gpdsgame/vendor/laravel/framework/src/Illuminate/Database/Eloquent/Relations/HasMany.php(41): Illuminate\\Database\\Eloquent\\Builder->get()
#11 /var/www/gpdsgame/vendor/laravel/framework/src/Illuminate/Database/Eloquent/Concerns/HasAttributes.php(622): Illuminate\\Database\\Eloquent\\Relations\\HasMany->getResults()
#12 /var/www/gpdsgame/vendor/laravel/framework/src/Illuminate/Database/Eloquent/Concerns/HasAttributes.php(560): Illuminate\\Database\\Eloquent\\Model->getRelationshipFromMethod()
#13 /var/www/gpdsgame/vendor/laravel/framework/src/Illuminate/Database/Eloquent/Concerns/HasAttributes.php(485): Illuminate\\Database\\Eloquent\\Model->getRelationValue()
#14 /var/www/gpdsgame/vendor/laravel/framework/src/Illuminate/Database/Eloquent/Model.php(2260): Illuminate\\Database\\Eloquent\\Model->getAttribute()
#15 /var/www/gpdsgame/storage/framework/views/b6f51383a1265b584fae659c17fa80b3.php(87): Illuminate\\Database\\Eloquent\\Model->__get()
#16 /var/www/gpdsgame/vendor/laravel/framework/src/Illuminate/Filesystem/Filesystem.php(123): require('...')
#17 /var/www/gpdsgame/vendor/laravel/framework/src/Illuminate/Filesystem/Filesystem.php(124): Illuminate\\Filesystem\\Filesystem::Illuminate\\Filesystem\\{closure}()
#18 /var/www/gpdsgame/vendor/laravel/framework/src/Illuminate/View/Engines/PhpEngine.php(58): Illuminate\\Filesystem\\Filesystem->getRequire()
#19 /var/www/gpdsgame/vendor/laravel/framework/src/Illuminate/View/Engines/CompilerEngine.php(75): Illuminate\\View\\Engines\\PhpEngine->evaluatePath()
#20 /var/www/gpdsgame/vendor/laravel/framework/src/Illuminate/View/View.php(209): Illuminate\\View\\Engines\\CompilerEngine->get()
#21 /var/www/gpdsgame/vendor/laravel/framework/src/Illuminate/View/View.php(192): Illuminate\\View\\View->getContents()
#22 /var/www/gpdsgame/vendor/laravel/framework/src/Illuminate/View/View.php(161): Illuminate\\View\\View->renderContents()
#23 /var/www/gpdsgame/vendor/laravel/framework/src/Illuminate/Http/Response.php(79): Illuminate\\View\\View->render()
#24 /var/www/gpdsgame/vendor/laravel/framework/src/Illuminate/Http/Response.php(35): Illuminate\\Http\\Response->setContent()
#25 /var/www/gpdsgame/vendor/laravel/framework/src/Illuminate/Routing/Router.php(920): Illuminate\\Http\\Response->__construct()
#26 /var/www/gpdsgame/vendor/laravel/framework/src/Illuminate/Routing/Router.php(887): Illuminate\\Routing\\Router::toResponse()
#27 /var/www/gpdsgame/vendor/laravel/framework/src/Illuminate/Routing/Router.php(807): Illuminate\\Routing\\Router->prepareResponse()
#28 /var/www/gpdsgame/vendor/laravel/framework/src/Illuminate/Pipeline/Pipeline.php(170): Illuminate\\Routing\\Router->Illuminate\\Routing\\{closure}()
#29 /var/www/gpdsgame/vendor/spatie/laravel-permission/src/Middleware/PermissionMiddleware.php(37): Illuminate\\Pipeline\\Pipeline->Illuminate\\Pipeline\\{closure}()
#30 /var/www/gpdsgame/vendor/laravel/framework/src/Illuminate/Pipeline/Pipeline.php(209): Spatie\\Permission\\Middleware\\PermissionMiddleware->handle()
#31 /var/www/gpdsgame/app/Http/Middleware/EnsureNotCustomer.php(32): Illuminate\\Pipeline\\Pipeline->Illuminate\\Pipeline\\{closure}()
#32 /var/www/gpdsgame/vendor/laravel/framework/src/Illuminate/Pipeline/Pipeline.php(209): App\\Http\\Middleware\\EnsureNotCustomer->handle()
#33 /var/www/gpdsgame/vendor/laravel/framework/src/Illuminate/Routing/Middleware/SubstituteBindings.php(51): Illuminate\\Pipeline\\Pipeline->Illuminate\\Pipeline\\{closure}()
#34 /var/www/gpdsgame/vendor/laravel/framework/src/Illuminate/Pipeline/Pipeline.php(209): Illuminate\\Routing\\Middleware\\SubstituteBindings->handle()
#35 /var/www/gpdsgame/vendor/laravel/framework/src/Illuminate/Auth/Middleware/Authenticate.php(64): Illuminate\\Pipeline\\Pipeline->Illuminate\\Pipeline\\{closure}()
#36 /var/www/gpdsgame/vendor/laravel/framework/src/Illuminate/Pipeline/Pipeline.php(209): Illuminate\\Auth\\Middleware\\Authenticate->handle()
#37 /var/www/gpdsgame/vendor/laravel/framework/src/Illuminate/Foundation/Http/Middleware/VerifyCsrfToken.php(88): Illuminate\\Pipeline\\Pipeline->Illuminate\\Pipeline\\{closure}()
#38 /var/www/gpdsgame/vendor/laravel/framework/src/Illuminate/Pipeline/Pipeline.php(209): Illuminate\\Foundation\\Http\\Middleware\\VerifyCsrfToken->handle()
#39 /var/www/gpdsgame/vendor/laravel/framework/src/Illuminate/View/Middleware/ShareErrorsFromSession.php(49): Illuminate\\Pipeline\\Pipeline->Illuminate\\Pipeline\\{closure}()
#40 /var/www/gpdsgame/vendor/laravel/framework/src/Illuminate/Pipeline/Pipeline.php(209): Illuminate\\View\\Middleware\\ShareErrorsFromSession->handle()
#41 /var/www/gpdsgame/vendor/laravel/framework/src/Illuminate/Session/Middleware/StartSession.php(121): Illuminate\\Pipeline\\Pipeline->Illuminate\\Pipeline\\{closure}()
#42 /var/www/gpdsgame/vendor/laravel/framework/src/Illuminate/Session/Middleware/StartSession.php(64): Illuminate\\Session\\Middleware\\StartSession->handleStatefulRequest()
#43 /var/www/gpdsgame/vendor/laravel/framework/src/Illuminate/Pipeline/Pipeline.php(209): Illuminate\\Session\\Middleware\\StartSession->handle()
#44 /var/www/gpdsgame/vendor/laravel/framework/src/Illuminate/Cookie/Middleware/AddQueuedCookiesToResponse.php(37): Illuminate\\Pipeline\\Pipeline->Illuminate\\Pipeline\\{closure}()
#45 /var/www/gpdsgame/vendor/laravel/framework/src/Illuminate/Pipeline/Pipeline.php(209): Illuminate\\Cookie\\Middleware\\AddQueuedCookiesToResponse->handle()
#46 /var/www/gpdsgame/vendor/laravel/framework/src/Illuminate/Cookie/Middleware/EncryptCookies.php(75): Illuminate\\Pipeline\\Pipeline->Illuminate\\Pipeline\\{closure}()
#47 /var/www/gpdsgame/vendor/laravel/framework/src/Illuminate/Pipeline/Pipeline.php(209): Illuminate\\Cookie\\Middleware\\EncryptCookies->handle()
#48 /var/www/gpdsgame/vendor/laravel/framework/src/Illuminate/Pipeline/Pipeline.php(127): Illuminate\\Pipeline\\Pipeline->Illuminate\\Pipeline\\{closure}()
#49 /var/www/gpdsgame/vendor/laravel/framework/src/Illuminate/Routing/Router.php(807): Illuminate\\Pipeline\\Pipeline->then()
#50 /var/www/gpdsgame/vendor/laravel/framework/src/Illuminate/Routing/Router.php(786): Illuminate\\Routing\\Router->runRouteWithinStack()
#51 /var/www/gpdsgame/vendor/laravel/framework/src/Illuminate/Routing/Router.php(750): Illuminate\\Routing\\Router->runRoute()
#52 /var/www/gpdsgame/vendor/laravel/framework/src/Illuminate/Routing/Router.php(739): Illuminate\\Routing\\Router->dispatchToRoute()
#53 /var/www/gpdsgame/vendor/laravel/framework/src/Illuminate/Foundation/Http/Kernel.php(201): Illuminate\\Routing\\Router->dispatch()
#54 /var/www/gpdsgame/vendor/laravel/framework/src/Illuminate/Pipeline/Pipeline.php(170): Illuminate\\Foundation\\Http\\Kernel->Illuminate\\Foundation\\Http\\{closure}()
#55 /var/www/gpdsgame/vendor/laravel/framework/src/Illuminate/Foundation/Http/Middleware/TransformsRequest.php(21): Illuminate\\Pipeline\\Pipeline->Illuminate\\Pipeline\\{closure}()
#56 /var/www/gpdsgame/vendor/laravel/framework/src/Illuminate/Foundation/Http/Middleware/ConvertEmptyStringsToNull.php(31): Illuminate\\Foundation\\Http\\Middleware\\TransformsRequest->handle()
#57 /var/www/gpdsgame/vendor/laravel/framework/src/Illuminate/Pipeline/Pipeline.php(209): Illuminate\\Foundation\\Http\\Middleware\\ConvertEmptyStringsToNull->handle()
#58 /var/www/gpdsgame/vendor/laravel/framework/src/Illuminate/Foundation/Http/Middleware/TransformsRequest.php(21): Illuminate\\Pipeline\\Pipeline->Illuminate\\Pipeline\\{closure}()
#59 /var/www/gpdsgame/vendor/laravel/framework/src/Illuminate/Foundation/Http/Middleware/TrimStrings.php(51): Illuminate\\Foundation\\Http\\Middleware\\TransformsRequest->handle()
#60 /var/www/gpdsgame/vendor/laravel/framework/src/Illuminate/Pipeline/Pipeline.php(209): Illuminate\\Foundation\\Http\\Middleware\\TrimStrings->handle()
#61 /var/www/gpdsgame/vendor/laravel/framework/src/Illuminate/Http/Middleware/ValidatePostSize.php(27): Illuminate\\Pipeline\\Pipeline->Illuminate\\Pipeline\\{closure}()
#62 /var/www/gpdsgame/vendor/laravel/framework/src/Illuminate/Pipeline/Pipeline.php(209): Illuminate\\Http\\Middleware\\ValidatePostSize->handle()
#63 /var/www/gpdsgame/vendor/laravel/framework/src/Illuminate/Foundation/Http/Middleware/PreventRequestsDuringMaintenance.php(110): Illuminate\\Pipeline\\Pipeline->Illuminate\\Pipeline\\{closure}()
#64 /var/www/gpdsgame/vendor/laravel/framework/src/Illuminate/Pipeline/Pipeline.php(209): Illuminate\\Foundation\\Http\\Middleware\\PreventRequestsDuringMaintenance->handle()
#65 /var/www/gpdsgame/vendor/laravel/framework/src/Illuminate/Http/Middleware/HandleCors.php(49): Illuminate\\Pipeline\\Pipeline->Illuminate\\Pipeline\\{closure}()
#66 /var/www/gpdsgame/vendor/laravel/framework/src/Illuminate/Pipeline/Pipeline.php(209): Illuminate\\Http\\Middleware\\HandleCors->handle()
#67 /var/www/gpdsgame/vendor/laravel/framework/src/Illuminate/Http/Middleware/TrustProxies.php(58): Illuminate\\Pipeline\\Pipeline->Illuminate\\Pipeline\\{closure}()
#68 /var/www/gpdsgame/vendor/laravel/framework/src/Illuminate/Pipeline/Pipeline.php(209): Illuminate\\Http\\Middleware\\TrustProxies->handle()
#69 /var/www/gpdsgame/vendor/laravel/framework/src/Illuminate/Foundation/Http/Middleware/InvokeDeferredCallbacks.php(22): Illuminate\\Pipeline\\Pipeline->Illuminate\\Pipeline\\{closure}()
#70 /var/www/gpdsgame/vendor/laravel/framework/src/Illuminate/Pipeline/Pipeline.php(209): Illuminate\\Foundation\\Http\\Middleware\\InvokeDeferredCallbacks->handle()
#71 /var/www/gpdsgame/app/Http/Middleware/CheckBanned.php(23): Illuminate\\Pipeline\\Pipeline->Illuminate\\Pipeline\\{closure}()
#72 /var/www/gpdsgame/vendor/laravel/framework/src/Illuminate/Pipeline/Pipeline.php(209): App\\Http\\Middleware\\CheckBanned->handle()
#73 /var/www/gpdsgame/app/Http/Middleware/CheckBannedIp.php(24): Illuminate\\Pipeline\\Pipeline->Illuminate\\Pipeline\\{closure}()
#74 /var/www/gpdsgame/vendor/laravel/framework/src/Illuminate/Pipeline/Pipeline.php(209): App\\Http\\Middleware\\CheckBannedIp->handle()
#75 /var/www/gpdsgame/vendor/laravel/framework/src/Illuminate/Pipeline/Pipeline.php(127): Illuminate\\Pipeline\\Pipeline->Illuminate\\Pipeline\\{closure}()
#76 /var/www/gpdsgame/vendor/laravel/framework/src/Illuminate/Foundation/Http/Kernel.php(176): Illuminate\\Pipeline\\Pipeline->then()
#77 /var/www/gpdsgame/vendor/laravel/framework/src/Illuminate/Foundation/Http/Kernel.php(145): Illuminate\\Foundation\\Http\\Kernel->sendRequestThroughRouter()
#78 /var/www/gpdsgame/public/index.php(57): Illuminate\\Foundation\\Http\\Kernel->handle()
#79 {main}
"} 
[2026-01-19 11:45:30] production.ERROR: Call to a member function count() on null (View: /var/www/gpdsgame/resources/views/ecommerce/products/index.blade.php) {"userId":3364,"exception":"[object] (Illuminate\\View\\ViewException(code: 0): Call to a member function count() on null (View: /var/www/gpdsgame/resources/views/ecommerce/products/index.blade.php) at /var/www/gpdsgame/storage/framework/views/b6f51383a1265b584fae659c17fa80b3.php:89)
[stacktrace]
#0 /var/www/gpdsgame/vendor/laravel/framework/src/Illuminate/View/Engines/PhpEngine.php(60): Illuminate\\View\\Engines\\CompilerEngine->handleViewException()
#1 /var/www/gpdsgame/vendor/laravel/framework/src/Illuminate/View/Engines/CompilerEngine.php(75): Illuminate\\View\\Engines\\PhpEngine->evaluatePath()
#2 /var/www/gpdsgame/vendor/laravel/framework/src/Illuminate/View/View.php(209): Illuminate\\View\\Engines\\CompilerEngine->get()
#3 /var/www/gpdsgame/vendor/laravel/framework/src/Illuminate/View/View.php(192): Illuminate\\View\\View->getContents()
#4 /var/www/gpdsgame/vendor/laravel/framework/src/Illuminate/View/View.php(161): Illuminate\\View\\View->renderContents()
#5 /var/www/gpdsgame/vendor/laravel/framework/src/Illuminate/Http/Response.php(79): Illuminate\\View\\View->render()
#6 /var/www/gpdsgame/vendor/laravel/framework/src/Illuminate/Http/Response.php(35): Illuminate\\Http\\Response->setContent()
#7 /var/www/gpdsgame/vendor/laravel/framework/src/Illuminate/Routing/Router.php(920): Illuminate\\Http\\Response->__construct()
#8 /var/www/gpdsgame/vendor/laravel/framework/src/Illuminate/Routing/Router.php(887): Illuminate\\Routing\\Router::toResponse()
#9 /var/www/gpdsgame/vendor/laravel/framework/src/Illuminate/Routing/Router.php(807): Illuminate\\Routing\\Router->prepareResponse()
#10 /var/www/gpdsgame/vendor/laravel/framework/src/Illuminate/Pipeline/Pipeline.php(170): Illuminate\\Routing\\Router->Illuminate\\Routing\\{closure}()
#11 /var/www/gpdsgame/vendor/spatie/laravel-permission/src/Middleware/PermissionMiddleware.php(37): Illuminate\\Pipeline\\Pipeline->Illuminate\\Pipeline\\{closure}()
#12 /var/www/gpdsgame/vendor/laravel/framework/src/Illuminate/Pipeline/Pipeline.php(209): Spatie\\Permission\\Middleware\\PermissionMiddleware->handle()
#13 /var/www/gpdsgame/app/Http/Middleware/EnsureNotCustomer.php(32): Illuminate\\Pipeline\\Pipeline->Illuminate\\Pipeline\\{closure}()
#14 /var/www/gpdsgame/vendor/laravel/framework/src/Illuminate/Pipeline/Pipeline.php(209): App\\Http\\Middleware\\EnsureNotCustomer->handle()
#15 /var/www/gpdsgame/vendor/laravel/framework/src/Illuminate/Routing/Middleware/SubstituteBindings.php(51): Illuminate\\Pipeline\\Pipeline->Illuminate\\Pipeline\\{closure}()
#16 /var/www/gpdsgame/vendor/laravel/framework/src/Illuminate/Pipeline/Pipeline.php(209): Illuminate\\Routing\\Middleware\\SubstituteBindings->handle()
#17 /var/www/gpdsgame/vendor/laravel/framework/src/Illuminate/Auth/Middleware/Authenticate.php(64): Illuminate\\Pipeline\\Pipeline->Illuminate\\Pipeline\\{closure}()
#18 /var/www/gpdsgame/vendor/laravel/framework/src/Illuminate/Pipeline/Pipeline.php(209): Illuminate\\Auth\\Middleware\\Authenticate->handle()
#19 /var/www/gpdsgame/vendor/laravel/framework/src/Illuminate/Foundation/Http/Middleware/VerifyCsrfToken.php(88): Illuminate\\Pipeline\\Pipeline->Illuminate\\Pipeline\\{closure}()
#20 /var/www/gpdsgame/vendor/laravel/framework/src/Illuminate/Pipeline/Pipeline.php(209): Illuminate\\Foundation\\Http\\Middleware\\VerifyCsrfToken->handle()
#21 /var/www/gpdsgame/vendor/laravel/framework/src/Illuminate/View/Middleware/ShareErrorsFromSession.php(49): Illuminate\\Pipeline\\Pipeline->Illuminate\\Pipeline\\{closure}()
#22 /var/www/gpdsgame/vendor/laravel/framework/src/Illuminate/Pipeline/Pipeline.php(209): Illuminate\\View\\Middleware\\ShareErrorsFromSession->handle()
#23 /var/www/gpdsgame/vendor/laravel/framework/src/Illuminate/Session/Middleware/StartSession.php(121): Illuminate\\Pipeline\\Pipeline->Illuminate\\Pipeline\\{closure}()
#24 /var/www/gpdsgame/vendor/laravel/framework/src/Illuminate/Session/Middleware/StartSession.php(64): Illuminate\\Session\\Middleware\\StartSession->handleStatefulRequest()
#25 /var/www/gpdsgame/vendor/laravel/framework/src/Illuminate/Pipeline/Pipeline.php(209): Illuminate\\Session\\Middleware\\StartSession->handle()
#26 /var/www/gpdsgame/vendor/laravel/framework/src/Illuminate/Cookie/Middleware/AddQueuedCookiesToResponse.php(37): Illuminate\\Pipeline\\Pipeline->Illuminate\\Pipeline\\{closure}()
#27 /var/www/gpdsgame/vendor/laravel/framework/src/Illuminate/Pipeline/Pipeline.php(209): Illuminate\\Cookie\\Middleware\\AddQueuedCookiesToResponse->handle()
#28 /var/www/gpdsgame/vendor/laravel/framework/src/Illuminate/Cookie/Middleware/EncryptCookies.php(75): Illuminate\\Pipeline\\Pipeline->Illuminate\\Pipeline\\{closure}()
#29 /var/www/gpdsgame/vendor/laravel/framework/src/Illuminate/Pipeline/Pipeline.php(209): Illuminate\\Cookie\\Middleware\\EncryptCookies->handle()
#30 /var/www/gpdsgame/vendor/laravel/framework/src/Illuminate/Pipeline/Pipeline.php(127): Illuminate\\Pipeline\\Pipeline->Illuminate\\Pipeline\\{closure}()
#31 /var/www/gpdsgame/vendor/laravel/framework/src/Illuminate/Routing/Router.php(807): Illuminate\\Pipeline\\Pipeline->then()
#32 /var/www/gpdsgame/vendor/laravel/framework/src/Illuminate/Routing/Router.php(786): Illuminate\\Routing\\Router->runRouteWithinStack()
#33 /var/www/gpdsgame/vendor/laravel/framework/src/Illuminate/Routing/Router.php(750): Illuminate\\Routing\\Router->runRoute()
#34 /var/www/gpdsgame/vendor/laravel/framework/src/Illuminate/Routing/Router.php(739): Illuminate\\Routing\\Router->dispatchToRoute()
#35 /var/www/gpdsgame/vendor/laravel/framework/src/Illuminate/Foundation/Http/Kernel.php(201): Illuminate\\Routing\\Router->dispatch()
#36 /var/www/gpdsgame/vendor/laravel/framework/src/Illuminate/Pipeline/Pipeline.php(170): Illuminate\\Foundation\\Http\\Kernel->Illuminate\\Foundation\\Http\\{closure}()
#37 /var/www/gpdsgame/vendor/laravel/framework/src/Illuminate/Foundation/Http/Middleware/TransformsRequest.php(21): Illuminate\\Pipeline\\Pipeline->Illuminate\\Pipeline\\{closure}()
#38 /var/www/gpdsgame/vendor/laravel/framework/src/Illuminate/Foundation/Http/Middleware/ConvertEmptyStringsToNull.php(31): Illuminate\\Foundation\\Http\\Middleware\\TransformsRequest->handle()
#39 /var/www/gpdsgame/vendor/laravel/framework/src/Illuminate/Pipeline/Pipeline.php(209): Illuminate\\Foundation\\Http\\Middleware\\ConvertEmptyStringsToNull->handle()
#40 /var/www/gpdsgame/vendor/laravel/framework/src/Illuminate/Foundation/Http/Middleware/TransformsRequest.php(21): Illuminate\\Pipeline\\Pipeline->Illuminate\\Pipeline\\{closure}()
#41 /var/www/gpdsgame/vendor/laravel/framework/src/Illuminate/Foundation/Http/Middleware/TrimStrings.php(51): Illuminate\\Foundation\\Http\\Middleware\\TransformsRequest->handle()
#42 /var/www/gpdsgame/vendor/laravel/framework/src/Illuminate/Pipeline/Pipeline.php(209): Illuminate\\Foundation\\Http\\Middleware\\TrimStrings->handle()
#43 /var/www/gpdsgame/vendor/laravel/framework/src/Illuminate/Http/Middleware/ValidatePostSize.php(27): Illuminate\\Pipeline\\Pipeline->Illuminate\\Pipeline\\{closure}()
#44 /var/www/gpdsgame/vendor/laravel/framework/src/Illuminate/Pipeline/Pipeline.php(209): Illuminate\\Http\\Middleware\\ValidatePostSize->handle()
#45 /var/www/gpdsgame/vendor/laravel/framework/src/Illuminate/Foundation/Http/Middleware/PreventRequestsDuringMaintenance.php(110): Illuminate\\Pipeline\\Pipeline->Illuminate\\Pipeline\\{closure}()
#46 /var/www/gpdsgame/vendor/laravel/framework/src/Illuminate/Pipeline/Pipeline.php(209): Illuminate\\Foundation\\Http\\Middleware\\PreventRequestsDuringMaintenance->handle()
#47 /var/www/gpdsgame/vendor/laravel/framework/src/Illuminate/Http/Middleware/HandleCors.php(49): Illuminate\\Pipeline\\Pipeline->Illuminate\\Pipeline\\{closure}()
#48 /var/www/gpdsgame/vendor/laravel/framework/src/Illuminate/Pipeline/Pipeline.php(209): Illuminate\\Http\\Middleware\\HandleCors->handle()
#49 /var/www/gpdsgame/vendor/laravel/framework/src/Illuminate/Http/Middleware/TrustProxies.php(58): Illuminate\\Pipeline\\Pipeline->Illuminate\\Pipeline\\{closure}()
#50 /var/www/gpdsgame/vendor/laravel/framework/src/Illuminate/Pipeline/Pipeline.php(209): Illuminate\\Http\\Middleware\\TrustProxies->handle()
#51 /var/www/gpdsgame/vendor/laravel/framework/src/Illuminate/Foundation/Http/Middleware/InvokeDeferredCallbacks.php(22): Illuminate\\Pipeline\\Pipeline->Illuminate\\Pipeline\\{closure}()
#52 /var/www/gpdsgame/vendor/laravel/framework/src/Illuminate/Pipeline/Pipeline.php(209): Illuminate\\Foundation\\Http\\Middleware\\InvokeDeferredCallbacks->handle()
#53 /var/www/gpdsgame/app/Http/Middleware/CheckBanned.php(23): Illuminate\\Pipeline\\Pipeline->Illuminate\\Pipeline\\{closure}()
#54 /var/www/gpdsgame/vendor/laravel/framework/src/Illuminate/Pipeline/Pipeline.php(209): App\\Http\\Middleware\\CheckBanned->handle()
#55 /var/www/gpdsgame/app/Http/Middleware/CheckBannedIp.php(24): Illuminate\\Pipeline\\Pipeline->Illuminate\\Pipeline\\{closure}()
#56 /var/www/gpdsgame/vendor/laravel/framework/src/Illuminate/Pipeline/Pipeline.php(209): App\\Http\\Middleware\\CheckBannedIp->handle()
#57 /var/www/gpdsgame/vendor/laravel/framework/src/Illuminate/Pipeline/Pipeline.php(127): Illuminate\\Pipeline\\Pipeline->Illuminate\\Pipeline\\{closure}()
#58 /var/www/gpdsgame/vendor/laravel/framework/src/Illuminate/Foundation/Http/Kernel.php(176): Illuminate\\Pipeline\\Pipeline->then()
#59 /var/www/gpdsgame/vendor/laravel/framework/src/Illuminate/Foundation/Http/Kernel.php(145): Illuminate\\Foundation\\Http\\Kernel->sendRequestThroughRouter()
#60 /var/www/gpdsgame/public/index.php(57): Illuminate\\Foundation\\Http\\Kernel->handle()
#61 {main}

[previous exception] [object] (Error(code: 0): Call to a member function count() on null at /var/www/gpdsgame/storage/framework/views/b6f51383a1265b584fae659c17fa80b3.php:89)
[stacktrace]
#0 /var/www/gpdsgame/vendor/laravel/framework/src/Illuminate/Filesystem/Filesystem.php(123): require()
#1 /var/www/gpdsgame/vendor/laravel/framework/src/Illuminate/Filesystem/Filesystem.php(124): Illuminate\\Filesystem\\Filesystem::Illuminate\\Filesystem\\{closure}()
#2 /var/www/gpdsgame/vendor/laravel/framework/src/Illuminate/View/Engines/PhpEngine.php(58): Illuminate\\Filesystem\\Filesystem->getRequire()
#3 /var/www/gpdsgame/vendor/laravel/framework/src/Illuminate/View/Engines/CompilerEngine.php(75): Illuminate\\View\\Engines\\PhpEngine->evaluatePath()
#4 /var/www/gpdsgame/vendor/laravel/framework/src/Illuminate/View/View.php(209): Illuminate\\View\\Engines\\CompilerEngine->get()
#5 /var/www/gpdsgame/vendor/laravel/framework/src/Illuminate/View/View.php(192): Illuminate\\View\\View->getContents()
#6 /var/www/gpdsgame/vendor/laravel/framework/src/Illuminate/View/View.php(161): Illuminate\\View\\View->renderContents()
#7 /var/www/gpdsgame/vendor/laravel/framework/src/Illuminate/Http/Response.php(79): Illuminate\\View\\View->render()
#8 /var/www/gpdsgame/vendor/laravel/framework/src/Illuminate/Http/Response.php(35): Illuminate\\Http\\Response->setContent()
#9 /var/www/gpdsgame/vendor/laravel/framework/src/Illuminate/Routing/Router.php(920): Illuminate\\Http\\Response->__construct()
#10 /var/www/gpdsgame/vendor/laravel/framework/src/Illuminate/Routing/Router.php(887): Illuminate\\Routing\\Router::toResponse()
#11 /var/www/gpdsgame/vendor/laravel/framework/src/Illuminate/Routing/Router.php(807): Illuminate\\Routing\\Router->prepareResponse()
#12 /var/www/gpdsgame/vendor/laravel/framework/src/Illuminate/Pipeline/Pipeline.php(170): Illuminate\\Routing\\Router->Illuminate\\Routing\\{closure}()
#13 /var/www/gpdsgame/vendor/spatie/laravel-permission/src/Middleware/PermissionMiddleware.php(37): Illuminate\\Pipeline\\Pipeline->Illuminate\\Pipeline\\{closure}()
#14 /var/www/gpdsgame/vendor/laravel/framework/src/Illuminate/Pipeline/Pipeline.php(209): Spatie\\Permission\\Middleware\\PermissionMiddleware->handle()
#15 /var/www/gpdsgame/app/Http/Middleware/EnsureNotCustomer.php(32): Illuminate\\Pipeline\\Pipeline->Illuminate\\Pipeline\\{closure}()
#16 /var/www/gpdsgame/vendor/laravel/framework/src/Illuminate/Pipeline/Pipeline.php(209): App\\Http\\Middleware\\EnsureNotCustomer->handle()
#17 /var/www/gpdsgame/vendor/laravel/framework/src/Illuminate/Routing/Middleware/SubstituteBindings.php(51): Illuminate\\Pipeline\\Pipeline->Illuminate\\Pipeline\\{closure}()
#18 /var/www/gpdsgame/vendor/laravel/framework/src/Illuminate/Pipeline/Pipeline.php(209): Illuminate\\Routing\\Middleware\\SubstituteBindings->handle()
#19 /var/www/gpdsgame/vendor/laravel/framework/src/Illuminate/Auth/Middleware/Authenticate.php(64): Illuminate\\Pipeline\\Pipeline->Illuminate\\Pipeline\\{closure}()
#20 /var/www/gpdsgame/vendor/laravel/framework/src/Illuminate/Pipeline/Pipeline.php(209): Illuminate\\Auth\\Middleware\\Authenticate->handle()
#21 /var/www/gpdsgame/vendor/laravel/framework/src/Illuminate/Foundation/Http/Middleware/VerifyCsrfToken.php(88): Illuminate\\Pipeline\\Pipeline->Illuminate\\Pipeline\\{closure}()
#22 /var/www/gpdsgame/vendor/laravel/framework/src/Illuminate/Pipeline/Pipeline.php(209): Illuminate\\Foundation\\Http\\Middleware\\VerifyCsrfToken->handle()
#23 /var/www/gpdsgame/vendor/laravel/framework/src/Illuminate/View/Middleware/ShareErrorsFromSession.php(49): Illuminate\\Pipeline\\Pipeline->Illuminate\\Pipeline\\{closure}()
#24 /var/www/gpdsgame/vendor/laravel/framework/src/Illuminate/Pipeline/Pipeline.php(209): Illuminate\\View\\Middleware\\ShareErrorsFromSession->handle()
#25 /var/www/gpdsgame/vendor/laravel/framework/src/Illuminate/Session/Middleware/StartSession.php(121): Illuminate\\Pipeline\\Pipeline->Illuminate\\Pipeline\\{closure}()
#26 /var/www/gpdsgame/vendor/laravel/framework/src/Illuminate/Session/Middleware/StartSession.php(64): Illuminate\\Session\\Middleware\\StartSession->handleStatefulRequest()
#27 /var/www/gpdsgame/vendor/laravel/framework/src/Illuminate/Pipeline/Pipeline.php(209): Illuminate\\Session\\Middleware\\StartSession->handle()
#28 /var/www/gpdsgame/vendor/laravel/framework/src/Illuminate/Cookie/Middleware/AddQueuedCookiesToResponse.php(37): Illuminate\\Pipeline\\Pipeline->Illuminate\\Pipeline\\{closure}()
#29 /var/www/gpdsgame/vendor/laravel/framework/src/Illuminate/Pipeline/Pipeline.php(209): Illuminate\\Cookie\\Middleware\\AddQueuedCookiesToResponse->handle()
#30 /var/www/gpdsgame/vendor/laravel/framework/src/Illuminate/Cookie/Middleware/EncryptCookies.php(75): Illuminate\\Pipeline\\Pipeline->Illuminate\\Pipeline\\{closure}()
#31 /var/www/gpdsgame/vendor/laravel/framework/src/Illuminate/Pipeline/Pipeline.php(209): Illuminate\\Cookie\\Middleware\\EncryptCookies->handle()
#32 /var/www/gpdsgame/vendor/laravel/framework/src/Illuminate/Pipeline/Pipeline.php(127): Illuminate\\Pipeline\\Pipeline->Illuminate\\Pipeline\\{closure}()
#33 /var/www/gpdsgame/vendor/laravel/framework/src/Illuminate/Routing/Router.php(807): Illuminate\\Pipeline\\Pipeline->then()
#34 /var/www/gpdsgame/vendor/laravel/framework/src/Illuminate/Routing/Router.php(786): Illuminate\\Routing\\Router->runRouteWithinStack()
#35 /var/www/gpdsgame/vendor/laravel/framework/src/Illuminate/Routing/Router.php(750): Illuminate\\Routing\\Router->runRoute()
#36 /var/www/gpdsgame/vendor/laravel/framework/src/Illuminate/Routing/Router.php(739): Illuminate\\Routing\\Router->dispatchToRoute()
#37 /var/www/gpdsgame/vendor/laravel/framework/src/Illuminate/Foundation/Http/Kernel.php(201): Illuminate\\Routing\\Router->dispatch()
#38 /var/www/gpdsgame/vendor/laravel/framework/src/Illuminate/Pipeline/Pipeline.php(170): Illuminate\\Foundation\\Http\\Kernel->Illuminate\\Foundation\\Http\\{closure}()
#39 /var/www/gpdsgame/vendor/laravel/framework/src/Illuminate/Foundation/Http/Middleware/TransformsRequest.php(21): Illuminate\\Pipeline\\Pipeline->Illuminate\\Pipeline\\{closure}()
#40 /var/www/gpdsgame/vendor/laravel/framework/src/Illuminate/Foundation/Http/Middleware/ConvertEmptyStringsToNull.php(31): Illuminate\\Foundation\\Http\\Middleware\\TransformsRequest->handle()
#41 /var/www/gpdsgame/vendor/laravel/framework/src/Illuminate/Pipeline/Pipeline.php(209): Illuminate\\Foundation\\Http\\Middleware\\ConvertEmptyStringsToNull->handle()
#42 /var/www/gpdsgame/vendor/laravel/framework/src/Illuminate/Foundation/Http/Middleware/TransformsRequest.php(21): Illuminate\\Pipeline\\Pipeline->Illuminate\\Pipeline\\{closure}()
#43 /var/www/gpdsgame/vendor/laravel/framework/src/Illuminate/Foundation/Http/Middleware/TrimStrings.php(51): Illuminate\\Foundation\\Http\\Middleware\\TransformsRequest->handle()
#44 /var/www/gpdsgame/vendor/laravel/framework/src/Illuminate/Pipeline/Pipeline.php(209): Illuminate\\Foundation\\Http\\Middleware\\TrimStrings->handle()
#45 /var/www/gpdsgame/vendor/laravel/framework/src/Illuminate/Http/Middleware/ValidatePostSize.php(27): Illuminate\\Pipeline\\Pipeline->Illuminate\\Pipeline\\{closure}()
#46 /var/www/gpdsgame/vendor/laravel/framework/src/Illuminate/Pipeline/Pipeline.php(209): Illuminate\\Http\\Middleware\\ValidatePostSize->handle()
#47 /var/www/gpdsgame/vendor/laravel/framework/src/Illuminate/Foundation/Http/Middleware/PreventRequestsDuringMaintenance.php(110): Illuminate\\Pipeline\\Pipeline->Illuminate\\Pipeline\\{closure}()
#48 /var/www/gpdsgame/vendor/laravel/framework/src/Illuminate/Pipeline/Pipeline.php(209): Illuminate\\Foundation\\Http\\Middleware\\PreventRequestsDuringMaintenance->handle()
#49 /var/www/gpdsgame/vendor/laravel/framework/src/Illuminate/Http/Middleware/HandleCors.php(49): Illuminate\\Pipeline\\Pipeline->Illuminate\\Pipeline\\{closure}()
#50 /var/www/gpdsgame/vendor/laravel/framework/src/Illuminate/Pipeline/Pipeline.php(209): Illuminate\\Http\\Middleware\\HandleCors->handle()
#51 /var/www/gpdsgame/vendor/laravel/framework/src/Illuminate/Http/Middleware/TrustProxies.php(58): Illuminate\\Pipeline\\Pipeline->Illuminate\\Pipeline\\{closure}()
#52 /var/www/gpdsgame/vendor/laravel/framework/src/Illuminate/Pipeline/Pipeline.php(209): Illuminate\\Http\\Middleware\\TrustProxies->handle()
#53 /var/www/gpdsgame/vendor/laravel/framework/src/Illuminate/Foundation/Http/Middleware/InvokeDeferredCallbacks.php(22): Illuminate\\Pipeline\\Pipeline->Illuminate\\Pipeline\\{closure}()
#54 /var/www/gpdsgame/vendor/laravel/framework/src/Illuminate/Pipeline/Pipeline.php(209): Illuminate\\Foundation\\Http\\Middleware\\InvokeDeferredCallbacks->handle()
#55 /var/www/gpdsgame/app/Http/Middleware/CheckBanned.php(23): Illuminate\\Pipeline\\Pipeline->Illuminate\\Pipeline\\{closure}()
#56 /var/www/gpdsgame/vendor/laravel/framework/src/Illuminate/Pipeline/Pipeline.php(209): App\\Http\\Middleware\\CheckBanned->handle()
#57 /var/www/gpdsgame/app/Http/Middleware/CheckBannedIp.php(24): Illuminate\\Pipeline\\Pipeline->Illuminate\\Pipeline\\{closure}()
#58 /var/www/gpdsgame/vendor/laravel/framework/src/Illuminate/Pipeline/Pipeline.php(209): App\\Http\\Middleware\\CheckBannedIp->handle()
#59 /var/www/gpdsgame/vendor/laravel/framework/src/Illuminate/Pipeline/Pipeline.php(127): Illuminate\\Pipeline\\Pipeline->Illuminate\\Pipeline\\{closure}()
#60 /var/www/gpdsgame/vendor/laravel/framework/src/Illuminate/Foundation/Http/Kernel.php(176): Illuminate\\Pipeline\\Pipeline->then()
#61 /var/www/gpdsgame/vendor/laravel/framework/src/Illuminate/Foundation/Http/Kernel.php(145): Illuminate\\Foundation\\Http\\Kernel->sendRequestThroughRouter()
#62 /var/www/gpdsgame/public/index.php(57): Illuminate\\Foundation\\Http\\Kernel->handle()
#63 {main}
"} 
[2026-01-20 05:16:25] production.ERROR: Cannot end a push stack without first starting one. (View: /var/www/gpdsgame/resources/views/ecommerce/products/form.blade.php) {"userId":3364,"exception":"[object] (Illuminate\\View\\ViewException(code: 0): Cannot end a push stack without first starting one. (View: /var/www/gpdsgame/resources/views/ecommerce/products/form.blade.php) at /var/www/gpdsgame/vendor/laravel/framework/src/Illuminate/View/Concerns/ManagesStacks.php:58)
[stacktrace]
#0 /var/www/gpdsgame/vendor/laravel/framework/src/Illuminate/View/Engines/PhpEngine.php(60): Illuminate\\View\\Engines\\CompilerEngine->handleViewException()
#1 /var/www/gpdsgame/vendor/laravel/framework/src/Illuminate/View/Engines/CompilerEngine.php(75): Illuminate\\View\\Engines\\PhpEngine->evaluatePath()
#2 /var/www/gpdsgame/vendor/laravel/framework/src/Illuminate/View/View.php(209): Illuminate\\View\\Engines\\CompilerEngine->get()
#3 /var/www/gpdsgame/vendor/laravel/framework/src/Illuminate/View/View.php(192): Illuminate\\View\\View->getContents()
#4 /var/www/gpdsgame/vendor/laravel/framework/src/Illuminate/View/View.php(161): Illuminate\\View\\View->renderContents()
#5 /var/www/gpdsgame/vendor/laravel/framework/src/Illuminate/Http/Response.php(79): Illuminate\\View\\View->render()
#6 /var/www/gpdsgame/vendor/laravel/framework/src/Illuminate/Http/Response.php(35): Illuminate\\Http\\Response->setContent()
#7 /var/www/gpdsgame/vendor/laravel/framework/src/Illuminate/Routing/Router.php(920): Illuminate\\Http\\Response->__construct()
#8 /var/www/gpdsgame/vendor/laravel/framework/src/Illuminate/Routing/Router.php(887): Illuminate\\Routing\\Router::toResponse()
#9 /var/www/gpdsgame/vendor/laravel/framework/src/Illuminate/Routing/Router.php(807): Illuminate\\Routing\\Router->prepareResponse()
#10 /var/www/gpdsgame/vendor/laravel/framework/src/Illuminate/Pipeline/Pipeline.php(170): Illuminate\\Routing\\Router->Illuminate\\Routing\\{closure}()
#11 /var/www/gpdsgame/vendor/spatie/laravel-permission/src/Middleware/PermissionMiddleware.php(37): Illuminate\\Pipeline\\Pipeline->Illuminate\\Pipeline\\{closure}()
#12 /var/www/gpdsgame/vendor/laravel/framework/src/Illuminate/Pipeline/Pipeline.php(209): Spatie\\Permission\\Middleware\\PermissionMiddleware->handle()
#13 /var/www/gpdsgame/app/Http/Middleware/EnsureNotCustomer.php(32): Illuminate\\Pipeline\\Pipeline->Illuminate\\Pipeline\\{closure}()
#14 /var/www/gpdsgame/vendor/laravel/framework/src/Illuminate/Pipeline/Pipeline.php(209): App\\Http\\Middleware\\EnsureNotCustomer->handle()
#15 /var/www/gpdsgame/vendor/laravel/framework/src/Illuminate/Routing/Middleware/SubstituteBindings.php(51): Illuminate\\Pipeline\\Pipeline->Illuminate\\Pipeline\\{closure}()
#16 /var/www/gpdsgame/vendor/laravel/framework/src/Illuminate/Pipeline/Pipeline.php(209): Illuminate\\Routing\\Middleware\\SubstituteBindings->handle()
#17 /var/www/gpdsgame/vendor/laravel/framework/src/Illuminate/Auth/Middleware/Authenticate.php(64): Illuminate\\Pipeline\\Pipeline->Illuminate\\Pipeline\\{closure}()
#18 /var/www/gpdsgame/vendor/laravel/framework/src/Illuminate/Pipeline/Pipeline.php(209): Illuminate\\Auth\\Middleware\\Authenticate->handle()
#19 /var/www/gpdsgame/vendor/laravel/framework/src/Illuminate/Foundation/Http/Middleware/VerifyCsrfToken.php(88): Illuminate\\Pipeline\\Pipeline->Illuminate\\Pipeline\\{closure}()
#20 /var/www/gpdsgame/vendor/laravel/framework/src/Illuminate/Pipeline/Pipeline.php(209): Illuminate\\Foundation\\Http\\Middleware\\VerifyCsrfToken->handle()
#21 /var/www/gpdsgame/vendor/laravel/framework/src/Illuminate/View/Middleware/ShareErrorsFromSession.php(49): Illuminate\\Pipeline\\Pipeline->Illuminate\\Pipeline\\{closure}()
#22 /var/www/gpdsgame/vendor/laravel/framework/src/Illuminate/Pipeline/Pipeline.php(209): Illuminate\\View\\Middleware\\ShareErrorsFromSession->handle()
#23 /var/www/gpdsgame/vendor/laravel/framework/src/Illuminate/Session/Middleware/StartSession.php(121): Illuminate\\Pipeline\\Pipeline->Illuminate\\Pipeline\\{closure}()
#24 /var/www/gpdsgame/vendor/laravel/framework/src/Illuminate/Session/Middleware/StartSession.php(64): Illuminate\\Session\\Middleware\\StartSession->handleStatefulRequest()
#25 /var/www/gpdsgame/vendor/laravel/framework/src/Illuminate/Pipeline/Pipeline.php(209): Illuminate\\Session\\Middleware\\StartSession->handle()
#26 /var/www/gpdsgame/vendor/laravel/framework/src/Illuminate/Cookie/Middleware/AddQueuedCookiesToResponse.php(37): Illuminate\\Pipeline\\Pipeline->Illuminate\\Pipeline\\{closure}()
#27 /var/www/gpdsgame/vendor/laravel/framework/src/Illuminate/Pipeline/Pipeline.php(209): Illuminate\\Cookie\\Middleware\\AddQueuedCookiesToResponse->handle()
#28 /var/www/gpdsgame/vendor/laravel/framework/src/Illuminate/Cookie/Middleware/EncryptCookies.php(75): Illuminate\\Pipeline\\Pipeline->Illuminate\\Pipeline\\{closure}()
#29 /var/www/gpdsgame/vendor/laravel/framework/src/Illuminate/Pipeline/Pipeline.php(209): Illuminate\\Cookie\\Middleware\\EncryptCookies->handle()
#30 /var/www/gpdsgame/vendor/laravel/framework/src/Illuminate/Pipeline/Pipeline.php(127): Illuminate\\Pipeline\\Pipeline->Illuminate\\Pipeline\\{closure}()
#31 /var/www/gpdsgame/vendor/laravel/framework/src/Illuminate/Routing/Router.php(807): Illuminate\\Pipeline\\Pipeline->then()
#32 /var/www/gpdsgame/vendor/laravel/framework/src/Illuminate/Routing/Router.php(786): Illuminate\\Routing\\Router->runRouteWithinStack()
#33 /var/www/gpdsgame/vendor/laravel/framework/src/Illuminate/Routing/Router.php(750): Illuminate\\Routing\\Router->runRoute()
#34 /var/www/gpdsgame/vendor/laravel/framework/src/Illuminate/Routing/Router.php(739): Illuminate\\Routing\\Router->dispatchToRoute()
#35 /var/www/gpdsgame/vendor/laravel/framework/src/Illuminate/Foundation/Http/Kernel.php(201): Illuminate\\Routing\\Router->dispatch()
#36 /var/www/gpdsgame/vendor/laravel/framework/src/Illuminate/Pipeline/Pipeline.php(170): Illuminate\\Foundation\\Http\\Kernel->Illuminate\\Foundation\\Http\\{closure}()
#37 /var/www/gpdsgame/vendor/laravel/framework/src/Illuminate/Foundation/Http/Middleware/TransformsRequest.php(21): Illuminate\\Pipeline\\Pipeline->Illuminate\\Pipeline\\{closure}()
#38 /var/www/gpdsgame/vendor/laravel/framework/src/Illuminate/Foundation/Http/Middleware/ConvertEmptyStringsToNull.php(31): Illuminate\\Foundation\\Http\\Middleware\\TransformsRequest->handle()
#39 /var/www/gpdsgame/vendor/laravel/framework/src/Illuminate/Pipeline/Pipeline.php(209): Illuminate\\Foundation\\Http\\Middleware\\ConvertEmptyStringsToNull->handle()
#40 /var/www/gpdsgame/vendor/laravel/framework/src/Illuminate/Foundation/Http/Middleware/TransformsRequest.php(21): Illuminate\\Pipeline\\Pipeline->Illuminate\\Pipeline\\{closure}()
#41 /var/www/gpdsgame/vendor/laravel/framework/src/Illuminate/Foundation/Http/Middleware/TrimStrings.php(51): Illuminate\\Foundation\\Http\\Middleware\\TransformsRequest->handle()
#42 /var/www/gpdsgame/vendor/laravel/framework/src/Illuminate/Pipeline/Pipeline.php(209): Illuminate\\Foundation\\Http\\Middleware\\TrimStrings->handle()
#43 /var/www/gpdsgame/vendor/laravel/framework/src/Illuminate/Http/Middleware/ValidatePostSize.php(27): Illuminate\\Pipeline\\Pipeline->Illuminate\\Pipeline\\{closure}()
#44 /var/www/gpdsgame/vendor/laravel/framework/src/Illuminate/Pipeline/Pipeline.php(209): Illuminate\\Http\\Middleware\\ValidatePostSize->handle()
#45 /var/www/gpdsgame/vendor/laravel/framework/src/Illuminate/Foundation/Http/Middleware/PreventRequestsDuringMaintenance.php(110): Illuminate\\Pipeline\\Pipeline->Illuminate\\Pipeline\\{closure}()
#46 /var/www/gpdsgame/vendor/laravel/framework/src/Illuminate/Pipeline/Pipeline.php(209): Illuminate\\Foundation\\Http\\Middleware\\PreventRequestsDuringMaintenance->handle()
#47 /var/www/gpdsgame/vendor/laravel/framework/src/Illuminate/Http/Middleware/HandleCors.php(49): Illuminate\\Pipeline\\Pipeline->Illuminate\\Pipeline\\{closure}()
#48 /var/www/gpdsgame/vendor/laravel/framework/src/Illuminate/Pipeline/Pipeline.php(209): Illuminate\\Http\\Middleware\\HandleCors->handle()
#49 /var/www/gpdsgame/vendor/laravel/framework/src/Illuminate/Http/Middleware/TrustProxies.php(58): Illuminate\\Pipeline\\Pipeline->Illuminate\\Pipeline\\{closure}()
#50 /var/www/gpdsgame/vendor/laravel/framework/src/Illuminate/Pipeline/Pipeline.php(209): Illuminate\\Http\\Middleware\\TrustProxies->handle()
#51 /var/www/gpdsgame/vendor/laravel/framework/src/Illuminate/Foundation/Http/Middleware/InvokeDeferredCallbacks.php(22): Illuminate\\Pipeline\\Pipeline->Illuminate\\Pipeline\\{closure}()
#52 /var/www/gpdsgame/vendor/laravel/framework/src/Illuminate/Pipeline/Pipeline.php(209): Illuminate\\Foundation\\Http\\Middleware\\InvokeDeferredCallbacks->handle()
#53 /var/www/gpdsgame/app/Http/Middleware/CheckBanned.php(23): Illuminate\\Pipeline\\Pipeline->Illuminate\\Pipeline\\{closure}()
#54 /var/www/gpdsgame/vendor/laravel/framework/src/Illuminate/Pipeline/Pipeline.php(209): App\\Http\\Middleware\\CheckBanned->handle()
#55 /var/www/gpdsgame/app/Http/Middleware/CheckBannedIp.php(24): Illuminate\\Pipeline\\Pipeline->Illuminate\\Pipeline\\{closure}()
#56 /var/www/gpdsgame/vendor/laravel/framework/src/Illuminate/Pipeline/Pipeline.php(209): App\\Http\\Middleware\\CheckBannedIp->handle()
#57 /var/www/gpdsgame/vendor/laravel/framework/src/Illuminate/Pipeline/Pipeline.php(127): Illuminate\\Pipeline\\Pipeline->Illuminate\\Pipeline\\{closure}()
#58 /var/www/gpdsgame/vendor/laravel/framework/src/Illuminate/Foundation/Http/Kernel.php(176): Illuminate\\Pipeline\\Pipeline->then()
#59 /var/www/gpdsgame/vendor/laravel/framework/src/Illuminate/Foundation/Http/Kernel.php(145): Illuminate\\Foundation\\Http\\Kernel->sendRequestThroughRouter()
#60 /var/www/gpdsgame/public/index.php(57): Illuminate\\Foundation\\Http\\Kernel->handle()
#61 {main}

[previous exception] [object] (InvalidArgumentException(code: 0): Cannot end a push stack without first starting one. at /var/www/gpdsgame/vendor/laravel/framework/src/Illuminate/View/Concerns/ManagesStacks.php:58)
[stacktrace]
#0 /var/www/gpdsgame/storage/framework/views/dcbd2adc95091367420482226ec3e4ac.php(601): Illuminate\\View\\Factory->stopPush()
#1 /var/www/gpdsgame/vendor/laravel/framework/src/Illuminate/Filesystem/Filesystem.php(123): require('...')
#2 /var/www/gpdsgame/vendor/laravel/framework/src/Illuminate/Filesystem/Filesystem.php(124): Illuminate\\Filesystem\\Filesystem::Illuminate\\Filesystem\\{closure}()
#3 /var/www/gpdsgame/vendor/laravel/framework/src/Illuminate/View/Engines/PhpEngine.php(58): Illuminate\\Filesystem\\Filesystem->getRequire()
#4 /var/www/gpdsgame/vendor/laravel/framework/src/Illuminate/View/Engines/CompilerEngine.php(75): Illuminate\\View\\Engines\\PhpEngine->evaluatePath()
#5 /var/www/gpdsgame/vendor/laravel/framework/src/Illuminate/View/View.php(209): Illuminate\\View\\Engines\\CompilerEngine->get()
#6 /var/www/gpdsgame/vendor/laravel/framework/src/Illuminate/View/View.php(192): Illuminate\\View\\View->getContents()
#7 /var/www/gpdsgame/vendor/laravel/framework/src/Illuminate/View/View.php(161): Illuminate\\View\\View->renderContents()
#8 /var/www/gpdsgame/vendor/laravel/framework/src/Illuminate/Http/Response.php(79): Illuminate\\View\\View->render()
#9 /var/www/gpdsgame/vendor/laravel/framework/src/Illuminate/Http/Response.php(35): Illuminate\\Http\\Response->setContent()
#10 /var/www/gpdsgame/vendor/laravel/framework/src/Illuminate/Routing/Router.php(920): Illuminate\\Http\\Response->__construct()
#11 /var/www/gpdsgame/vendor/laravel/framework/src/Illuminate/Routing/Router.php(887): Illuminate\\Routing\\Router::toResponse()
#12 /var/www/gpdsgame/vendor/laravel/framework/src/Illuminate/Routing/Router.php(807): Illuminate\\Routing\\Router->prepareResponse()
#13 /var/www/gpdsgame/vendor/laravel/framework/src/Illuminate/Pipeline/Pipeline.php(170): Illuminate\\Routing\\Router->Illuminate\\Routing\\{closure}()
#14 /var/www/gpdsgame/vendor/spatie/laravel-permission/src/Middleware/PermissionMiddleware.php(37): Illuminate\\Pipeline\\Pipeline->Illuminate\\Pipeline\\{closure}()
#15 /var/www/gpdsgame/vendor/laravel/framework/src/Illuminate/Pipeline/Pipeline.php(209): Spatie\\Permission\\Middleware\\PermissionMiddleware->handle()
#16 /var/www/gpdsgame/app/Http/Middleware/EnsureNotCustomer.php(32): Illuminate\\Pipeline\\Pipeline->Illuminate\\Pipeline\\{closure}()
#17 /var/www/gpdsgame/vendor/laravel/framework/src/Illuminate/Pipeline/Pipeline.php(209): App\\Http\\Middleware\\EnsureNotCustomer->handle()
#18 /var/www/gpdsgame/vendor/laravel/framework/src/Illuminate/Routing/Middleware/SubstituteBindings.php(51): Illuminate\\Pipeline\\Pipeline->Illuminate\\Pipeline\\{closure}()
#19 /var/www/gpdsgame/vendor/laravel/framework/src/Illuminate/Pipeline/Pipeline.php(209): Illuminate\\Routing\\Middleware\\SubstituteBindings->handle()
#20 /var/www/gpdsgame/vendor/laravel/framework/src/Illuminate/Auth/Middleware/Authenticate.php(64): Illuminate\\Pipeline\\Pipeline->Illuminate\\Pipeline\\{closure}()
#21 /var/www/gpdsgame/vendor/laravel/framework/src/Illuminate/Pipeline/Pipeline.php(209): Illuminate\\Auth\\Middleware\\Authenticate->handle()
#22 /var/www/gpdsgame/vendor/laravel/framework/src/Illuminate/Foundation/Http/Middleware/VerifyCsrfToken.php(88): Illuminate\\Pipeline\\Pipeline->Illuminate\\Pipeline\\{closure}()
#23 /var/www/gpdsgame/vendor/laravel/framework/src/Illuminate/Pipeline/Pipeline.php(209): Illuminate\\Foundation\\Http\\Middleware\\VerifyCsrfToken->handle()
#24 /var/www/gpdsgame/vendor/laravel/framework/src/Illuminate/View/Middleware/ShareErrorsFromSession.php(49): Illuminate\\Pipeline\\Pipeline->Illuminate\\Pipeline\\{closure}()
#25 /var/www/gpdsgame/vendor/laravel/framework/src/Illuminate/Pipeline/Pipeline.php(209): Illuminate\\View\\Middleware\\ShareErrorsFromSession->handle()
#26 /var/www/gpdsgame/vendor/laravel/framework/src/Illuminate/Session/Middleware/StartSession.php(121): Illuminate\\Pipeline\\Pipeline->Illuminate\\Pipeline\\{closure}()
#27 /var/www/gpdsgame/vendor/laravel/framework/src/Illuminate/Session/Middleware/StartSession.php(64): Illuminate\\Session\\Middleware\\StartSession->handleStatefulRequest()
#28 /var/www/gpdsgame/vendor/laravel/framework/src/Illuminate/Pipeline/Pipeline.php(209): Illuminate\\Session\\Middleware\\StartSession->handle()
#29 /var/www/gpdsgame/vendor/laravel/framework/src/Illuminate/Cookie/Middleware/AddQueuedCookiesToResponse.php(37): Illuminate\\Pipeline\\Pipeline->Illuminate\\Pipeline\\{closure}()
#30 /var/www/gpdsgame/vendor/laravel/framework/src/Illuminate/Pipeline/Pipeline.php(209): Illuminate\\Cookie\\Middleware\\AddQueuedCookiesToResponse->handle()
#31 /var/www/gpdsgame/vendor/laravel/framework/src/Illuminate/Cookie/Middleware/EncryptCookies.php(75): Illuminate\\Pipeline\\Pipeline->Illuminate\\Pipeline\\{closure}()
#32 /var/www/gpdsgame/vendor/laravel/framework/src/Illuminate/Pipeline/Pipeline.php(209): Illuminate\\Cookie\\Middleware\\EncryptCookies->handle()
#33 /var/www/gpdsgame/vendor/laravel/framework/src/Illuminate/Pipeline/Pipeline.php(127): Illuminate\\Pipeline\\Pipeline->Illuminate\\Pipeline\\{closure}()
#34 /var/www/gpdsgame/vendor/laravel/framework/src/Illuminate/Routing/Router.php(807): Illuminate\\Pipeline\\Pipeline->then()
#35 /var/www/gpdsgame/vendor/laravel/framework/src/Illuminate/Routing/Router.php(786): Illuminate\\Routing\\Router->runRouteWithinStack()
#36 /var/www/gpdsgame/vendor/laravel/framework/src/Illuminate/Routing/Router.php(750): Illuminate\\Routing\\Router->runRoute()
#37 /var/www/gpdsgame/vendor/laravel/framework/src/Illuminate/Routing/Router.php(739): Illuminate\\Routing\\Router->dispatchToRoute()
#38 /var/www/gpdsgame/vendor/laravel/framework/src/Illuminate/Foundation/Http/Kernel.php(201): Illuminate\\Routing\\Router->dispatch()
#39 /var/www/gpdsgame/vendor/laravel/framework/src/Illuminate/Pipeline/Pipeline.php(170): Illuminate\\Foundation\\Http\\Kernel->Illuminate\\Foundation\\Http\\{closure}()
#40 /var/www/gpdsgame/vendor/laravel/framework/src/Illuminate/Foundation/Http/Middleware/TransformsRequest.php(21): Illuminate\\Pipeline\\Pipeline->Illuminate\\Pipeline\\{closure}()
#41 /var/www/gpdsgame/vendor/laravel/framework/src/Illuminate/Foundation/Http/Middleware/ConvertEmptyStringsToNull.php(31): Illuminate\\Foundation\\Http\\Middleware\\TransformsRequest->handle()
#42 /var/www/gpdsgame/vendor/laravel/framework/src/Illuminate/Pipeline/Pipeline.php(209): Illuminate\\Foundation\\Http\\Middleware\\ConvertEmptyStringsToNull->handle()
#43 /var/www/gpdsgame/vendor/laravel/framework/src/Illuminate/Foundation/Http/Middleware/TransformsRequest.php(21): Illuminate\\Pipeline\\Pipeline->Illuminate\\Pipeline\\{closure}()
#44 /var/www/gpdsgame/vendor/laravel/framework/src/Illuminate/Foundation/Http/Middleware/TrimStrings.php(51): Illuminate\\Foundation\\Http\\Middleware\\TransformsRequest->handle()
#45 /var/www/gpdsgame/vendor/laravel/framework/src/Illuminate/Pipeline/Pipeline.php(209): Illuminate\\Foundation\\Http\\Middleware\\TrimStrings->handle()
#46 /var/www/gpdsgame/vendor/laravel/framework/src/Illuminate/Http/Middleware/ValidatePostSize.php(27): Illuminate\\Pipeline\\Pipeline->Illuminate\\Pipeline\\{closure}()
#47 /var/www/gpdsgame/vendor/laravel/framework/src/Illuminate/Pipeline/Pipeline.php(209): Illuminate\\Http\\Middleware\\ValidatePostSize->handle()
#48 /var/www/gpdsgame/vendor/laravel/framework/src/Illuminate/Foundation/Http/Middleware/PreventRequestsDuringMaintenance.php(110): Illuminate\\Pipeline\\Pipeline->Illuminate\\Pipeline\\{closure}()
#49 /var/www/gpdsgame/vendor/laravel/framework/src/Illuminate/Pipeline/Pipeline.php(209): Illuminate\\Foundation\\Http\\Middleware\\PreventRequestsDuringMaintenance->handle()
#50 /var/www/gpdsgame/vendor/laravel/framework/src/Illuminate/Http/Middleware/HandleCors.php(49): Illuminate\\Pipeline\\Pipeline->Illuminate\\Pipeline\\{closure}()
#51 /var/www/gpdsgame/vendor/laravel/framework/src/Illuminate/Pipeline/Pipeline.php(209): Illuminate\\Http\\Middleware\\HandleCors->handle()
#52 /var/www/gpdsgame/vendor/laravel/framework/src/Illuminate/Http/Middleware/TrustProxies.php(58): Illuminate\\Pipeline\\Pipeline->Illuminate\\Pipeline\\{closure}()
#53 /var/www/gpdsgame/vendor/laravel/framework/src/Illuminate/Pipeline/Pipeline.php(209): Illuminate\\Http\\Middleware\\TrustProxies->handle()
#54 /var/www/gpdsgame/vendor/laravel/framework/src/Illuminate/Foundation/Http/Middleware/InvokeDeferredCallbacks.php(22): Illuminate\\Pipeline\\Pipeline->Illuminate\\Pipeline\\{closure}()
#55 /var/www/gpdsgame/vendor/laravel/framework/src/Illuminate/Pipeline/Pipeline.php(209): Illuminate\\Foundation\\Http\\Middleware\\InvokeDeferredCallbacks->handle()
#56 /var/www/gpdsgame/app/Http/Middleware/CheckBanned.php(23): Illuminate\\Pipeline\\Pipeline->Illuminate\\Pipeline\\{closure}()
#57 /var/www/gpdsgame/vendor/laravel/framework/src/Illuminate/Pipeline/Pipeline.php(209): App\\Http\\Middleware\\CheckBanned->handle()
#58 /var/www/gpdsgame/app/Http/Middleware/CheckBannedIp.php(24): Illuminate\\Pipeline\\Pipeline->Illuminate\\Pipeline\\{closure}()
#59 /var/www/gpdsgame/vendor/laravel/framework/src/Illuminate/Pipeline/Pipeline.php(209): App\\Http\\Middleware\\CheckBannedIp->handle()
#60 /var/www/gpdsgame/vendor/laravel/framework/src/Illuminate/Pipeline/Pipeline.php(127): Illuminate\\Pipeline\\Pipeline->Illuminate\\Pipeline\\{closure}()
#61 /var/www/gpdsgame/vendor/laravel/framework/src/Illuminate/Foundation/Http/Kernel.php(176): Illuminate\\Pipeline\\Pipeline->then()
#62 /var/www/gpdsgame/vendor/laravel/framework/src/Illuminate/Foundation/Http/Kernel.php(145): Illuminate\\Foundation\\Http\\Kernel->sendRequestThroughRouter()
#63 /var/www/gpdsgame/public/index.php(57): Illuminate\\Foundation\\Http\\Kernel->handle()
#64 {main}
"} 
[2026-01-20 05:16:26] production.ERROR: Cannot end a push stack without first starting one. (View: /var/www/gpdsgame/resources/views/ecommerce/products/form.blade.php) {"userId":3364,"exception":"[object] (Illuminate\\View\\ViewException(code: 0): Cannot end a push stack without first starting one. (View: /var/www/gpdsgame/resources/views/ecommerce/products/form.blade.php) at /var/www/gpdsgame/vendor/laravel/framework/src/Illuminate/View/Concerns/ManagesStacks.php:58)
[stacktrace]
#0 /var/www/gpdsgame/vendor/laravel/framework/src/Illuminate/View/Engines/PhpEngine.php(60): Illuminate\\View\\Engines\\CompilerEngine->handleViewException()
#1 /var/www/gpdsgame/vendor/laravel/framework/src/Illuminate/View/Engines/CompilerEngine.php(75): Illuminate\\View\\Engines\\PhpEngine->evaluatePath()
#2 /var/www/gpdsgame/vendor/laravel/framework/src/Illuminate/View/View.php(209): Illuminate\\View\\Engines\\CompilerEngine->get()
#3 /var/www/gpdsgame/vendor/laravel/framework/src/Illuminate/View/View.php(192): Illuminate\\View\\View->getContents()
#4 /var/www/gpdsgame/vendor/laravel/framework/src/Illuminate/View/View.php(161): Illuminate\\View\\View->renderContents()
#5 /var/www/gpdsgame/vendor/laravel/framework/src/Illuminate/Http/Response.php(79): Illuminate\\View\\View->render()
#6 /var/www/gpdsgame/vendor/laravel/framework/src/Illuminate/Http/Response.php(35): Illuminate\\Http\\Response->setContent()
#7 /var/www/gpdsgame/vendor/laravel/framework/src/Illuminate/Routing/Router.php(920): Illuminate\\Http\\Response->__construct()
#8 /var/www/gpdsgame/vendor/laravel/framework/src/Illuminate/Routing/Router.php(887): Illuminate\\Routing\\Router::toResponse()
#9 /var/www/gpdsgame/vendor/laravel/framework/src/Illuminate/Routing/Router.php(807): Illuminate\\Routing\\Router->prepareResponse()
#10 /var/www/gpdsgame/vendor/laravel/framework/src/Illuminate/Pipeline/Pipeline.php(170): Illuminate\\Routing\\Router->Illuminate\\Routing\\{closure}()
#11 /var/www/gpdsgame/vendor/spatie/laravel-permission/src/Middleware/PermissionMiddleware.php(37): Illuminate\\Pipeline\\Pipeline->Illuminate\\Pipeline\\{closure}()
#12 /var/www/gpdsgame/vendor/laravel/framework/src/Illuminate/Pipeline/Pipeline.php(209): Spatie\\Permission\\Middleware\\PermissionMiddleware->handle()
#13 /var/www/gpdsgame/app/Http/Middleware/EnsureNotCustomer.php(32): Illuminate\\Pipeline\\Pipeline->Illuminate\\Pipeline\\{closure}()
#14 /var/www/gpdsgame/vendor/laravel/framework/src/Illuminate/Pipeline/Pipeline.php(209): App\\Http\\Middleware\\EnsureNotCustomer->handle()
#15 /var/www/gpdsgame/vendor/laravel/framework/src/Illuminate/Routing/Middleware/SubstituteBindings.php(51): Illuminate\\Pipeline\\Pipeline->Illuminate\\Pipeline\\{closure}()
#16 /var/www/gpdsgame/vendor/laravel/framework/src/Illuminate/Pipeline/Pipeline.php(209): Illuminate\\Routing\\Middleware\\SubstituteBindings->handle()
#17 /var/www/gpdsgame/vendor/laravel/framework/src/Illuminate/Auth/Middleware/Authenticate.php(64): Illuminate\\Pipeline\\Pipeline->Illuminate\\Pipeline\\{closure}()
#18 /var/www/gpdsgame/vendor/laravel/framework/src/Illuminate/Pipeline/Pipeline.php(209): Illuminate\\Auth\\Middleware\\Authenticate->handle()
#19 /var/www/gpdsgame/vendor/laravel/framework/src/Illuminate/Foundation/Http/Middleware/VerifyCsrfToken.php(88): Illuminate\\Pipeline\\Pipeline->Illuminate\\Pipeline\\{closure}()
#20 /var/www/gpdsgame/vendor/laravel/framework/src/Illuminate/Pipeline/Pipeline.php(209): Illuminate\\Foundation\\Http\\Middleware\\VerifyCsrfToken->handle()
#21 /var/www/gpdsgame/vendor/laravel/framework/src/Illuminate/View/Middleware/ShareErrorsFromSession.php(49): Illuminate\\Pipeline\\Pipeline->Illuminate\\Pipeline\\{closure}()
#22 /var/www/gpdsgame/vendor/laravel/framework/src/Illuminate/Pipeline/Pipeline.php(209): Illuminate\\View\\Middleware\\ShareErrorsFromSession->handle()
#23 /var/www/gpdsgame/vendor/laravel/framework/src/Illuminate/Session/Middleware/StartSession.php(121): Illuminate\\Pipeline\\Pipeline->Illuminate\\Pipeline\\{closure}()
#24 /var/www/gpdsgame/vendor/laravel/framework/src/Illuminate/Session/Middleware/StartSession.php(64): Illuminate\\Session\\Middleware\\StartSession->handleStatefulRequest()
#25 /var/www/gpdsgame/vendor/laravel/framework/src/Illuminate/Pipeline/Pipeline.php(209): Illuminate\\Session\\Middleware\\StartSession->handle()
#26 /var/www/gpdsgame/vendor/laravel/framework/src/Illuminate/Cookie/Middleware/AddQueuedCookiesToResponse.php(37): Illuminate\\Pipeline\\Pipeline->Illuminate\\Pipeline\\{closure}()
#27 /var/www/gpdsgame/vendor/laravel/framework/src/Illuminate/Pipeline/Pipeline.php(209): Illuminate\\Cookie\\Middleware\\AddQueuedCookiesToResponse->handle()
#28 /var/www/gpdsgame/vendor/laravel/framework/src/Illuminate/Cookie/Middleware/EncryptCookies.php(75): Illuminate\\Pipeline\\Pipeline->Illuminate\\Pipeline\\{closure}()
#29 /var/www/gpdsgame/vendor/laravel/framework/src/Illuminate/Pipeline/Pipeline.php(209): Illuminate\\Cookie\\Middleware\\EncryptCookies->handle()
#30 /var/www/gpdsgame/vendor/laravel/framework/src/Illuminate/Pipeline/Pipeline.php(127): Illuminate\\Pipeline\\Pipeline->Illuminate\\Pipeline\\{closure}()
#31 /var/www/gpdsgame/vendor/laravel/framework/src/Illuminate/Routing/Router.php(807): Illuminate\\Pipeline\\Pipeline->then()
#32 /var/www/gpdsgame/vendor/laravel/framework/src/Illuminate/Routing/Router.php(786): Illuminate\\Routing\\Router->runRouteWithinStack()
#33 /var/www/gpdsgame/vendor/laravel/framework/src/Illuminate/Routing/Router.php(750): Illuminate\\Routing\\Router->runRoute()
#34 /var/www/gpdsgame/vendor/laravel/framework/src/Illuminate/Routing/Router.php(739): Illuminate\\Routing\\Router->dispatchToRoute()
#35 /var/www/gpdsgame/vendor/laravel/framework/src/Illuminate/Foundation/Http/Kernel.php(201): Illuminate\\Routing\\Router->dispatch()
#36 /var/www/gpdsgame/vendor/laravel/framework/src/Illuminate/Pipeline/Pipeline.php(170): Illuminate\\Foundation\\Http\\Kernel->Illuminate\\Foundation\\Http\\{closure}()
#37 /var/www/gpdsgame/vendor/laravel/framework/src/Illuminate/Foundation/Http/Middleware/TransformsRequest.php(21): Illuminate\\Pipeline\\Pipeline->Illuminate\\Pipeline\\{closure}()
#38 /var/www/gpdsgame/vendor/laravel/framework/src/Illuminate/Foundation/Http/Middleware/ConvertEmptyStringsToNull.php(31): Illuminate\\Foundation\\Http\\Middleware\\TransformsRequest->handle()
#39 /var/www/gpdsgame/vendor/laravel/framework/src/Illuminate/Pipeline/Pipeline.php(209): Illuminate\\Foundation\\Http\\Middleware\\ConvertEmptyStringsToNull->handle()
#40 /var/www/gpdsgame/vendor/laravel/framework/src/Illuminate/Foundation/Http/Middleware/TransformsRequest.php(21): Illuminate\\Pipeline\\Pipeline->Illuminate\\Pipeline\\{closure}()
#41 /var/www/gpdsgame/vendor/laravel/framework/src/Illuminate/Foundation/Http/Middleware/TrimStrings.php(51): Illuminate\\Foundation\\Http\\Middleware\\TransformsRequest->handle()
#42 /var/www/gpdsgame/vendor/laravel/framework/src/Illuminate/Pipeline/Pipeline.php(209): Illuminate\\Foundation\\Http\\Middleware\\TrimStrings->handle()
#43 /var/www/gpdsgame/vendor/laravel/framework/src/Illuminate/Http/Middleware/ValidatePostSize.php(27): Illuminate\\Pipeline\\Pipeline->Illuminate\\Pipeline\\{closure}()
#44 /var/www/gpdsgame/vendor/laravel/framework/src/Illuminate/Pipeline/Pipeline.php(209): Illuminate\\Http\\Middleware\\ValidatePostSize->handle()
#45 /var/www/gpdsgame/vendor/laravel/framework/src/Illuminate/Foundation/Http/Middleware/PreventRequestsDuringMaintenance.php(110): Illuminate\\Pipeline\\Pipeline->Illuminate\\Pipeline\\{closure}()
#46 /var/www/gpdsgame/vendor/laravel/framework/src/Illuminate/Pipeline/Pipeline.php(209): Illuminate\\Foundation\\Http\\Middleware\\PreventRequestsDuringMaintenance->handle()
#47 /var/www/gpdsgame/vendor/laravel/framework/src/Illuminate/Http/Middleware/HandleCors.php(49): Illuminate\\Pipeline\\Pipeline->Illuminate\\Pipeline\\{closure}()
#48 /var/www/gpdsgame/vendor/laravel/framework/src/Illuminate/Pipeline/Pipeline.php(209): Illuminate\\Http\\Middleware\\HandleCors->handle()
#49 /var/www/gpdsgame/vendor/laravel/framework/src/Illuminate/Http/Middleware/TrustProxies.php(58): Illuminate\\Pipeline\\Pipeline->Illuminate\\Pipeline\\{closure}()
#50 /var/www/gpdsgame/vendor/laravel/framework/src/Illuminate/Pipeline/Pipeline.php(209): Illuminate\\Http\\Middleware\\TrustProxies->handle()
#51 /var/www/gpdsgame/vendor/laravel/framework/src/Illuminate/Foundation/Http/Middleware/InvokeDeferredCallbacks.php(22): Illuminate\\Pipeline\\Pipeline->Illuminate\\Pipeline\\{closure}()
#52 /var/www/gpdsgame/vendor/laravel/framework/src/Illuminate/Pipeline/Pipeline.php(209): Illuminate\\Foundation\\Http\\Middleware\\InvokeDeferredCallbacks->handle()
#53 /var/www/gpdsgame/app/Http/Middleware/CheckBanned.php(23): Illuminate\\Pipeline\\Pipeline->Illuminate\\Pipeline\\{closure}()
#54 /var/www/gpdsgame/vendor/laravel/framework/src/Illuminate/Pipeline/Pipeline.php(209): App\\Http\\Middleware\\CheckBanned->handle()
#55 /var/www/gpdsgame/app/Http/Middleware/CheckBannedIp.php(24): Illuminate\\Pipeline\\Pipeline->Illuminate\\Pipeline\\{closure}()
#56 /var/www/gpdsgame/vendor/laravel/framework/src/Illuminate/Pipeline/Pipeline.php(209): App\\Http\\Middleware\\CheckBannedIp->handle()
#57 /var/www/gpdsgame/vendor/laravel/framework/src/Illuminate/Pipeline/Pipeline.php(127): Illuminate\\Pipeline\\Pipeline->Illuminate\\Pipeline\\{closure}()
#58 /var/www/gpdsgame/vendor/laravel/framework/src/Illuminate/Foundation/Http/Kernel.php(176): Illuminate\\Pipeline\\Pipeline->then()
#59 /var/www/gpdsgame/vendor/laravel/framework/src/Illuminate/Foundation/Http/Kernel.php(145): Illuminate\\Foundation\\Http\\Kernel->sendRequestThroughRouter()
#60 /var/www/gpdsgame/public/index.php(57): Illuminate\\Foundation\\Http\\Kernel->handle()
#61 {main}

[previous exception] [object] (InvalidArgumentException(code: 0): Cannot end a push stack without first starting one. at /var/www/gpdsgame/vendor/laravel/framework/src/Illuminate/View/Concerns/ManagesStacks.php:58)
[stacktrace]
#0 /var/www/gpdsgame/storage/framework/views/dcbd2adc95091367420482226ec3e4ac.php(601): Illuminate\\View\\Factory->stopPush()
#1 /var/www/gpdsgame/vendor/laravel/framework/src/Illuminate/Filesystem/Filesystem.php(123): require('...')
#2 /var/www/gpdsgame/vendor/laravel/framework/src/Illuminate/Filesystem/Filesystem.php(124): Illuminate\\Filesystem\\Filesystem::Illuminate\\Filesystem\\{closure}()
#3 /var/www/gpdsgame/vendor/laravel/framework/src/Illuminate/View/Engines/PhpEngine.php(58): Illuminate\\Filesystem\\Filesystem->getRequire()
#4 /var/www/gpdsgame/vendor/laravel/framework/src/Illuminate/View/Engines/CompilerEngine.php(75): Illuminate\\View\\Engines\\PhpEngine->evaluatePath()
#5 /var/www/gpdsgame/vendor/laravel/framework/src/Illuminate/View/View.php(209): Illuminate\\View\\Engines\\CompilerEngine->get()
#6 /var/www/gpdsgame/vendor/laravel/framework/src/Illuminate/View/View.php(192): Illuminate\\View\\View->getContents()
#7 /var/www/gpdsgame/vendor/laravel/framework/src/Illuminate/View/View.php(161): Illuminate\\View\\View->renderContents()
#8 /var/www/gpdsgame/vendor/laravel/framework/src/Illuminate/Http/Response.php(79): Illuminate\\View\\View->render()
#9 /var/www/gpdsgame/vendor/laravel/framework/src/Illuminate/Http/Response.php(35): Illuminate\\Http\\Response->setContent()
#10 /var/www/gpdsgame/vendor/laravel/framework/src/Illuminate/Routing/Router.php(920): Illuminate\\Http\\Response->__construct()
#11 /var/www/gpdsgame/vendor/laravel/framework/src/Illuminate/Routing/Router.php(887): Illuminate\\Routing\\Router::toResponse()
#12 /var/www/gpdsgame/vendor/laravel/framework/src/Illuminate/Routing/Router.php(807): Illuminate\\Routing\\Router->prepareResponse()
#13 /var/www/gpdsgame/vendor/laravel/framework/src/Illuminate/Pipeline/Pipeline.php(170): Illuminate\\Routing\\Router->Illuminate\\Routing\\{closure}()
#14 /var/www/gpdsgame/vendor/spatie/laravel-permission/src/Middleware/PermissionMiddleware.php(37): Illuminate\\Pipeline\\Pipeline->Illuminate\\Pipeline\\{closure}()
#15 /var/www/gpdsgame/vendor/laravel/framework/src/Illuminate/Pipeline/Pipeline.php(209): Spatie\\Permission\\Middleware\\PermissionMiddleware->handle()
#16 /var/www/gpdsgame/app/Http/Middleware/EnsureNotCustomer.php(32): Illuminate\\Pipeline\\Pipeline->Illuminate\\Pipeline\\{closure}()
#17 /var/www/gpdsgame/vendor/laravel/framework/src/Illuminate/Pipeline/Pipeline.php(209): App\\Http\\Middleware\\EnsureNotCustomer->handle()
#18 /var/www/gpdsgame/vendor/laravel/framework/src/Illuminate/Routing/Middleware/SubstituteBindings.php(51): Illuminate\\Pipeline\\Pipeline->Illuminate\\Pipeline\\{closure}()
#19 /var/www/gpdsgame/vendor/laravel/framework/src/Illuminate/Pipeline/Pipeline.php(209): Illuminate\\Routing\\Middleware\\SubstituteBindings->handle()
#20 /var/www/gpdsgame/vendor/laravel/framework/src/Illuminate/Auth/Middleware/Authenticate.php(64): Illuminate\\Pipeline\\Pipeline->Illuminate\\Pipeline\\{closure}()
#21 /var/www/gpdsgame/vendor/laravel/framework/src/Illuminate/Pipeline/Pipeline.php(209): Illuminate\\Auth\\Middleware\\Authenticate->handle()
#22 /var/www/gpdsgame/vendor/laravel/framework/src/Illuminate/Foundation/Http/Middleware/VerifyCsrfToken.php(88): Illuminate\\Pipeline\\Pipeline->Illuminate\\Pipeline\\{closure}()
#23 /var/www/gpdsgame/vendor/laravel/framework/src/Illuminate/Pipeline/Pipeline.php(209): Illuminate\\Foundation\\Http\\Middleware\\VerifyCsrfToken->handle()
#24 /var/www/gpdsgame/vendor/laravel/framework/src/Illuminate/View/Middleware/ShareErrorsFromSession.php(49): Illuminate\\Pipeline\\Pipeline->Illuminate\\Pipeline\\{closure}()
#25 /var/www/gpdsgame/vendor/laravel/framework/src/Illuminate/Pipeline/Pipeline.php(209): Illuminate\\View\\Middleware\\ShareErrorsFromSession->handle()
#26 /var/www/gpdsgame/vendor/laravel/framework/src/Illuminate/Session/Middleware/StartSession.php(121): Illuminate\\Pipeline\\Pipeline->Illuminate\\Pipeline\\{closure}()
#27 /var/www/gpdsgame/vendor/laravel/framework/src/Illuminate/Session/Middleware/StartSession.php(64): Illuminate\\Session\\Middleware\\StartSession->handleStatefulRequest()
#28 /var/www/gpdsgame/vendor/laravel/framework/src/Illuminate/Pipeline/Pipeline.php(209): Illuminate\\Session\\Middleware\\StartSession->handle()
#29 /var/www/gpdsgame/vendor/laravel/framework/src/Illuminate/Cookie/Middleware/AddQueuedCookiesToResponse.php(37): Illuminate\\Pipeline\\Pipeline->Illuminate\\Pipeline\\{closure}()
#30 /var/www/gpdsgame/vendor/laravel/framework/src/Illuminate/Pipeline/Pipeline.php(209): Illuminate\\Cookie\\Middleware\\AddQueuedCookiesToResponse->handle()
#31 /var/www/gpdsgame/vendor/laravel/framework/src/Illuminate/Cookie/Middleware/EncryptCookies.php(75): Illuminate\\Pipeline\\Pipeline->Illuminate\\Pipeline\\{closure}()
#32 /var/www/gpdsgame/vendor/laravel/framework/src/Illuminate/Pipeline/Pipeline.php(209): Illuminate\\Cookie\\Middleware\\EncryptCookies->handle()
#33 /var/www/gpdsgame/vendor/laravel/framework/src/Illuminate/Pipeline/Pipeline.php(127): Illuminate\\Pipeline\\Pipeline->Illuminate\\Pipeline\\{closure}()
#34 /var/www/gpdsgame/vendor/laravel/framework/src/Illuminate/Routing/Router.php(807): Illuminate\\Pipeline\\Pipeline->then()
#35 /var/www/gpdsgame/vendor/laravel/framework/src/Illuminate/Routing/Router.php(786): Illuminate\\Routing\\Router->runRouteWithinStack()
#36 /var/www/gpdsgame/vendor/laravel/framework/src/Illuminate/Routing/Router.php(750): Illuminate\\Routing\\Router->runRoute()
#37 /var/www/gpdsgame/vendor/laravel/framework/src/Illuminate/Routing/Router.php(739): Illuminate\\Routing\\Router->dispatchToRoute()
#38 /var/www/gpdsgame/vendor/laravel/framework/src/Illuminate/Foundation/Http/Kernel.php(201): Illuminate\\Routing\\Router->dispatch()
#39 /var/www/gpdsgame/vendor/laravel/framework/src/Illuminate/Pipeline/Pipeline.php(170): Illuminate\\Foundation\\Http\\Kernel->Illuminate\\Foundation\\Http\\{closure}()
#40 /var/www/gpdsgame/vendor/laravel/framework/src/Illuminate/Foundation/Http/Middleware/TransformsRequest.php(21): Illuminate\\Pipeline\\Pipeline->Illuminate\\Pipeline\\{closure}()
#41 /var/www/gpdsgame/vendor/laravel/framework/src/Illuminate/Foundation/Http/Middleware/ConvertEmptyStringsToNull.php(31): Illuminate\\Foundation\\Http\\Middleware\\TransformsRequest->handle()
#42 /var/www/gpdsgame/vendor/laravel/framework/src/Illuminate/Pipeline/Pipeline.php(209): Illuminate\\Foundation\\Http\\Middleware\\ConvertEmptyStringsToNull->handle()
#43 /var/www/gpdsgame/vendor/laravel/framework/src/Illuminate/Foundation/Http/Middleware/TransformsRequest.php(21): Illuminate\\Pipeline\\Pipeline->Illuminate\\Pipeline\\{closure}()
#44 /var/www/gpdsgame/vendor/laravel/framework/src/Illuminate/Foundation/Http/Middleware/TrimStrings.php(51): Illuminate\\Foundation\\Http\\Middleware\\TransformsRequest->handle()
#45 /var/www/gpdsgame/vendor/laravel/framework/src/Illuminate/Pipeline/Pipeline.php(209): Illuminate\\Foundation\\Http\\Middleware\\TrimStrings->handle()
#46 /var/www/gpdsgame/vendor/laravel/framework/src/Illuminate/Http/Middleware/ValidatePostSize.php(27): Illuminate\\Pipeline\\Pipeline->Illuminate\\Pipeline\\{closure}()
#47 /var/www/gpdsgame/vendor/laravel/framework/src/Illuminate/Pipeline/Pipeline.php(209): Illuminate\\Http\\Middleware\\ValidatePostSize->handle()
#48 /var/www/gpdsgame/vendor/laravel/framework/src/Illuminate/Foundation/Http/Middleware/PreventRequestsDuringMaintenance.php(110): Illuminate\\Pipeline\\Pipeline->Illuminate\\Pipeline\\{closure}()
#49 /var/www/gpdsgame/vendor/laravel/framework/src/Illuminate/Pipeline/Pipeline.php(209): Illuminate\\Foundation\\Http\\Middleware\\PreventRequestsDuringMaintenance->handle()
#50 /var/www/gpdsgame/vendor/laravel/framework/src/Illuminate/Http/Middleware/HandleCors.php(49): Illuminate\\Pipeline\\Pipeline->Illuminate\\Pipeline\\{closure}()
#51 /var/www/gpdsgame/vendor/laravel/framework/src/Illuminate/Pipeline/Pipeline.php(209): Illuminate\\Http\\Middleware\\HandleCors->handle()
#52 /var/www/gpdsgame/vendor/laravel/framework/src/Illuminate/Http/Middleware/TrustProxies.php(58): Illuminate\\Pipeline\\Pipeline->Illuminate\\Pipeline\\{closure}()
#53 /var/www/gpdsgame/vendor/laravel/framework/src/Illuminate/Pipeline/Pipeline.php(209): Illuminate\\Http\\Middleware\\TrustProxies->handle()
#54 /var/www/gpdsgame/vendor/laravel/framework/src/Illuminate/Foundation/Http/Middleware/InvokeDeferredCallbacks.php(22): Illuminate\\Pipeline\\Pipeline->Illuminate\\Pipeline\\{closure}()
#55 /var/www/gpdsgame/vendor/laravel/framework/src/Illuminate/Pipeline/Pipeline.php(209): Illuminate\\Foundation\\Http\\Middleware\\InvokeDeferredCallbacks->handle()
#56 /var/www/gpdsgame/app/Http/Middleware/CheckBanned.php(23): Illuminate\\Pipeline\\Pipeline->Illuminate\\Pipeline\\{closure}()
#57 /var/www/gpdsgame/vendor/laravel/framework/src/Illuminate/Pipeline/Pipeline.php(209): App\\Http\\Middleware\\CheckBanned->handle()
#58 /var/www/gpdsgame/app/Http/Middleware/CheckBannedIp.php(24): Illuminate\\Pipeline\\Pipeline->Illuminate\\Pipeline\\{closure}()
#59 /var/www/gpdsgame/vendor/laravel/framework/src/Illuminate/Pipeline/Pipeline.php(209): App\\Http\\Middleware\\CheckBannedIp->handle()
#60 /var/www/gpdsgame/vendor/laravel/framework/src/Illuminate/Pipeline/Pipeline.php(127): Illuminate\\Pipeline\\Pipeline->Illuminate\\Pipeline\\{closure}()
#61 /var/www/gpdsgame/vendor/laravel/framework/src/Illuminate/Foundation/Http/Kernel.php(176): Illuminate\\Pipeline\\Pipeline->then()
#62 /var/www/gpdsgame/vendor/laravel/framework/src/Illuminate/Foundation/Http/Kernel.php(145): Illuminate\\Foundation\\Http\\Kernel->sendRequestThroughRouter()
#63 /var/www/gpdsgame/public/index.php(57): Illuminate\\Foundation\\Http\\Kernel->handle()
#64 {main}
"} 
[2026-01-20 05:16:27] production.ERROR: Cannot end a push stack without first starting one. (View: /var/www/gpdsgame/resources/views/ecommerce/products/form.blade.php) {"userId":3364,"exception":"[object] (Illuminate\\View\\ViewException(code: 0): Cannot end a push stack without first starting one. (View: /var/www/gpdsgame/resources/views/ecommerce/products/form.blade.php) at /var/www/gpdsgame/vendor/laravel/framework/src/Illuminate/View/Concerns/ManagesStacks.php:58)
[stacktrace]
#0 /var/www/gpdsgame/vendor/laravel/framework/src/Illuminate/View/Engines/PhpEngine.php(60): Illuminate\\View\\Engines\\CompilerEngine->handleViewException()
#1 /var/www/gpdsgame/vendor/laravel/framework/src/Illuminate/View/Engines/CompilerEngine.php(75): Illuminate\\View\\Engines\\PhpEngine->evaluatePath()
#2 /var/www/gpdsgame/vendor/laravel/framework/src/Illuminate/View/View.php(209): Illuminate\\View\\Engines\\CompilerEngine->get()
#3 /var/www/gpdsgame/vendor/laravel/framework/src/Illuminate/View/View.php(192): Illuminate\\View\\View->getContents()
#4 /var/www/gpdsgame/vendor/laravel/framework/src/Illuminate/View/View.php(161): Illuminate\\View\\View->renderContents()
#5 /var/www/gpdsgame/vendor/laravel/framework/src/Illuminate/Http/Response.php(79): Illuminate\\View\\View->render()
#6 /var/www/gpdsgame/vendor/laravel/framework/src/Illuminate/Http/Response.php(35): Illuminate\\Http\\Response->setContent()
#7 /var/www/gpdsgame/vendor/laravel/framework/src/Illuminate/Routing/Router.php(920): Illuminate\\Http\\Response->__construct()
#8 /var/www/gpdsgame/vendor/laravel/framework/src/Illuminate/Routing/Router.php(887): Illuminate\\Routing\\Router::toResponse()
#9 /var/www/gpdsgame/vendor/laravel/framework/src/Illuminate/Routing/Router.php(807): Illuminate\\Routing\\Router->prepareResponse()
#10 /var/www/gpdsgame/vendor/laravel/framework/src/Illuminate/Pipeline/Pipeline.php(170): Illuminate\\Routing\\Router->Illuminate\\Routing\\{closure}()
#11 /var/www/gpdsgame/vendor/spatie/laravel-permission/src/Middleware/PermissionMiddleware.php(37): Illuminate\\Pipeline\\Pipeline->Illuminate\\Pipeline\\{closure}()
#12 /var/www/gpdsgame/vendor/laravel/framework/src/Illuminate/Pipeline/Pipeline.php(209): Spatie\\Permission\\Middleware\\PermissionMiddleware->handle()
#13 /var/www/gpdsgame/app/Http/Middleware/EnsureNotCustomer.php(32): Illuminate\\Pipeline\\Pipeline->Illuminate\\Pipeline\\{closure}()
#14 /var/www/gpdsgame/vendor/laravel/framework/src/Illuminate/Pipeline/Pipeline.php(209): App\\Http\\Middleware\\EnsureNotCustomer->handle()
#15 /var/www/gpdsgame/vendor/laravel/framework/src/Illuminate/Routing/Middleware/SubstituteBindings.php(51): Illuminate\\Pipeline\\Pipeline->Illuminate\\Pipeline\\{closure}()
#16 /var/www/gpdsgame/vendor/laravel/framework/src/Illuminate/Pipeline/Pipeline.php(209): Illuminate\\Routing\\Middleware\\SubstituteBindings->handle()
#17 /var/www/gpdsgame/vendor/laravel/framework/src/Illuminate/Auth/Middleware/Authenticate.php(64): Illuminate\\Pipeline\\Pipeline->Illuminate\\Pipeline\\{closure}()
#18 /var/www/gpdsgame/vendor/laravel/framework/src/Illuminate/Pipeline/Pipeline.php(209): Illuminate\\Auth\\Middleware\\Authenticate->handle()
#19 /var/www/gpdsgame/vendor/laravel/framework/src/Illuminate/Foundation/Http/Middleware/VerifyCsrfToken.php(88): Illuminate\\Pipeline\\Pipeline->Illuminate\\Pipeline\\{closure}()
#20 /var/www/gpdsgame/vendor/laravel/framework/src/Illuminate/Pipeline/Pipeline.php(209): Illuminate\\Foundation\\Http\\Middleware\\VerifyCsrfToken->handle()
#21 /var/www/gpdsgame/vendor/laravel/framework/src/Illuminate/View/Middleware/ShareErrorsFromSession.php(49): Illuminate\\Pipeline\\Pipeline->Illuminate\\Pipeline\\{closure}()
#22 /var/www/gpdsgame/vendor/laravel/framework/src/Illuminate/Pipeline/Pipeline.php(209): Illuminate\\View\\Middleware\\ShareErrorsFromSession->handle()
#23 /var/www/gpdsgame/vendor/laravel/framework/src/Illuminate/Session/Middleware/StartSession.php(121): Illuminate\\Pipeline\\Pipeline->Illuminate\\Pipeline\\{closure}()
#24 /var/www/gpdsgame/vendor/laravel/framework/src/Illuminate/Session/Middleware/StartSession.php(64): Illuminate\\Session\\Middleware\\StartSession->handleStatefulRequest()
#25 /var/www/gpdsgame/vendor/laravel/framework/src/Illuminate/Pipeline/Pipeline.php(209): Illuminate\\Session\\Middleware\\StartSession->handle()
#26 /var/www/gpdsgame/vendor/laravel/framework/src/Illuminate/Cookie/Middleware/AddQueuedCookiesToResponse.php(37): Illuminate\\Pipeline\\Pipeline->Illuminate\\Pipeline\\{closure}()
#27 /var/www/gpdsgame/vendor/laravel/framework/src/Illuminate/Pipeline/Pipeline.php(209): Illuminate\\Cookie\\Middleware\\AddQueuedCookiesToResponse->handle()
#28 /var/www/gpdsgame/vendor/laravel/framework/src/Illuminate/Cookie/Middleware/EncryptCookies.php(75): Illuminate\\Pipeline\\Pipeline->Illuminate\\Pipeline\\{closure}()
#29 /var/www/gpdsgame/vendor/laravel/framework/src/Illuminate/Pipeline/Pipeline.php(209): Illuminate\\Cookie\\Middleware\\EncryptCookies->handle()
#30 /var/www/gpdsgame/vendor/laravel/framework/src/Illuminate/Pipeline/Pipeline.php(127): Illuminate\\Pipeline\\Pipeline->Illuminate\\Pipeline\\{closure}()
#31 /var/www/gpdsgame/vendor/laravel/framework/src/Illuminate/Routing/Router.php(807): Illuminate\\Pipeline\\Pipeline->then()
#32 /var/www/gpdsgame/vendor/laravel/framework/src/Illuminate/Routing/Router.php(786): Illuminate\\Routing\\Router->runRouteWithinStack()
#33 /var/www/gpdsgame/vendor/laravel/framework/src/Illuminate/Routing/Router.php(750): Illuminate\\Routing\\Router->runRoute()
#34 /var/www/gpdsgame/vendor/laravel/framework/src/Illuminate/Routing/Router.php(739): Illuminate\\Routing\\Router->dispatchToRoute()
#35 /var/www/gpdsgame/vendor/laravel/framework/src/Illuminate/Foundation/Http/Kernel.php(201): Illuminate\\Routing\\Router->dispatch()
#36 /var/www/gpdsgame/vendor/laravel/framework/src/Illuminate/Pipeline/Pipeline.php(170): Illuminate\\Foundation\\Http\\Kernel->Illuminate\\Foundation\\Http\\{closure}()
#37 /var/www/gpdsgame/vendor/laravel/framework/src/Illuminate/Foundation/Http/Middleware/TransformsRequest.php(21): Illuminate\\Pipeline\\Pipeline->Illuminate\\Pipeline\\{closure}()
#38 /var/www/gpdsgame/vendor/laravel/framework/src/Illuminate/Foundation/Http/Middleware/ConvertEmptyStringsToNull.php(31): Illuminate\\Foundation\\Http\\Middleware\\TransformsRequest->handle()
#39 /var/www/gpdsgame/vendor/laravel/framework/src/Illuminate/Pipeline/Pipeline.php(209): Illuminate\\Foundation\\Http\\Middleware\\ConvertEmptyStringsToNull->handle()
#40 /var/www/gpdsgame/vendor/laravel/framework/src/Illuminate/Foundation/Http/Middleware/TransformsRequest.php(21): Illuminate\\Pipeline\\Pipeline->Illuminate\\Pipeline\\{closure}()
#41 /var/www/gpdsgame/vendor/laravel/framework/src/Illuminate/Foundation/Http/Middleware/TrimStrings.php(51): Illuminate\\Foundation\\Http\\Middleware\\TransformsRequest->handle()
#42 /var/www/gpdsgame/vendor/laravel/framework/src/Illuminate/Pipeline/Pipeline.php(209): Illuminate\\Foundation\\Http\\Middleware\\TrimStrings->handle()
#43 /var/www/gpdsgame/vendor/laravel/framework/src/Illuminate/Http/Middleware/ValidatePostSize.php(27): Illuminate\\Pipeline\\Pipeline->Illuminate\\Pipeline\\{closure}()
#44 /var/www/gpdsgame/vendor/laravel/framework/src/Illuminate/Pipeline/Pipeline.php(209): Illuminate\\Http\\Middleware\\ValidatePostSize->handle()
#45 /var/www/gpdsgame/vendor/laravel/framework/src/Illuminate/Foundation/Http/Middleware/PreventRequestsDuringMaintenance.php(110): Illuminate\\Pipeline\\Pipeline->Illuminate\\Pipeline\\{closure}()
#46 /var/www/gpdsgame/vendor/laravel/framework/src/Illuminate/Pipeline/Pipeline.php(209): Illuminate\\Foundation\\Http\\Middleware\\PreventRequestsDuringMaintenance->handle()
#47 /var/www/gpdsgame/vendor/laravel/framework/src/Illuminate/Http/Middleware/HandleCors.php(49): Illuminate\\Pipeline\\Pipeline->Illuminate\\Pipeline\\{closure}()
#48 /var/www/gpdsgame/vendor/laravel/framework/src/Illuminate/Pipeline/Pipeline.php(209): Illuminate\\Http\\Middleware\\HandleCors->handle()
#49 /var/www/gpdsgame/vendor/laravel/framework/src/Illuminate/Http/Middleware/TrustProxies.php(58): Illuminate\\Pipeline\\Pipeline->Illuminate\\Pipeline\\{closure}()
#50 /var/www/gpdsgame/vendor/laravel/framework/src/Illuminate/Pipeline/Pipeline.php(209): Illuminate\\Http\\Middleware\\TrustProxies->handle()
#51 /var/www/gpdsgame/vendor/laravel/framework/src/Illuminate/Foundation/Http/Middleware/InvokeDeferredCallbacks.php(22): Illuminate\\Pipeline\\Pipeline->Illuminate\\Pipeline\\{closure}()
#52 /var/www/gpdsgame/vendor/laravel/framework/src/Illuminate/Pipeline/Pipeline.php(209): Illuminate\\Foundation\\Http\\Middleware\\InvokeDeferredCallbacks->handle()
#53 /var/www/gpdsgame/app/Http/Middleware/CheckBanned.php(23): Illuminate\\Pipeline\\Pipeline->Illuminate\\Pipeline\\{closure}()
#54 /var/www/gpdsgame/vendor/laravel/framework/src/Illuminate/Pipeline/Pipeline.php(209): App\\Http\\Middleware\\CheckBanned->handle()
#55 /var/www/gpdsgame/app/Http/Middleware/CheckBannedIp.php(24): Illuminate\\Pipeline\\Pipeline->Illuminate\\Pipeline\\{closure}()
#56 /var/www/gpdsgame/vendor/laravel/framework/src/Illuminate/Pipeline/Pipeline.php(209): App\\Http\\Middleware\\CheckBannedIp->handle()
#57 /var/www/gpdsgame/vendor/laravel/framework/src/Illuminate/Pipeline/Pipeline.php(127): Illuminate\\Pipeline\\Pipeline->Illuminate\\Pipeline\\{closure}()
#58 /var/www/gpdsgame/vendor/laravel/framework/src/Illuminate/Foundation/Http/Kernel.php(176): Illuminate\\Pipeline\\Pipeline->then()
#59 /var/www/gpdsgame/vendor/laravel/framework/src/Illuminate/Foundation/Http/Kernel.php(145): Illuminate\\Foundation\\Http\\Kernel->sendRequestThroughRouter()
#60 /var/www/gpdsgame/public/index.php(57): Illuminate\\Foundation\\Http\\Kernel->handle()
#61 {main}

[previous exception] [object] (InvalidArgumentException(code: 0): Cannot end a push stack without first starting one. at /var/www/gpdsgame/vendor/laravel/framework/src/Illuminate/View/Concerns/ManagesStacks.php:58)
[stacktrace]
#0 /var/www/gpdsgame/storage/framework/views/dcbd2adc95091367420482226ec3e4ac.php(601): Illuminate\\View\\Factory->stopPush()
#1 /var/www/gpdsgame/vendor/laravel/framework/src/Illuminate/Filesystem/Filesystem.php(123): require('...')
#2 /var/www/gpdsgame/vendor/laravel/framework/src/Illuminate/Filesystem/Filesystem.php(124): Illuminate\\Filesystem\\Filesystem::Illuminate\\Filesystem\\{closure}()
#3 /var/www/gpdsgame/vendor/laravel/framework/src/Illuminate/View/Engines/PhpEngine.php(58): Illuminate\\Filesystem\\Filesystem->getRequire()
#4 /var/www/gpdsgame/vendor/laravel/framework/src/Illuminate/View/Engines/CompilerEngine.php(75): Illuminate\\View\\Engines\\PhpEngine->evaluatePath()
#5 /var/www/gpdsgame/vendor/laravel/framework/src/Illuminate/View/View.php(209): Illuminate\\View\\Engines\\CompilerEngine->get()
#6 /var/www/gpdsgame/vendor/laravel/framework/src/Illuminate/View/View.php(192): Illuminate\\View\\View->getContents()
#7 /var/www/gpdsgame/vendor/laravel/framework/src/Illuminate/View/View.php(161): Illuminate\\View\\View->renderContents()
#8 /var/www/gpdsgame/vendor/laravel/framework/src/Illuminate/Http/Response.php(79): Illuminate\\View\\View->render()
#9 /var/www/gpdsgame/vendor/laravel/framework/src/Illuminate/Http/Response.php(35): Illuminate\\Http\\Response->setContent()
#10 /var/www/gpdsgame/vendor/laravel/framework/src/Illuminate/Routing/Router.php(920): Illuminate\\Http\\Response->__construct()
#11 /var/www/gpdsgame/vendor/laravel/framework/src/Illuminate/Routing/Router.php(887): Illuminate\\Routing\\Router::toResponse()
#12 /var/www/gpdsgame/vendor/laravel/framework/src/Illuminate/Routing/Router.php(807): Illuminate\\Routing\\Router->prepareResponse()
#13 /var/www/gpdsgame/vendor/laravel/framework/src/Illuminate/Pipeline/Pipeline.php(170): Illuminate\\Routing\\Router->Illuminate\\Routing\\{closure}()
#14 /var/www/gpdsgame/vendor/spatie/laravel-permission/src/Middleware/PermissionMiddleware.php(37): Illuminate\\Pipeline\\Pipeline->Illuminate\\Pipeline\\{closure}()
#15 /var/www/gpdsgame/vendor/laravel/framework/src/Illuminate/Pipeline/Pipeline.php(209): Spatie\\Permission\\Middleware\\PermissionMiddleware->handle()
#16 /var/www/gpdsgame/app/Http/Middleware/EnsureNotCustomer.php(32): Illuminate\\Pipeline\\Pipeline->Illuminate\\Pipeline\\{closure}()
#17 /var/www/gpdsgame/vendor/laravel/framework/src/Illuminate/Pipeline/Pipeline.php(209): App\\Http\\Middleware\\EnsureNotCustomer->handle()
#18 /var/www/gpdsgame/vendor/laravel/framework/src/Illuminate/Routing/Middleware/SubstituteBindings.php(51): Illuminate\\Pipeline\\Pipeline->Illuminate\\Pipeline\\{closure}()
#19 /var/www/gpdsgame/vendor/laravel/framework/src/Illuminate/Pipeline/Pipeline.php(209): Illuminate\\Routing\\Middleware\\SubstituteBindings->handle()
#20 /var/www/gpdsgame/vendor/laravel/framework/src/Illuminate/Auth/Middleware/Authenticate.php(64): Illuminate\\Pipeline\\Pipeline->Illuminate\\Pipeline\\{closure}()
#21 /var/www/gpdsgame/vendor/laravel/framework/src/Illuminate/Pipeline/Pipeline.php(209): Illuminate\\Auth\\Middleware\\Authenticate->handle()
#22 /var/www/gpdsgame/vendor/laravel/framework/src/Illuminate/Foundation/Http/Middleware/VerifyCsrfToken.php(88): Illuminate\\Pipeline\\Pipeline->Illuminate\\Pipeline\\{closure}()
#23 /var/www/gpdsgame/vendor/laravel/framework/src/Illuminate/Pipeline/Pipeline.php(209): Illuminate\\Foundation\\Http\\Middleware\\VerifyCsrfToken->handle()
#24 /var/www/gpdsgame/vendor/laravel/framework/src/Illuminate/View/Middleware/ShareErrorsFromSession.php(49): Illuminate\\Pipeline\\Pipeline->Illuminate\\Pipeline\\{closure}()
#25 /var/www/gpdsgame/vendor/laravel/framework/src/Illuminate/Pipeline/Pipeline.php(209): Illuminate\\View\\Middleware\\ShareErrorsFromSession->handle()
#26 /var/www/gpdsgame/vendor/laravel/framework/src/Illuminate/Session/Middleware/StartSession.php(121): Illuminate\\Pipeline\\Pipeline->Illuminate\\Pipeline\\{closure}()
#27 /var/www/gpdsgame/vendor/laravel/framework/src/Illuminate/Session/Middleware/StartSession.php(64): Illuminate\\Session\\Middleware\\StartSession->handleStatefulRequest()
#28 /var/www/gpdsgame/vendor/laravel/framework/src/Illuminate/Pipeline/Pipeline.php(209): Illuminate\\Session\\Middleware\\StartSession->handle()
#29 /var/www/gpdsgame/vendor/laravel/framework/src/Illuminate/Cookie/Middleware/AddQueuedCookiesToResponse.php(37): Illuminate\\Pipeline\\Pipeline->Illuminate\\Pipeline\\{closure}()
#30 /var/www/gpdsgame/vendor/laravel/framework/src/Illuminate/Pipeline/Pipeline.php(209): Illuminate\\Cookie\\Middleware\\AddQueuedCookiesToResponse->handle()
#31 /var/www/gpdsgame/vendor/laravel/framework/src/Illuminate/Cookie/Middleware/EncryptCookies.php(75): Illuminate\\Pipeline\\Pipeline->Illuminate\\Pipeline\\{closure}()
#32 /var/www/gpdsgame/vendor/laravel/framework/src/Illuminate/Pipeline/Pipeline.php(209): Illuminate\\Cookie\\Middleware\\EncryptCookies->handle()
#33 /var/www/gpdsgame/vendor/laravel/framework/src/Illuminate/Pipeline/Pipeline.php(127): Illuminate\\Pipeline\\Pipeline->Illuminate\\Pipeline\\{closure}()
#34 /var/www/gpdsgame/vendor/laravel/framework/src/Illuminate/Routing/Router.php(807): Illuminate\\Pipeline\\Pipeline->then()
#35 /var/www/gpdsgame/vendor/laravel/framework/src/Illuminate/Routing/Router.php(786): Illuminate\\Routing\\Router->runRouteWithinStack()
#36 /var/www/gpdsgame/vendor/laravel/framework/src/Illuminate/Routing/Router.php(750): Illuminate\\Routing\\Router->runRoute()
#37 /var/www/gpdsgame/vendor/laravel/framework/src/Illuminate/Routing/Router.php(739): Illuminate\\Routing\\Router->dispatchToRoute()
#38 /var/www/gpdsgame/vendor/laravel/framework/src/Illuminate/Foundation/Http/Kernel.php(201): Illuminate\\Routing\\Router->dispatch()
#39 /var/www/gpdsgame/vendor/laravel/framework/src/Illuminate/Pipeline/Pipeline.php(170): Illuminate\\Foundation\\Http\\Kernel->Illuminate\\Foundation\\Http\\{closure}()
#40 /var/www/gpdsgame/vendor/laravel/framework/src/Illuminate/Foundation/Http/Middleware/TransformsRequest.php(21): Illuminate\\Pipeline\\Pipeline->Illuminate\\Pipeline\\{closure}()
#41 /var/www/gpdsgame/vendor/laravel/framework/src/Illuminate/Foundation/Http/Middleware/ConvertEmptyStringsToNull.php(31): Illuminate\\Foundation\\Http\\Middleware\\TransformsRequest->handle()
#42 /var/www/gpdsgame/vendor/laravel/framework/src/Illuminate/Pipeline/Pipeline.php(209): Illuminate\\Foundation\\Http\\Middleware\\ConvertEmptyStringsToNull->handle()
#43 /var/www/gpdsgame/vendor/laravel/framework/src/Illuminate/Foundation/Http/Middleware/TransformsRequest.php(21): Illuminate\\Pipeline\\Pipeline->Illuminate\\Pipeline\\{closure}()
#44 /var/www/gpdsgame/vendor/laravel/framework/src/Illuminate/Foundation/Http/Middleware/TrimStrings.php(51): Illuminate\\Foundation\\Http\\Middleware\\TransformsRequest->handle()
#45 /var/www/gpdsgame/vendor/laravel/framework/src/Illuminate/Pipeline/Pipeline.php(209): Illuminate\\Foundation\\Http\\Middleware\\TrimStrings->handle()
#46 /var/www/gpdsgame/vendor/laravel/framework/src/Illuminate/Http/Middleware/ValidatePostSize.php(27): Illuminate\\Pipeline\\Pipeline->Illuminate\\Pipeline\\{closure}()
#47 /var/www/gpdsgame/vendor/laravel/framework/src/Illuminate/Pipeline/Pipeline.php(209): Illuminate\\Http\\Middleware\\ValidatePostSize->handle()
#48 /var/www/gpdsgame/vendor/laravel/framework/src/Illuminate/Foundation/Http/Middleware/PreventRequestsDuringMaintenance.php(110): Illuminate\\Pipeline\\Pipeline->Illuminate\\Pipeline\\{closure}()
#49 /var/www/gpdsgame/vendor/laravel/framework/src/Illuminate/Pipeline/Pipeline.php(209): Illuminate\\Foundation\\Http\\Middleware\\PreventRequestsDuringMaintenance->handle()
#50 /var/www/gpdsgame/vendor/laravel/framework/src/Illuminate/Http/Middleware/HandleCors.php(49): Illuminate\\Pipeline\\Pipeline->Illuminate\\Pipeline\\{closure}()
#51 /var/www/gpdsgame/vendor/laravel/framework/src/Illuminate/Pipeline/Pipeline.php(209): Illuminate\\Http\\Middleware\\HandleCors->handle()
#52 /var/www/gpdsgame/vendor/laravel/framework/src/Illuminate/Http/Middleware/TrustProxies.php(58): Illuminate\\Pipeline\\Pipeline->Illuminate\\Pipeline\\{closure}()
#53 /var/www/gpdsgame/vendor/laravel/framework/src/Illuminate/Pipeline/Pipeline.php(209): Illuminate\\Http\\Middleware\\TrustProxies->handle()
#54 /var/www/gpdsgame/vendor/laravel/framework/src/Illuminate/Foundation/Http/Middleware/InvokeDeferredCallbacks.php(22): Illuminate\\Pipeline\\Pipeline->Illuminate\\Pipeline\\{closure}()
#55 /var/www/gpdsgame/vendor/laravel/framework/src/Illuminate/Pipeline/Pipeline.php(209): Illuminate\\Foundation\\Http\\Middleware\\InvokeDeferredCallbacks->handle()
#56 /var/www/gpdsgame/app/Http/Middleware/CheckBanned.php(23): Illuminate\\Pipeline\\Pipeline->Illuminate\\Pipeline\\{closure}()
#57 /var/www/gpdsgame/vendor/laravel/framework/src/Illuminate/Pipeline/Pipeline.php(209): App\\Http\\Middleware\\CheckBanned->handle()
#58 /var/www/gpdsgame/app/Http/Middleware/CheckBannedIp.php(24): Illuminate\\Pipeline\\Pipeline->Illuminate\\Pipeline\\{closure}()
#59 /var/www/gpdsgame/vendor/laravel/framework/src/Illuminate/Pipeline/Pipeline.php(209): App\\Http\\Middleware\\CheckBannedIp->handle()
#60 /var/www/gpdsgame/vendor/laravel/framework/src/Illuminate/Pipeline/Pipeline.php(127): Illuminate\\Pipeline\\Pipeline->Illuminate\\Pipeline\\{closure}()
#61 /var/www/gpdsgame/vendor/laravel/framework/src/Illuminate/Foundation/Http/Kernel.php(176): Illuminate\\Pipeline\\Pipeline->then()
#62 /var/www/gpdsgame/vendor/laravel/framework/src/Illuminate/Foundation/Http/Kernel.php(145): Illuminate\\Foundation\\Http\\Kernel->sendRequestThroughRouter()
#63 /var/www/gpdsgame/public/index.php(57): Illuminate\\Foundation\\Http\\Kernel->handle()
#64 {main}
"} 
